pelvis_lin_vel_x,pelvis_lin_vel_y,pelvis_lin_vel_z,torso_lin_vel_x,torso_lin_vel_y,torso_lin_vel_z,head_lin_vel_x,head_lin_vel_y,head_lin_vel_z,right_upper_arm_lin_vel_x,right_upper_arm_lin_vel_y,right_upper_arm_lin_vel_z,right_lower_arm_lin_vel_x,right_lower_arm_lin_vel_y,right_lower_arm_lin_vel_z,right_hand_lin_vel_x,right_hand_lin_vel_y,right_hand_lin_vel_z,left_upper_arm_lin_vel_x,left_upper_arm_lin_vel_y,left_upper_arm_lin_vel_z,left_lower_arm_lin_vel_x,left_lower_arm_lin_vel_y,left_lower_arm_lin_vel_z,left_hand_lin_vel_x,left_hand_lin_vel_y,left_hand_lin_vel_z,right_thigh_lin_vel_x,right_thigh_lin_vel_y,right_thigh_lin_vel_z,right_shin_lin_vel_x,right_shin_lin_vel_y,right_shin_lin_vel_z,right_foot_lin_vel_x,right_foot_lin_vel_y,right_foot_lin_vel_z,left_thigh_lin_vel_x,left_thigh_lin_vel_y,left_thigh_lin_vel_z,left_shin_lin_vel_x,left_shin_lin_vel_y,left_shin_lin_vel_z,left_foot_lin_vel_x,left_foot_lin_vel_y,left_foot_lin_vel_z
0.64754635,0.07875364,-0.042230174,0.66767496,0.08916969,-0.04610227,0.694159,0.11242651,-0.04623143,0.6845825,0.11424877,-0.025217656,0.8487875,0.05031117,0.05692733,0.942789,0.0648295,0.31751856,0.7084269,0.11771033,-0.061042868,0.5108924,0.042125072,0.042816315,0.23402457,0.08546563,0.12067513,0.62156516,0.08327785,-0.03377944,0.24510315,0.045060616,0.0425117,0.06674445,-0.032202072,0.14331667,0.6735279,0.07422917,-0.050680913,0.5248515,0.124609485,-0.12920094,1.0942261,0.06407699,0.059742507
0.97746253,0.11904174,-0.064075686,1.0007598,0.13563061,-0.068933666,1.0336033,0.17538989,-0.06865941,1.0273265,0.17796081,-0.033858873,1.2421737,0.080781855,0.0768209,1.3724184,0.097283475,0.44576013,1.045804,0.18219775,-0.09557914,0.7662073,0.07569818,0.053992543,0.36254284,0.13472359,0.17244543,0.9422695,0.12529804,-0.051971138,0.38921198,0.07252635,0.065589555,0.11554684,-0.046322603,0.22443448,1.0126561,0.1127851,-0.07618023,0.87060046,0.1595454,-0.15116444,1.520165,0.08731963,0.06207329
1.278579,0.15496324,-0.08347921,1.2976081,0.17453109,-0.08797644,1.3281763,0.23317331,-0.08689086,1.3328661,0.23625454,-0.037132442,1.5547494,0.10838986,0.083364226,1.7042847,0.11977247,0.51920176,1.3292046,0.24008103,-0.12892441,0.9986639,0.113585465,0.051958334,0.49645078,0.18065067,0.20816104,1.2402873,0.1618719,-0.07013912,0.55294365,0.09954264,0.084826276,0.17939343,-0.059530325,0.3110875,1.3168713,0.14805426,-0.09681931,1.257763,0.16167426,-0.12745526,1.7555355,0.09546222,0.032958932
1.5014911,0.17890681,-0.09486541,1.5095966,0.19129157,-0.097274125,1.5276127,0.26715314,-0.09512382,1.5488657,0.27046028,-0.032519866,1.7210156,0.1202997,0.071919195,1.8657602,0.11705375,0.5082077,1.5101026,0.27253437,-0.15239528,1.1796458,0.14200634,0.0332664,0.6322389,0.20653231,0.21585518,1.4688417,0.18469104,-0.08552567,0.73424006,0.11783184,0.091385186,0.25889865,-0.07339104,0.3971121,1.5341411,0.17312235,-0.10420515,1.6138892,0.12869857,-0.05976319,1.7254865,0.081761435,-0.025463415
1.6423447,0.18906173,-0.093921386,1.6381588,0.17763546,-0.09292103,1.6359874,0.26600534,-0.08975907,1.6735872,0.26946777,-0.018470936,1.7492985,0.10753045,0.04756618,1.8691801,0.08007981,0.42046824,1.5987707,0.2689737,-0.1597873,1.3212259,0.14835209,7.935464e-05,0.78923064,0.1990317,0.1903687,1.6227194,0.19194281,-0.09564246,0.9436026,0.12219861,0.07906913,0.36009383,-0.09049752,0.48281145,1.6619705,0.18618058,-0.09220031,1.878527,0.079305604,0.02791528,1.4925327,0.050283052,-0.0894103
1.7248433,0.18859331,-0.078356214,1.7123204,0.13571818,-0.07354012,1.6870389,0.2320265,-0.06967245,1.7351263,0.23591271,0.006791365,1.6888684,0.07244353,0.02160785,1.7733706,0.013071315,0.2875757,1.6353526,0.23289083,-0.14958717,1.4528694,0.1315404,-0.043052826,0.99451935,0.15665317,0.12997606,1.721237,0.18755408,-0.0976388,1.1925439,0.113904685,0.046676006,0.49490464,-0.10988783,0.56967926,1.7284493,0.18963261,-0.05907362,2.028616,0.038506947,0.10979126,1.1893669,0.012881988,-0.12692977
1.7711653,0.18251354,-0.04953931,1.7546769,0.077673346,-0.04131918,1.7083824,0.17986241,-0.037173808,1.7583654,0.18468383,0.043357812,1.5827203,0.02952108,0.0034488628,1.6287942,-0.06560811,0.1399369,1.6510513,0.17993739,-0.12540546,1.5887774,0.10404892,-0.09068285,1.2538927,0.095103055,0.038603444,1.7816751,0.17771287,-0.089616306,1.481665,0.0990976,-0.0029379204,0.674838,-0.12636393,0.6555729,1.7606546,0.18731435,-0.009462306,2.0743792,0.021408161,0.17050157,0.9190824,-0.020142555,-0.12100949
1.7902542,0.17530625,-0.013236317,1.7691866,0.020717494,-0.0023661477,1.7090347,0.12837553,0.0015643111,1.7519261,0.13464172,0.0865246,1.4506716,-0.0019392195,-0.0048532663,1.4575564,-0.1308599,-0.0072028763,1.656169,0.12949726,-0.09384172,1.7182268,0.083387725,-0.13504317,1.5375025,0.04334668,-0.068022184,1.80969,0.16795856,-0.07259934,1.7975783,0.08420389,-0.06413564,0.90213567,-0.13396464,0.73528075,1.7708179,0.18265414,0.046126705,2.0354354,0.027944505,0.20093782,0.71052194,-0.047016915,-0.08230405
1.7834585,0.17013428,0.023661045,1.7515703,-0.020334115,0.03643356,1.6888548,0.090954624,0.039633878,1.7158514,0.0989171,0.12819797,1.3003439,-0.007853891,-0.0066440813,1.2658472,-0.1631763,-0.15048553,1.6511084,0.09502934,-0.059842978,1.8224404,0.081206016,-0.16637501,1.7996476,0.02844277,-0.16514786,1.8056706,0.16197401,-0.04949323,2.1158597,0.07327987,-0.12682916,1.1663083,-0.12808575,0.8034618,1.7612458,0.1782947,0.096815325,1.9258096,0.04711373,0.1947208,0.54225713,-0.0721894,-0.038574517
1.7535475,0.16880976,0.058265653,1.7037078,-0.038983583,0.07218587,1.6506716,0.07037174,0.07426028,1.6533959,0.0798735,0.16243027,1.141591,0.01456761,-0.004523015,1.0608587,-0.15765838,-0.2880999,1.6384393,0.07898837,-0.02292236,1.8961791,0.09828582,-0.17678519,2.0146704,0.059215963,-0.23201527,1.7731767,0.16146766,-0.021674119,2.4067316,0.06831262,-0.17475837,1.4488772,-0.10454509,0.85521376,1.7339182,0.17615196,0.13820542,1.7578868,0.06441819,0.1535471,0.39002308,-0.09839599,-0.011508355
1.7080063,0.1716908,0.092619635,1.6374829,-0.03745023,0.106809504,1.6028571,0.060913626,0.10766554,1.574776,0.07139681,0.18835244,0.9896076,0.057630844,0.0024707634,0.8551199,-0.123048164,-0.41525313,1.6241069,0.074909225,0.021442968,1.9515938,0.12688808,-0.16399828,2.1908038,0.12330569,-0.2617823,1.7211608,0.16629362,0.012006318,2.6441822,0.069443844,-0.18987836,1.7316585,-0.059735056,0.88390434,1.6948515,0.17708807,0.17323294,1.5503048,0.06890523,0.09028313,0.24991979,-0.12289353,-0.004513941
1.6565619,0.17746294,0.12912649,1.5685117,-0.022115326,0.14266555,1.5543299,0.05496864,0.14258134,1.4929885,0.06562136,0.20737365,0.8588999,0.10889402,0.015859924,0.66047686,-0.07317778,-0.52773225,1.6118704,0.07401966,0.07594738,2.004871,0.15684773,-0.13197541,2.3527982,0.19897255,-0.26018184,1.66091,0.17453235,0.05222603,2.8160605,0.074602,-0.161676,2.0031822,0.0059798607,0.87926525,1.6522135,0.18039364,0.20602694,1.3271393,0.057546783,0.022354944,0.13023415,-0.14040586,-0.009168052
1.607135,0.18331759,0.1658647,1.5089588,0.001246844,0.1779959,1.5102404,0.04829916,0.17751136,1.4184273,0.05827965,0.21891667,0.7573733,0.1573739,0.033631366,0.48229423,-0.019591536,-0.6259383,1.6005309,0.07085928,0.13683058,2.0639536,0.18092272,-0.0890565,2.5190198,0.2688383,-0.23814154,1.6022328,0.18280882,0.09595394,2.927888,0.08096841,-0.09296116,2.2607064,0.08499928,0.8289187,1.6120375,0.18382649,0.23577549,1.1115766,0.034970302,-0.037354175,0.0369778,-0.14693145,-0.017080186
1.5639374,0.18586819,0.19661488,1.4651564,0.028788215,0.20685141,1.4724089,0.04091156,0.20654678,1.3570743,0.049599506,0.21995795,0.68600976,0.19702157,0.050311297,0.31972548,0.030320866,-0.7132022,1.5870451,0.064701624,0.19450235,2.128526,0.1968887,-0.04515679,2.694857,0.3250062,-0.20566903,1.5517689,0.18722774,0.13658892,2.9966872,0.08787434,0.0028532874,2.5075607,0.16364564,0.7232985,1.5761061,0.1845087,0.25664085,0.92185175,0.009446127,-0.083424024,-0.028680846,-0.14094844,-0.024320748
1.5280933,0.18251045,0.21507883,1.4380722,0.0568836,0.22320685,1.4415164,0.03468058,0.22347036,1.3113116,0.04190668,0.20869288,0.6418462,0.22676563,0.06126253,0.16906695,0.07229477,-0.7904867,1.5703597,0.057500374,0.2383888,2.196469,0.20641571,-0.008613459,2.8794389,0.3659539,-0.16882439,1.5128345,0.18482533,0.16719002,3.03904,0.09738929,0.10944308,2.746998,0.2281003,0.5611264,1.5433521,0.18019554,0.26296765,0.77029335,-0.011388472,-0.11481815,-0.066630095,-0.12402859,-0.02879024
1.4994708,0.1725634,0.21878351,1.4243082,0.08058493,0.22487994,1.4180142,0.030474551,0.22576419,1.2811878,0.036605354,0.187524,0.6203189,0.24788578,0.06624475,0.025594221,0.10404195,-0.8537825,1.5519632,0.050837766,0.26190922,2.2674503,0.21247432,0.016592091,3.073004,0.39105108,-0.12842485,1.4860626,0.17485477,0.18352279,3.0618675,0.11154713,0.21351297,2.976403,0.2709474,0.35232553,1.5128791,0.17027192,0.25404423,0.66211396,-0.022640433,-0.13171889,-0.07832304,-0.1013532,-0.027851764
1.4780346,0.1575449,0.20904794,1.4180193,0.09463186,0.21348566,1.4018806,0.026713613,0.21472909,1.2652936,0.032447856,0.16111408,0.61587334,0.26051983,0.06791712,-0.11637189,0.12387309,-0.8972348,1.534182,0.04397874,0.26420552,2.3411787,0.21709752,0.03175016,3.2775784,0.39733097,-0.08018404,1.4705797,0.15906025,0.18432315,3.0619116,0.12948766,0.30567312,3.1865773,0.29343376,0.11659368,1.4854897,0.1560295,0.23377275,0.5928074,-0.022368798,-0.13619049,-0.07129904,-0.07968954,-0.020079924
1.4640334,0.14034703,0.18800925,1.4141116,0.09594678,0.1913141,1.3925378,0.01999968,0.19251816,1.2615116,0.02593864,0.13169621,0.6225991,0.2620456,0.067316815,-0.26160035,0.12902953,-0.91754496,1.5187082,0.03407751,0.24823102,2.4139807,0.22009292,0.041524958,3.4910414,0.3797143,-0.016837444,1.465023,0.14069425,0.16953999,3.03286,0.14759323,0.3785133,3.3679187,0.3026656,-0.122572,1.4630436,0.13999991,0.20647852,0.54910475,-0.011335039,-0.13397478,-0.0597172,-0.06351202,-0.007948852
1.4573575,0.12374546,0.15680751,1.4109395,0.08483907,0.15935399,1.389192,0.007346584,0.1601964,1.2677306,0.013654864,0.09775269,0.6362638,0.24917829,0.062362697,-0.40858725,0.11558955,-0.9132883,1.5061551,0.018342087,0.21772717,2.4779577,0.21875855,0.05044174,3.699638,0.33389622,0.06813051,1.4674779,0.12290419,0.13956578,2.9732058,0.1622503,0.42635962,3.519292,0.30692992,-0.3459942,1.4472371,0.124586895,0.17404923,0.5173965,0.0072237644,-0.13246,-0.056212574,-0.05337124,0.0036655017
1.456902,0.10914707,0.116956145,1.4104861,0.064287044,0.118706435,1.3911549,-0.0116030015,0.1190548,1.2823064,-0.005217491,0.057665676,0.6555288,0.22191711,0.051264975,-0.54625857,0.08118947,-0.8804778,1.4962672,-0.0035613072,0.17626144,2.523926,0.20935713,0.060952414,3.877121,0.26044425,0.17766796,1.4750957,0.10741433,0.09681221,2.8887591,0.17239639,0.4475855,3.6519897,0.31181434,-0.54335386,1.4387083,0.11087999,0.13710007,0.49271494,0.028700178,-0.13540795,-0.062409274,-0.04768199,0.0123117035
1.4605837,0.09634888,0.07277643,1.4159105,0.038985863,0.07331864,1.3979497,-0.033964437,0.07320622,1.3041117,-0.028053487,0.013776446,0.6797168,0.18544684,0.036655553,-0.6592465,0.029177802,-0.811731,1.4885399,-0.028743498,0.12891203,2.546016,0.19072421,0.07495433,3.9951541,0.16808924,0.31137395,1.4849398,0.0941514,0.04769334,2.7887921,0.17958704,0.4463017,3.7836316,0.31793877,-0.7100752,1.4362277,0.0985465,0.09785952,0.47719663,0.049483918,-0.1402815,-0.06951326,-0.044739634,0.02005944
1.4661379,0.084195316,0.03148987,1.4286518,0.014596673,0.030392727,1.4095863,-0.054730345,0.029924901,1.3325111,-0.04988179,-0.02725978,0.70540273,0.14879695,0.02624056,-0.73750496,-0.02917194,-0.7010755,1.4833643,-0.05215191,0.083257094,2.5452585,0.16753142,0.095919624,4.0389295,0.07334129,0.46700937,1.4956394,0.081788875,0.0019473088,2.6803606,0.18615527,0.43043262,3.9263368,0.32113674,-0.8401527,1.4366362,0.0866018,0.061032433,0.46952245,0.06863493,-0.14097361,-0.068589225,-0.042666145,0.030448124
1.4722303,0.07143189,-9.657744e-05,1.4475999,-0.003954384,-0.0029133274,1.4270614,-0.06868602,-0.0036282719,1.3675365,-0.06530801,-0.057750653,0.7269813,0.12184711,0.029523088,-0.7786956,-0.0773097,-0.5492006,1.4830884,-0.06840972,0.04637403,2.530059,0.14905769,0.12734866,4.0148497,-0.0051733837,0.63975686,1.507862,0.06873837,-0.031625137,2.5661106,0.1937188,0.4068743,4.079082,0.31576055,-0.9235491,1.4365989,0.07412537,0.03143198,0.45921966,0.08660405,-0.1326437,-0.05848791,-0.038640585,0.044282313
1.4789879,0.057408135,-0.019595237,1.4703579,-0.0147886835,-0.023799134,1.4519235,-0.07269702,-0.02466578,1.4096119,-0.070870295,-0.073380716,0.7410616,0.11148385,0.052785657,-0.78079194,-0.1003264,-0.36549154,1.4911124,-0.07411382,0.020365689,2.5122514,0.14260551,0.1688956,3.943409,-0.054603767,0.8197666,1.5231086,0.054171328,-0.05002903,2.4465363,0.20278367,0.37737155,4.229485,0.29925582,-0.9507084,1.4348673,0.06064482,0.010838556,0.43268302,0.10242416,-0.11409922,-0.04442917,-0.029918574,0.059069965
1.487427,0.042627983,-0.029931359,1.4947697,-0.019784339,-0.035051722,1.4842601,-0.067878604,-0.03599235,1.4583195,-0.06747106,-0.07605939,0.74964136,0.11736793,0.0950982,-0.7353411,-0.09208596,-0.16743985,1.5084517,-0.0702782,0.0020145383,2.4999783,0.14652035,0.21557018,3.8436773,-0.07246736,0.99224764,1.542305,0.038718466,-0.057226032,2.3233933,0.21247359,0.33873457,4.36131,0.274255,-0.9184966,1.432549,0.046537314,-0.0026366834,0.38356864,0.113141894,-0.08642214,-0.03162297,-0.016582523,0.07239048
1.498278,0.028788267,-0.036632746,1.5198047,-0.022562817,-0.04242909,1.5212814,-0.059546847,-0.043408252,1.5114144,-0.060562752,-0.07323268,0.7601656,0.13090758,0.1475306,-0.6317134,-0.05789115,0.022402894,1.5314715,-0.06255591,-0.0132036945,2.4927294,0.15040578,0.26099783,3.7232203,-0.06573727,1.1417221,1.5648953,0.024370302,-0.060655717,2.201713,0.22011743,0.28779936,4.460432,0.2468743,-0.83122414,1.4316608,0.033206064,-0.012609778,0.3160495,0.11584341,-0.050177805,-0.021294314,-0.0026216803,0.08499809
1.511309,0.017870994,-0.04447509,1.5460427,-0.025362318,-0.05112056,1.5590566,-0.053443935,-0.052159403,1.5656481,-0.056190345,-0.073629014,0.7841662,0.140834,0.19634593,-0.47037175,-0.010855847,0.18289463,1.5547632,-0.05726738,-0.028003873,2.4833748,0.144604,0.30028,3.5816076,-0.046590522,1.2572535,1.5882542,0.013361609,-0.066413514,2.0900545,0.2217008,0.22720322,4.515116,0.22336529,-0.6967865,1.4343638,0.02238031,-0.022536665,0.23837726,0.109186225,-0.0044026226,-0.011539132,0.007209674,0.09992476
1.5255332,0.01084809,-0.055953603,1.5749712,-0.027586393,-0.06390209,1.5953526,-0.051442213,-0.06505727,1.6180828,-0.056242723,-0.0825601,0.8334546,0.14115822,0.22861443,-0.27108496,0.035279997,0.30127585,1.5761505,-0.056585558,-0.043471787,2.464408,0.12966464,0.32987434,3.4203198,-0.027259134,1.334448,1.6082639,0.006775607,-0.076794595,1.9986455,0.21349327,0.16641162,4.511785,0.20798287,-0.52449244,1.4428027,0.014920643,-0.035112616,0.15655036,0.09316859,0.05172069,-0.00022332073,0.011518845,0.11956538
1.5398023,0.0072342614,-0.07158994,1.6062877,-0.027499536,-0.0812128,1.629231,-0.051916532,-0.08255703,1.6653919,-0.05868011,-0.10060484,0.91213596,0.13294618,0.23703286,-0.0644123,0.071590945,0.3751779,1.5969926,-0.05870121,-0.060049705,2.4311683,0.11416635,0.3464685,3.2454436,-0.015483915,1.3730611,1.6219698,0.0040847426,-0.09129777,1.9351292,0.19391687,0.11574793,4.43166,0.20268992,-0.3293503,1.4576349,0.01038395,-0.051882107,0.07852222,0.06893611,0.11603323,0.013779447,0.011896565,0.14532119
1.5533586,0.005762966,-0.09096614,1.6354631,-0.025514094,-0.1022115,1.658109,-0.05434146,-0.10385415,1.7022337,-0.062441614,-0.12586845,1.0104351,0.118967436,0.22118264,0.12672128,0.09457774,0.4085787,1.6178321,-0.062699996,-0.07758666,2.3807106,0.103363015,0.34686813,3.0620155,-0.01275575,1.3724205,1.6302526,0.0038711028,-0.10931697,1.9000936,0.16499029,0.078368686,4.252536,0.20687294,-0.13837151,1.4764645,0.0076550147,-0.07261532,0.024530903,0.03962663,0.18112217,0.031653423,0.009196423,0.17932089
1.5663188,0.0052924156,-0.113417506,1.6553155,-0.025396738,-0.12571983,1.6774182,-0.061825264,-0.12783504,1.722506,-0.07033628,-0.15630923,1.1094291,0.09919273,0.18518749,0.29697624,0.103634484,0.40665802,1.6361051,-0.071428716,-0.09533011,2.311115,0.09313133,0.3287439,2.870649,-0.016491748,1.3288707,1.6371542,0.00483144,-0.13145725,1.8860424,0.13303864,0.048190285,3.9562647,0.21605796,0.011653388,1.4954833,0.0057535353,-0.095377766,0.027128235,0.010839505,0.23433088,0.05559627,0.002885711,0.22369571
1.5799797,0.005176268,-0.13744336,1.6613734,-0.03080269,-0.14982611,1.6841588,-0.07743571,-0.1526296,1.723871,-0.08549566,-0.18938668,1.1945777,0.07311004,0.13480805,0.453872,0.10014635,0.37433144,1.6483994,-0.08793768,-0.11177503,2.222431,0.07644603,0.29167104,2.6706135,-0.022583846,1.2382153,1.6464535,0.0061836727,-0.15743163,1.8804088,0.10768559,0.016000256,3.538346,0.22227035,0.08807965,1.5135057,0.0041689673,-0.1174551,0.113685936,-0.010468905,0.26241606,0.08827642,-0.004994649,0.27745762
1.596483,0.005163943,-0.15893875,1.6561736,-0.039168183,-0.17004733,1.6800084,-0.097590156,-0.17372018,1.711056,-0.10472845,-0.21991853,1.2649572,0.045833517,0.07689889,0.60832566,0.09031526,0.3183558,1.6531646,-0.108878046,-0.12328214,2.1160626,0.054328065,0.23832649,2.463053,-0.02425776,1.101996,1.6594399,0.0074370806,-0.1818936,1.8703325,0.09806133,-0.021775953,3.015352,0.2185741,0.07985428,1.5335261,0.002890916,-0.1359839,0.28393292,-0.01823669,0.26031184,0.1320749,-0.006955037,0.335691
1.617484,0.0052107614,-0.1704153,1.6482933,-0.039751522,-0.17849495,1.6704952,-0.11043511,-0.18312198,1.6938127,-0.116719656,-0.23948057,1.3304967,0.02955832,0.019853054,0.769176,0.08659812,0.24867265,1.6511356,-0.12279718,-0.12299794,1.9927531,0.038494043,0.17481226,2.2505522,-0.010993034,0.9315706,1.6751971,0.008096302,-0.1931209,1.8473219,0.107192434,-0.05853561,2.4282672,0.20382246,0.0065806243,1.5597706,0.0023253914,-0.14770971,0.5066305,-0.009421906,0.23558223,0.19092295,0.007111168,0.39235765
1.6422246,0.005403271,-0.16364282,1.6464449,-0.020602519,-0.16686258,1.6613059,-0.10345043,-0.1724593,1.680451,-0.109271176,-0.23964724,1.4019253,0.035896014,-0.028510178,0.94104004,0.10144702,0.1753818,1.6448189,-0.11746541,-0.103265174,1.8531451,0.041706834,0.10876885,2.0363085,0.025724556,0.74437577,1.6911339,0.007797256,-0.17844458,1.8105444,0.12822759,-0.080506966,1.8392737,0.18138851,-0.08805543,1.5933154,0.003009535,-0.14884107,0.74710906,0.0150357885,0.19959635,0.2744338,0.043179646,0.4433269
1.6663176,0.0059638764,-0.13473082,1.6529535,0.020837419,-0.1319731,1.6550168,-0.074099064,-0.13860248,1.6727562,-0.07970098,-0.21724069,1.4830234,0.065140575,-0.065045714,1.1237547,0.13654003,0.103475794,1.6376301,-0.09027801,-0.060939338,1.7004306,0.06514376,0.046130076,1.8243791,0.08301173,0.5545969,1.702639,0.00671977,-0.13322154,1.7650999,0.14633796,-0.07629023,1.3161716,0.15422288,-0.15704869,1.6299961,0.0052082567,-0.13624008,1.006371,0.050929885,0.1502319,0.3993941,0.098245464,0.48836362
1.6827444,0.0071805115,-0.087332286,1.6616697,0.07445052,-0.07885376,1.6504545,-0.032447815,-0.08672519,1.6672277,-0.03770931,-0.17676362,1.5703706,0.10355213,-0.092605956,1.3144532,0.17849536,0.03102819,1.6316351,-0.051001888,-0.00078944437,1.5406238,0.09605881,-0.010594351,1.6188928,0.14492849,0.36696395,1.7036688,0.0056626936,-0.06507542,1.713943,0.1466867,-0.047208313,0.9051583,0.12430869,-0.17405307,1.6618199,0.008698511,-0.109589145,1.3308419,0.09263237,0.065511905,0.5832169,0.16152595,0.532897
1.6852947,0.009043835,-0.03056507,1.6621785,0.12437265,-0.017888542,1.6445286,0.0069166026,-0.027265094,1.6606095,0.002190327,-0.12681876,1.6585913,0.13157934,-0.116054006,1.5123891,0.20611842,-0.04672563,1.6252447,-0.0139706815,0.06646325,1.3803707,0.11768419,-0.06061834,1.422561,0.19185166,0.1792332,1.6897191,0.0053917747,0.010927943,1.6507372,0.123533584,-0.0096149845,0.61139923,0.09647878,-0.14439544,1.6808704,0.012695861,-0.07205809,1.7688895,0.134362,-0.07594682,0.8321279,0.22012538,0.5867394
1.6724981,0.010713968,0.0270611,1.6473513,0.1586767,0.041919272,1.6347367,0.03548507,0.031069733,1.6531363,0.031134054,-0.07293219,1.7452879,0.13544653,-0.13641001,1.7225786,0.20324747,-0.13118851,1.6140665,0.012580773,0.12990986,1.2264978,0.12096096,-0.101452924,1.2375987,0.21203375,-0.009888505,1.6615406,0.005675514,0.082058035,1.563496,0.08360295,0.015367408,0.40840915,0.078598335,-0.094321296,1.6834558,0.015752139,-0.027935842,2.3014963,0.17004147,-0.25860807,1.1336493,0.26405358,0.65629214
1.648738,0.010501768,0.08209715,1.6184148,0.17440568,0.0974023,1.6206542,0.05511153,0.08578401,1.6472414,0.050553117,-0.013949865,1.8323337,0.113732316,-0.14926144,1.9545003,0.16797228,-0.21755701,1.5945327,0.03102758,0.18310557,1.0871333,0.10836834,-0.12796424,1.0674989,0.20605859,-0.19607395,1.6258053,0.005030265,0.14418635,1.4460632,0.041605834,0.016501456,0.26648706,0.076044895,-0.04871809,1.6716709,0.015972845,0.020007962,2.8188498,0.19385979,-0.41794494,1.4601926,0.28793553,0.73519456
1.6209579,0.0069225887,0.1345923,1.5834757,0.17652571,0.14917679,1.6037476,0.073891595,0.13815452,1.6450111,0.068399206,0.05323455,1.9240148,0.076149896,-0.14986522,2.2151108,0.11285146,-0.29737848,1.5663078,0.049974993,0.22417037,0.9700489,0.08891462,-0.13610475,0.9152321,0.18267602,-0.37295207,1.5908685,0.0018106851,0.19952862,1.3044096,0.011863484,-0.00246208,0.16880545,0.08725445,-0.01787067,1.6510473,0.012034109,0.06965597,3.1881118,0.20353502,-0.48066318,1.7815171,0.29069456,0.8037799
1.5938969,0.00017392817,0.18331051,1.5515236,0.17265327,0.19639479,1.5858729,0.09762549,0.18745843,1.646683,0.09064702,0.12572554,2.0238674,0.0362283,-0.13962206,2.5002475,0.056617722,-0.36284608,1.5315943,0.075125016,0.25308117,0.8785218,0.06959392,-0.12727343,0.7787195,0.15041699,-0.5384694,1.5611343,-0.00411609,0.24953263,1.1524962,0.0013514166,-0.030041665,0.10545004,0.10483651,-0.00019522538,1.6266595,0.0044637313,0.117088415,3.3544257,0.20290665,-0.4228336,2.0776339,0.27476946,0.83857244
1.5685972,-0.0074443957,0.22439964,1.5276842,0.16674209,0.23532659,1.5676125,0.12349282,0.22942261,1.6495498,0.114881255,0.19340314,2.1315367,0.0024552287,-0.12610166,2.791207,0.012953322,-0.40805063,1.4934404,0.102894634,0.2704315,0.810236,0.05001723,-0.107410565,0.6500669,0.11127172,-0.69455636,1.5356685,-0.010748978,0.291142,1.004784,0.0073996624,-0.056592897,0.06476597,0.11980999,0.009131768,1.6015259,-0.0041398793,0.15765733,3.3675215,0.19877507,-0.28155223,2.3436878,0.244957,0.82264674
1.5446783,-0.012768481,0.25437424,1.5125005,0.15655062,0.26258484,1.5479565,0.14127046,0.25982118,1.647689,0.13143514,0.24563974,2.2414076,-0.025777271,-0.11649639,3.0622268,-0.015504786,-0.4275954,1.4554296,0.1223574,0.2780634,0.7608423,0.024440274,-0.08205821,0.5201976,0.06133145,-0.8405256,1.5116354,-0.015089229,0.31920463,0.87226063,0.020553693,-0.077874854,0.03552596,0.12542443,0.0136699155,1.5777212,-0.010447762,0.18954384,3.316823,0.19415535,-0.11347852,2.584738,0.2068768,0.7495466
1.5226034,-0.013726138,0.27223536,1.5035485,0.13790597,0.27748808,1.525934,0.14194429,0.27732316,1.6345079,0.13182372,0.2776051,2.3444002,-0.05377809,-0.112004615,3.2961955,-0.03327494,-0.41680902,1.4224039,0.12455999,0.27851614,0.7276481,-0.010476455,-0.054174487,0.38375995,-0.0016479995,-0.96968555,1.4878913,-0.015115202,0.330683,0.76178014,0.030671218,-0.09339158,0.013124162,0.11956667,0.015654968,1.5573153,-0.0123371435,0.21378776,3.2598937,0.18591624,0.044941686,2.8057346,0.16572726,0.6219451
1.5036551,-0.010488877,0.27812064,1.497386,0.11163054,0.2806867,1.50265,0.12623398,0.2823296,1.6073732,0.11698896,0.29022273,2.431934,-0.08315356,-0.10834417,3.4950602,-0.042772993,-0.37383422,1.3999555,0.110938266,0.27271912,0.70937616,-0.05036065,-0.026766548,0.23923393,-0.07057616,-1.0735216,1.4655674,-0.011007248,0.32613006,0.67612416,0.032338444,-0.104089335,-0.0009387853,0.10535673,0.016705671,1.5417429,-0.009970583,0.23011123,3.207467,0.16916372,0.18111031,3.005357,0.12559883,0.44936284
1.4887908,-0.0050167264,0.27138078,1.4913858,0.0851873,0.27195504,1.481307,0.10451644,0.2746768,1.5702677,0.09706664,0.28615355,2.498925,-0.108250424,-0.10042495,3.6723664,-0.039541215,-0.299909,1.3915302,0.09241418,0.25892338,0.7031823,-0.08687013,-0.005321456,0.085615754,-0.12951946,-1.1475153,1.4466008,-0.004731905,0.3082146,0.61428237,0.02608544,-0.11162944,-0.0053861216,0.08927503,0.017894644,1.5309807,-0.005301518,0.23454693,3.1489258,0.1425288,0.29118162,3.178485,0.08905392,0.24668558
1.4778662,0.00045040622,0.25085366,1.4847679,0.06733878,0.2501975,1.4649073,0.08870034,0.25346273,1.5315768,0.08339555,0.2670803,2.5436764,-0.120235994,-0.08616099,3.8344178,-0.016115988,-0.19703281,1.3954688,0.08062576,0.23431614,0.7030773,-0.11533628,0.0038861115,-0.07870324,-0.1623698,-1.1914926,1.4320674,0.001478136,0.27961957,0.5726015,0.015602315,-0.11838192,-0.003613772,0.07771868,0.019602364,1.5236648,-0.0005771105,0.22208779,3.0764704,0.108838,0.37173888,3.3237653,0.057203792,0.031812858
1.4694154,0.00465968,0.21671577,1.4779546,0.061836407,0.21531278,1.4540328,0.08467016,0.21881904,1.4986196,0.08129848,0.23452704,2.565726,-0.11369947,-0.06653715,3.9702396,0.030030685,-0.06654878,1.4057207,0.080657244,0.19749728,0.70254034,-0.13569582,-0.0019803303,-0.25150627,-0.16160999,-1.2044653,1.4211211,0.006405138,0.24225943,0.54660577,0.0042905826,-0.12662335,-0.0010693037,0.07436963,0.021658713,1.5177097,0.0029145773,0.19117214,2.9907994,0.071694545,0.4212359,3.4479222,0.030665886,-0.17883763
1.4612834,0.007674971,0.17215566,1.4714255,0.06585238,0.17012121,1.4472922,0.091115735,0.17381153,1.4739473,0.089202136,0.19243702,2.565193,-0.09025604,-0.042863593,4.0594835,0.09122875,0.08967103,1.4166663,0.09072081,0.150178,0.6993355,-0.14710651,-0.019488048,-0.42170826,-0.13032065,-1.180505,1.411339,0.010160217,0.198313,0.5318436,-0.0062587643,-0.13693735,0.00031997578,0.079544015,0.02380337,1.5112278,0.0051900772,0.14599831,2.8955734,0.03244069,0.4426992,3.563723,0.0108504435,-0.37416768
1.4524133,0.01048493,0.12382487,1.4660583,0.073238894,0.12103924,1.4442655,0.10299409,0.12503591,1.4568331,0.10214413,0.1482009,2.5453236,-0.05783894,-0.014334336,4.0880575,0.15074804,0.26748106,1.4279611,0.105981514,0.09793054,0.6975156,-0.14642121,-0.03961519,-0.57158965,-0.07791955,-1.1112841,1.4008901,0.013765518,0.1519574,0.5227954,-0.0157626,-0.14726257,0.0029182218,0.0908154,0.026182465,1.5039364,0.0072045377,0.095692344,2.7923212,-0.009306105,0.44336838,3.6845827,0.00011911025,-0.5475356
1.4443978,0.014333704,0.08054671,1.4640642,0.078922644,0.076853365,1.4474531,0.11519265,0.08127285,1.4472166,0.115255386,0.11067807,2.5145988,-0.026934318,0.021896368,4.056755,0.19022971,0.45990783,1.4446913,0.12174916,0.049592298,0.7032994,-0.13300048,-0.05107757,-0.6860545,-0.0153649915,-0.9926511,1.3907112,0.01847888,0.10982448,0.5116566,-0.023971269,-0.15344214,0.008532539,0.10395848,0.029737066,1.4980843,0.010188501,0.051268924,2.680045,-0.05283425,0.43146268,3.8192518,0.00019879075,-0.69215745
1.4406874,0.02003127,0.049968306,1.4678952,0.08098347,0.04535725,1.4600523,0.12414706,0.05011479,1.4464445,0.12515862,0.086235374,2.483538,-0.0057290127,0.068089396,3.9776545,0.19953915,0.6571411,1.4720263,0.1344643,0.014136061,0.71740896,-0.1118191,-0.044441458,-0.75995904,0.045829974,-0.8282289,1.3840154,0.025118914,0.078588545,0.49040562,-0.02986839,-0.15113872,0.014824464,0.11408088,0.036094736,1.4973595,0.014943413,0.021348065,2.556379,-0.09493309,0.41188794,3.9673398,0.009821334,-0.79881924
1.4437579,0.027488634,0.03394656,1.477675,0.07986516,0.028669642,1.4815146,0.12797448,0.033450432,1.4543109,0.12999503,0.07481955,2.458368,0.0031258753,0.12228766,3.8646884,0.18195514,0.84597284,1.5089747,0.14171816,-0.0048367763,0.7313881,-0.09060407,-0.016441599,-0.7966442,0.09253831,-0.62939143,1.3833222,0.033619203,0.060237724,0.45634463,-0.032176003,-0.13888156,0.017639073,0.11703715,0.04622358,1.5041937,0.021357756,0.007655398,2.418512,-0.13094634,0.3828838,4.1175184,0.02336898,-0.85892296
1.4530629,0.03575177,0.0256948,1.4907113,0.07668003,0.02020169,1.5063127,0.12651332,0.02464467,1.467335,0.12949172,0.06854065,2.4386978,0.0021759646,0.17640175,3.7280354,0.1500265,1.0099908,1.5474946,0.14269947,-0.013398601,0.7335502,-0.0753042,0.026588399,-0.79948765,0.11202736,-0.41552135,1.3881938,0.043067697,0.048664127,0.41643482,-0.030766567,-0.12074061,0.01652566,0.11078704,0.05821271,1.5179318,0.028435528,0.0027254762,2.265705,-0.1564002,0.33624622,4.2511215,0.032293264,-0.86934346
1.4657016,0.0435103,0.013036967,1.5042553,0.07260426,0.007675305,1.5279484,0.12163796,0.0116146095,1.4812171,0.12537679,0.05562086,2.4210951,-0.0036787277,0.21915495,3.575309,0.11639151,1.1336912,1.5782509,0.13897523,-0.02475366,0.72059906,-0.06774609,0.070529796,-0.76379895,0.09769639,-0.21245286,1.3958899,0.05220846,0.032596942,0.38409212,-0.02678314,-0.10467218,0.017284403,0.09608424,0.06705467,1.5355132,0.0348119,-0.0065230094,2.103753,-0.16829823,0.26379845,4.3504333,0.029862652,-0.8324943
1.4789155,0.049719222,-0.011995868,1.5185627,0.069486074,-0.017363315,1.5444427,0.11697468,-0.013828087,1.4949005,0.12119055,0.029179407,2.4033227,-0.009658957,0.24366608,3.41468,0.08864244,1.2104748,1.597948,0.13432588,-0.048820533,0.7038634,-0.065056995,0.10287146,-0.67659074,0.053688325,-0.043537892,1.403987,0.06004783,0.0052208817,0.368323,-0.020252025,-0.095037796,0.028224288,0.07608912,0.06871723,1.5538437,0.039390523,-0.029212616,1.9476482,-0.16662648,0.16783796,4.405704,0.016624669,-0.7503769
1.4919242,0.053970076,-0.04557005,1.5369656,0.06997342,-0.051742192,1.5600011,0.11634221,-0.048405483,1.5118811,0.120757684,-0.0064794323,2.385034,-0.012410911,0.2529137,3.2548742,0.07040334,1.2468256,1.611637,0.13295221,-0.08309217,0.70372236,-0.06095414,0.12204687,-0.52703446,-0.005860297,0.08184827,1.4123031,0.06618677,-0.028378267,0.36550486,-0.008183705,-0.08635136,0.052932657,0.0550077,0.06550165,1.5715452,0.04175347,-0.06276182,1.8177253,-0.15496808,0.06582422,4.4133496,0.00050877966,-0.62142897
1.5054874,0.05650068,-0.07576954,1.5625405,0.075896524,-0.08395709,1.5809568,0.12158486,-0.08071057,1.5370566,0.12597466,-0.039716247,2.3657064,-0.011138163,0.25602955,3.1017382,0.06308259,1.2551836,1.6276412,0.13702473,-0.11565955,0.736248,-0.049967557,0.1357353,-0.32151258,-0.06265193,0.17004466,1.422432,0.07075901,-0.05565956,0.36446762,0.0128911715,-0.06734103,0.08606622,0.03633897,0.06646901,1.5885429,0.042242587,-0.09587953,1.729377,-0.13830349,-0.018914694,4.3651786,-0.011130828,-0.44869095
1.5201074,0.05798259,-0.0942988,1.5938976,0.08620391,-0.1054395,1.609186,0.13146713,-0.10231409,1.5714024,0.13564055,-0.062043115,2.342066,-0.007976595,0.25858536,2.9545767,0.06506527,1.2410756,1.649306,0.1454838,-0.13744247,0.8023533,-0.03194861,0.14992134,-0.08946843,-0.101708926,0.23302487,1.435852,0.07414486,-0.06917671,0.36009407,0.041887872,-0.03242371,0.116196506,0.021294551,0.08158431,1.6043626,0.041820634,-0.11942089,1.6839501,-0.11953088,-0.07323337,4.2397184,-0.019679386,-0.25280893
1.5351706,0.059215922,-0.10304229,1.6237723,0.097040825,-0.116976395,1.638808,0.14276883,-0.11402542,1.6091199,0.14653945,-0.073673666,2.3068085,-0.006023786,0.25758272,2.805919,0.070992246,1.1986812,1.6709136,0.15520637,-0.14953876,0.8875986,-0.011880978,0.16184923,0.12929058,-0.11636533,0.27778578,1.4529488,0.07666499,-0.073107444,0.3598843,0.0718545,0.012141815,0.13378873,0.008060757,0.11492467,1.6173922,0.04176718,-0.13297714,1.6694977,-0.09877877,-0.10053904,4.008622,-0.032995805,-0.07303421
1.5499839,0.060645126,-0.109870516,1.6427274,0.10410583,-0.12495115,1.6594986,0.15260437,-0.12211675,1.6404815,0.15579513,-0.079797715,2.250616,-0.006500681,0.24534366,2.646243,0.073664345,1.1186628,1.6813878,0.16339673,-0.15946463,0.9723767,0.0049045207,0.16308732,0.30646244,-0.10797537,0.30436042,1.4738935,0.07821455,-0.077880256,0.3789902,0.093808115,0.05297941,0.13841039,-0.0074064774,0.16314392,1.6260743,0.043075934,-0.14186078,1.6705102,-0.07647632,-0.11286645,3.655357,-0.055648148,0.04838939
1.5654486,0.06176173,-0.120331086,1.6464378,0.1048156,-0.13397498,1.6643312,0.15973438,-0.13103844,1.6590135,0.1622115,-0.08395422,2.1681073,-0.008594219,0.21662784,2.4715075,0.06729127,0.99829626,1.6728846,0.1688789,-0.17309949,1.0445164,0.016595934,0.14677365,0.43688467,-0.08142408,0.31087604,1.5000536,0.07788097,-0.09038365,0.43267393,0.101168916,0.07877287,0.13984454,-0.029134132,0.2202399,1.6308436,0.045642573,-0.15027851,1.6774796,-0.05642353,-0.119335875,3.1903696,-0.08465041,0.086496145
1.5846082,0.06102405,-0.13299282,1.6409072,0.0984661,-0.1429973,1.655905,0.16386019,-0.13962705,1.666949,0.16559274,-0.08485867,2.0633721,-0.012084849,0.17290398,2.2878015,0.049429156,0.844805,1.6477501,0.17138164,-0.19009203,1.1060086,0.024307208,0.11206298,0.5351159,-0.04205531,0.29837444,1.534191,0.07406984,-0.10871938,0.5324541,0.09145023,0.08603899,0.15340868,-0.059195198,0.28373772,1.6350254,0.04797817,-0.15726624,1.6902765,-0.044903513,-0.120347306,2.6530833,-0.11388631,0.045689236
1.6112558,0.056849897,-0.1403423,1.6399337,0.084828615,-0.14599608,1.6451575,0.16388336,-0.14187115,1.6732768,0.16504614,-0.07729575,1.9489055,-0.019141573,0.12232226,2.1084342,0.020483933,0.6717417,1.6183362,0.16990177,-0.20421691,1.1703334,0.02884938,0.06429479,0.62759084,0.0018329984,0.2702418,1.5788436,0.06555649,-0.12393578,0.6837427,0.06603098,0.078947015,0.19405228,-0.09778519,0.3559165,1.6436679,0.04814307,-0.1567488,1.7157824,-0.04580248,-0.10827181,2.1028686,-0.13837694,-0.04108571
1.6470182,0.049017806,-0.1336957,1.6552798,0.06251714,-0.13575062,1.6432282,0.15666424,-0.13072091,1.6857041,0.15773237,-0.05548507,1.8372504,-0.03314447,0.07572264,1.9446694,-0.01816909,0.49272802,1.5990775,0.16154067,-0.20727189,1.2528479,0.028694442,0.011538333,0.7457276,0.03604653,0.22723149,1.6336312,0.05272454,-0.12660277,0.88485867,0.02916996,0.06373013,0.27332756,-0.14423849,0.43890134,1.6604052,0.045310758,-0.14078863,1.7603033,-0.055940177,-0.07348928,1.6025807,-0.15413107,-0.1262661
1.6885563,0.03905716,-0.10940352,1.6868677,0.028738847,-0.10895985,1.652815,0.13765341,-0.10317586,1.7038957,0.1393509,-0.01748512,1.7320976,-0.055740874,0.040028982,1.7974305,-0.0650799,0.3162865,1.59619,0.14198044,-0.19461998,1.3603197,0.02122543,-0.040843733,0.91506064,0.045974158,0.16403697,1.6931819,0.037670467,-0.11397775,1.1300074,-0.013854346,0.041066244,0.39908513,-0.19658478,0.5287986,1.6839308,0.040443536,-0.104829304,1.8185638,-0.065408245,-0.014329653,1.1974506,-0.15839323,-0.17046182
1.7271075,0.029321143,-0.07194117,1.7208999,-0.017866528,-0.06928352,1.6659441,0.10429633,-0.0632233,1.7192657,0.10736296,0.03215199,1.6261779,-0.08388902,0.013853731,1.6562815,-0.11693214,0.14438927,1.6033685,0.108664796,-0.16850337,1.4856882,0.006562315,-0.09252574,1.1411173,0.029019393,0.07369974,1.7473123,0.023145935,-0.092030056,1.412665,-0.058707412,0.0041386015,0.57515645,-0.25014415,0.61532485,1.7069027,0.035496075,-0.051852282,1.8674,-0.06351746,0.055671733,0.8987311,-0.15247516,-0.16170007
1.7516518,0.02182458,-0.030579975,1.7379746,-0.07227792,-0.025046907,1.6699953,0.06058633,-0.019407345,1.7205106,0.06552616,0.08432542,1.5077927,-0.10860859,-0.009747068,1.5065455,-0.16560161,-0.024369447,1.6079055,0.06541577,-0.13556068,1.6112055,-0.00943838,-0.14352003,1.403254,0.0011786596,-0.041242644,1.7840855,0.011574576,-0.06952527,1.7224243,-0.102336235,-0.05260648,0.79893357,-0.29800475,0.6883163,1.7192181,0.032074414,0.008365315,1.8736274,-0.046006475,0.11176359,0.68452305,-0.14268185,-0.1172165
1.7541504,0.017841352,0.0076745856,1.7251246,-0.12194108,0.01672912,1.6568565,0.017269779,0.021247119,1.7003558,0.024233438,0.13062838,1.3707284,-0.11829733,-0.035583626,1.3390962,-0.19915538,-0.18945564,1.6017015,0.02291844,-0.10049539,1.7185615,-0.01734974,-0.18762147,1.6654234,-0.0116562,-0.16197138,1.7944577,0.004854799,-0.049726963,2.0386038,-0.14167832,-0.1217501,1.0589734,-0.33365884,0.74483037,1.7138431,0.030827835,0.065076135,1.8120697,-0.018160978,0.13201155,0.51837623,-0.1365751,-0.067193136
1.7332867,0.018137053,0.04208441,1.6826153,-0.15404685,0.0542853,1.6275517,-0.015695628,0.057215102,1.6591946,-0.006936094,0.16710952,1.2198185,-0.10703952,-0.061680432,1.1558332,-0.20927744,-0.34558955,1.586498,-0.00876126,-0.062307145,1.7999216,-0.011851551,-0.21363106,1.898351,0.0073995516,-0.26156035,1.7759858,0.004386693,-0.028787479,2.332007,-0.17285366,-0.18241026,1.3368449,-0.3530229,0.7887398,1.6905875,0.031887405,0.1129563,1.678754,0.008437849,0.11012054,0.3719427,-0.13782935,-0.034582958
1.694259,0.023007406,0.07602095,1.6219001,-0.16518891,0.089834645,1.5895932,-0.037809778,0.09111094,1.6039639,-0.027885035,0.19372363,1.0687999,-0.080891944,-0.08163384,0.96756506,-0.19812587,-0.48521367,1.5696477,-0.029116714,-0.01657908,1.8620287,0.002437636,-0.21420412,2.0958207,0.05360479,-0.3221019,1.7336352,0.010574765,-0.0016715139,2.5772471,-0.19217153,-0.2124367,1.6147664,-0.35432914,0.82216924,1.6548829,0.035440084,0.1537134,1.4905158,0.0230965,0.057624035,0.23693873,-0.14431903,-0.024961764
1.645316,0.03172699,0.11190967,1.5583593,-0.16212918,0.12523127,1.5508556,-0.057117715,0.1252166,1.5438423,-0.04703181,0.21127322,0.9332081,-0.053749103,-0.090393014,0.78685516,-0.17531557,-0.60411435,1.5564027,-0.046530604,0.038885854,1.9194316,0.014937538,-0.19209638,2.2708735,0.106827155,-0.34347925,1.6775364,0.021989876,0.032200515,2.76476,-0.19806328,-0.20065743,1.8842893,-0.33737358,0.837227,1.6130956,0.041464232,0.19161883,1.275356,0.021923926,-0.00445938,0.12155726,-0.15067153,-0.029940922
1.594132,0.042151023,0.14818692,1.5042392,-0.1529998,0.15905613,1.5154138,-0.080043696,0.15840167,1.4864384,-0.07098701,0.21957202,0.8231548,-0.035507083,-0.0877836,0.6207542,-0.14801936,-0.70453316,1.5459203,-0.06805859,0.10036073,1.9825125,0.019614493,-0.15766308,2.4386804,0.14996807,-0.33732113,1.6192503,0.03528026,0.06892638,2.9016109,-0.19181131,-0.14922,2.147975,-0.3038126,0.8166394,1.5690137,0.04902204,0.22744748,1.0620565,0.008842136,-0.057318944,0.036978386,-0.15252204,-0.037370488
1.5465041,0.051431824,0.18017466,1.4649042,-0.13972756,0.18741591,1.4836638,-0.10362961,0.18679759,1.4369577,-0.0966629,0.21844962,0.73983324,-0.024657972,-0.07757191,0.4679304,-0.116414584,-0.7919435,1.5329951,-0.0914004,0.15934189,2.0511885,0.020367736,-0.121725135,2.6062322,0.18035237,-0.31603965,1.5684152,0.04654858,0.10356919,3.001041,-0.17604382,-0.06799302,2.410579,-0.25810695,0.74407,1.5245931,0.05631538,0.25678015,0.8737486,-0.0080813,-0.091727994,-0.014497321,-0.14861317,-0.039184924
1.5065517,0.057380144,0.20279591,1.4390566,-0.118798904,0.20650819,1.4548181,-0.11783065,0.2063649,1.3989108,-0.11359698,0.20917992,0.6773708,-0.01159947,-0.06441523,0.32149503,-0.077849604,-0.86902714,1.5127014,-0.10688653,0.20669177,2.119164,0.026790207,-0.090969525,2.7778816,0.20517975,-0.28737497,1.530525,0.053201783,0.13248168,3.0704727,-0.15237011,0.03148192,2.6677284,-0.20722318,0.61543757,1.4825786,0.06155876,0.27311012,0.72561836,-0.021646906,-0.10847485,-0.04129951,-0.13957481,-0.033344567
1.4761499,0.05907496,0.21221332,1.4219179,-0.08727181,0.21372518,1.4285176,-0.11437908,0.21415274,1.3734607,-0.11298657,0.1933613,0.62862784,0.012300887,-0.052107833,0.17525737,-0.031923432,-0.9336866,1.4839588,-0.10611603,0.23589784,2.1828916,0.046378173,-0.06826497,2.9649916,0.22941498,-0.2549116,1.5059044,0.05456111,0.1529268,3.1081545,-0.12076573,0.13800816,2.9044814,-0.15830027,0.441299,1.4463953,0.063588895,0.27149987,0.62458354,-0.02838918,-0.114284486,-0.0544697,-0.12565114,-0.02215947
1.4542524,0.056507677,0.20619528,1.4090536,-0.047922987,0.20728044,1.4048715,-0.09427919,0.20812336,1.3582735,-0.09538831,0.17067245,0.5901793,0.047571823,-0.043590568,0.028290017,0.017743366,-0.98203063,1.4500811,-0.08946221,0.2441458,2.2451122,0.07907276,-0.054441527,3.1825583,0.24807228,-0.21850543,1.490783,0.051152736,0.16181296,3.1093292,-0.08165501,0.24010482,3.1054401,-0.11644207,0.23977983,1.4177219,0.06186255,0.2505776,0.5685357,-0.028523348,-0.1168625,-0.059783775,-0.10654972,-0.009881392
1.4385253,0.0503297,0.18486428,1.3984877,-0.010166876,0.1867279,1.3845531,-0.06867199,0.1877447,1.3491646,-0.07171185,0.13940848,0.5625549,0.085299686,-0.040757474,-0.11538374,0.062571965,-1.0110832,1.4169937,-0.067267716,0.2325673,2.3088572,0.115423046,-0.047696654,3.4306288,0.2476339,-0.17175482,1.4808873,0.0441296,0.15597324,3.0739102,-0.03863811,0.3265393,3.2656603,-0.08482694,0.028133146,1.3961633,0.0565297,0.21375532,0.5453227,-0.024513602,-0.12141058,-0.059054542,-0.084000915,-0.00033372635
1.4283955,0.042021178,0.15146285,1.3907084,0.013921101,0.15423937,1.3694838,-0.052683394,0.15520026,1.3440214,-0.05707361,0.099452004,0.5476834,0.111686505,-0.043676253,-0.24938124,0.089724004,-1.0185848,1.3908494,-0.054128762,0.20588017,2.3696182,0.13961188,-0.04242788,3.6802113,0.21410601,-0.101494335,1.4751488,0.035314515,0.1339856,3.0086346,0.0014833397,0.38873532,3.393444,-0.06508307,-0.18127169,1.3816422,0.048727773,0.16894011,0.5355689,-0.019414451,-0.12945847,-0.056304492,-0.063698485,0.004815406
1.4255562,0.03363433,0.11123736,1.387627,0.016792273,0.114213035,1.3626072,-0.05611676,0.114917725,1.3444179,-0.06139655,0.053517148,0.54798734,0.1161376,-0.050626446,-0.36551324,0.08864313,-1.0021778,1.376129,-0.059756003,0.17040631,2.4164119,0.1383674,-0.031794634,3.8844678,0.14235511,0.0049507194,1.4757533,0.02691401,0.09764323,2.9232862,0.032639913,0.42286345,3.5052183,-0.05491321,-0.38093653,1.3753588,0.04035456,0.1248315,0.52183914,-0.01510711,-0.13980141,-0.05718582,-0.052905843,0.006110824
1.4309447,0.026646262,0.06927463,1.3911085,0.0009247077,0.07151023,1.3660059,-0.07723034,0.07179479,1.3530189,-0.08306662,0.005923646,0.56579685,0.098252304,-0.058698837,-0.45439166,0.06007138,-0.959505,1.3743824,-0.08256619,0.13166349,2.4407835,0.110807404,-0.012378118,4.0074916,0.041825395,0.14981806,1.4844128,0.02034478,0.052331306,2.8258114,0.054110378,0.4306436,3.6184878,-0.046321522,-0.56557995,1.3774766,0.032947585,0.08621795,0.4980369,-0.011011001,-0.15003328,-0.062037565,-0.054959193,0.0052832705
1.4418733,0.020768713,0.029983072,1.4013002,-0.022411443,0.030905304,1.3789431,-0.10425213,0.030669872,1.3701173,-0.11037759,-0.03815505,0.59941554,0.068821885,-0.063476734,-0.5103756,0.017650103,-0.8882638,1.3837014,-0.110932,0.09398374,2.442714,0.07035649,0.015005139,4.041789,-0.06473208,0.3233661,1.4990268,0.015076424,0.0066300607,2.7204757,0.07083429,0.41929567,3.746642,-0.03027192,-0.72784024,1.38472,0.026460795,0.053336084,0.46950558,-0.0045695775,-0.15720238,-0.06423973,-0.06605678,0.0047230585
1.453003,0.014019513,-0.00220743,1.4160892,-0.040735397,-0.0025472145,1.3983064,-0.12348048,-0.003313735,1.393579,-0.12965256,-0.07266271,0.64010113,0.043749057,-0.058811717,-0.53641135,-0.020551743,-0.786561,1.3998303,-0.13120285,0.061408315,2.4287148,0.036156293,0.04854214,4.0025487,-0.15053414,0.51118606,1.5144839,0.00884957,-0.029765086,2.6088712,0.08859081,0.39882654,3.8948436,-0.0047335513,-0.8555557,1.3915222,0.019189272,0.025350224,0.44367144,0.00630758,-0.15789013,-0.057638418,-0.077427015,0.0075080604
1.4606843,0.0043763537,-0.023874924,1.4330195,-0.048168816,-0.024991808,1.4217744,-0.12771799,-0.02621408,1.4223557,-0.13375296,-0.09258474,0.67776394,0.034925383,-0.039277196,-0.5401679,-0.04261566,-0.6552503,1.4192127,-0.13623522,0.036853634,2.4074087,0.020854019,0.087014265,3.912696,-0.19841565,0.70015985,1.5270033,-0.0004849248,-0.05057621,2.4910903,0.10855137,0.375622,4.0559835,0.023596238,-0.9344535,1.3943653,0.009237512,0.0028263615,0.42139947,0.020619215,-0.14897178,-0.043545328,-0.08095491,0.016543834
1.4660852,-0.00833518,-0.03501906,1.4519296,-0.0475219,-0.03649091,1.4502053,-0.119245864,-0.038038302,1.4585826,-0.12507741,-0.0974402,0.7109714,0.044493403,-0.0043723714,-0.5250305,-0.047191173,-0.50112414,1.4416248,-0.12842461,0.020048413,2.3867717,0.024135862,0.12810381,3.7930493,-0.20946026,0.87855136,1.537247,-0.012993653,-0.05680753,2.3673143,0.12616204,0.34804058,4.2114687,0.045901924,-0.9539753,1.3949234,-0.0036767544,-0.013230592,0.39557892,0.033774428,-0.12867957,-0.029225964,-0.07426633,0.032702286
1.4733245,-0.02213565,-0.03930229,1.4748862,-0.045765635,-0.04117994,1.4855771,-0.106149115,-0.04291383,1.5040447,-0.11180003,-0.092281565,0.7478865,0.066220604,0.039915305,-0.48834664,-0.040463943,-0.3371071,1.469222,-0.11591655,0.007767923,2.3716505,0.03608843,0.167563,3.6582327,-0.19877079,1.0353804,1.5484382,-0.026452122,-0.0553976,2.2412872,0.13518436,0.31085303,4.340458,0.05810694,-0.9103036,1.3982108,-0.017819144,-0.023206973,0.35475197,0.03998174,-0.09629436,-0.02051129,-0.062057525,0.05383657
1.4847642,-0.034270506,-0.041349538,1.5031078,-0.047408257,-0.044133004,1.5263194,-0.0957533,-0.04595068,1.5545307,-0.10121402,-0.08470782,0.7959726,0.091275685,0.08427074,-0.42795342,-0.029631678,-0.17821863,1.502554,-0.10592004,-0.0032107516,2.360998,0.046316255,0.2012048,3.5148382,-0.18247548,1.1623087,1.5619657,-0.037921954,-0.053586435,2.1227522,0.13282244,0.2642432,4.428476,0.06195545,-0.80570316,1.4075626,-0.030618923,-0.029112637,0.2874182,0.03552545,-0.050556887,-0.017161703,-0.052401226,0.076277845
1.4991422,-0.042738605,-0.044331692,1.534346,-0.051623687,-0.04852486,1.5659059,-0.090537675,-0.050382227,1.599921,-0.09569404,-0.08093145,0.8530634,0.11248962,0.121050514,-0.34570715,-0.017967338,-0.036522172,1.5378935,-0.10072887,-0.014063411,2.3477776,0.050664343,0.22677176,3.3621695,-0.16855475,1.2550057,1.5762526,-0.04540438,-0.05496046,2.0240402,0.12093326,0.21565863,4.463775,0.0620436,-0.6485762,1.4220318,-0.04007263,-0.033702925,0.18741064,0.020243358,0.0104563,-0.015473405,-0.05006646,0.09806489
1.5139639,-0.046868753,-0.050067928,1.5635164,-0.05478002,-0.055700764,1.5968052,-0.08899132,-0.05761702,1.6309589,-0.093696885,-0.08424854,0.90984786,0.12513553,0.14643165,-0.24365884,-0.004490059,0.08065412,1.568978,-0.098825015,-0.024847627,2.323186,0.050940853,0.24323273,3.1966941,-0.15749449,1.3115163,1.5895338,-0.048378125,-0.06031782,1.9529471,0.10301699,0.17271177,4.4282336,0.06302511,-0.45603096,1.4383941,-0.045359164,-0.039818037,0.064416625,-0.0027943694,0.08557764,-0.012850789,-0.0523695,0.12133436
1.5282668,-0.04710386,-0.060250487,1.5858583,-0.05499526,-0.06680275,1.6157354,-0.089503296,-0.06886949,1.6454207,-0.09369356,-0.095989935,0.9601179,0.12673914,0.15833476,-0.12076471,0.012288993,0.1686241,1.591737,-0.0988174,-0.036364444,2.28233,0.049702056,0.24891052,3.0178313,-0.14781721,1.3297582,1.6018342,-0.04744636,-0.070550725,1.909257,0.081349626,0.13686791,4.300051,0.06837557,-0.2550574,1.4546993,-0.04676116,-0.04995024,-0.04459643,-0.027717574,0.16512805,-0.006978833,-0.051992234,0.15156518
1.5428272,-0.044469856,-0.076273374,1.5995834,-0.05404357,-0.083020434,1.6251359,-0.09300766,-0.085422084,1.6477877,-0.096705675,-0.1164611,1.0069442,0.11749075,0.1540849,0.023821088,0.030624354,0.22346276,1.6073376,-0.10187654,-0.049985774,2.226255,0.046075556,0.2411329,2.8302605,-0.1393825,1.3067734,1.613887,-0.043714847,-0.08721941,1.886306,0.058007576,0.10410991,4.0650473,0.079572596,-0.07907106,1.4717675,-0.045224685,-0.06532734,-0.081684604,-0.046713024,0.2310428,0.007580316,-0.043684818,0.19408236
1.5587499,-0.039962847,-0.09729975,1.6058875,-0.054744836,-0.10363653,1.6298382,-0.10145531,-0.106647134,1.6438283,-0.10466747,-0.14406016,1.0577862,0.10031344,0.13219175,0.18499053,0.04600849,0.24406008,1.620329,-0.110010356,-0.06528176,2.1582627,0.037090994,0.21807018,2.6403265,-0.13217622,1.2400787,1.6255386,-0.03822399,-0.10989216,1.8730019,0.038405422,0.069229275,3.7192485,0.09514934,0.040108442,1.4919612,-0.04170155,-0.084707335,-0.002988697,-0.05291052,0.26672927,0.036758557,-0.02722889,0.25035655
1.5763893,-0.034176078,-0.119169086,1.6073675,-0.056154277,-0.12453732,1.6326286,-0.11330609,-0.12845077,1.6357962,-0.11591382,-0.17415453,1.1151983,0.080523625,0.095754504,0.35165328,0.05562234,0.23497427,1.6340585,-0.12155261,-0.078631625,2.078654,0.02334256,0.18046822,2.4507542,-0.12277951,1.1297832,1.6358429,-0.031705517,-0.13362288,1.8555588,0.031751722,0.029237004,3.265322,0.11144845,0.08279224,1.5169358,-0.036646564,-0.1047153,0.18551816,-0.0437235,0.26787263,0.08083064,-0.0042450973,0.31614062
1.5951347,-0.027478648,-0.1364113,1.607145,-0.05139392,-0.13999479,1.6330855,-0.12084646,-0.14500162,1.6223797,-0.12256963,-0.2004262,1.1751835,0.0656606,0.051449317,0.51437175,0.062005915,0.20425569,1.6483518,-0.12860341,-0.08539593,1.9841824,0.012746063,0.13107781,2.2602777,-0.1027056,0.9801473,1.6439741,-0.024817027,-0.1502977,1.8227855,0.045062028,-0.01457864,2.7209866,0.1259715,0.051083665,1.5462954,-0.030140309,-0.122524865,0.43517828,-0.021034788,0.2406373,0.1359384,0.02603713,0.38223574
1.6135682,-0.020441009,-0.14531809,1.6084124,-0.031500377,-0.14599594,1.6297175,-0.11369588,-0.15210426,1.6022803,-0.114154905,-0.2178374,1.2339813,0.06331528,0.0047753556,0.67273474,0.07136988,0.15810505,1.6606936,-0.12071563,-0.08316813,1.8723588,0.016468646,0.07337051,2.0680163,-0.06261421,0.7998877,1.6493865,-0.018427527,-0.15295392,1.7734424,0.075726725,-0.05538252,2.134105,0.13912033,-0.02823311,1.5777498,-0.022454597,-0.13768226,0.7037875,0.011642652,0.18820184,0.20471442,0.06668684,0.4385375
1.6296685,-0.013805523,-0.14421268,1.6125512,0.0065495125,-0.1410005,1.6219046,-0.08740063,-0.14810392,1.5769585,-0.08627384,-0.22378413,1.2928488,0.07530125,-0.041805424,0.83332676,0.087093435,0.099708624,1.6680561,-0.09366981,-0.071660906,1.7452675,0.038362067,0.012431979,1.8767058,-0.0015022898,0.6008993,1.6512158,-0.013311409,-0.13880219,1.7180047,0.11121907,-0.08185509,1.577113,0.1503225,-0.11275794,1.6081209,-0.014299692,-0.14962317,0.9951176,0.05107721,0.10248283,0.3033549,0.11870326,0.48047793
1.6412237,-0.007935206,-0.13156858,1.6168655,0.05490436,-0.124228574,1.6099652,-0.049055044,-0.13227424,1.5502164,-0.046255782,-0.21686351,1.3557026,0.09351982,-0.086185664,1.001544,0.10473598,0.03286047,1.6678649,-0.05506456,-0.05023897,1.6097947,0.06837184,-0.043447066,1.6919383,0.067679554,0.3953292,1.6480725,-0.009434846,-0.10916408,1.6704793,0.13648897,-0.08391703,1.1153172,0.1541306,-0.16351584,1.634375,-0.006435509,-0.15397307,1.346309,0.09360956,-0.02615261,0.45548564,0.17705645,0.51344645
1.6465179,-0.0025032128,-0.10611459,1.6153363,0.09924308,-0.09535193,1.5947039,-0.012438244,-0.104402974,1.5260571,-0.008187075,-0.19606182,1.4247802,0.10501147,-0.124554895,1.17827,0.11481448,-0.036394764,1.6589913,-0.019061577,-0.018118193,1.4757247,0.08936442,-0.08482004,1.5200146,0.12446103,0.19193031,1.6388155,-0.0058158496,-0.068086125,1.6355677,0.14156912,-0.061486214,0.7761677,0.14505677,-0.16348015,1.6542201,0.00080953917,-0.14414304,1.7741829,0.13420002,-0.18823968,0.6763505,0.23171261,0.5500263
1.6445894,0.0028730696,-0.06908425,1.602785,0.12935723,-0.05614756,1.5773764,0.0137733845,-0.06620399,1.5073804,0.018982451,-0.16139096,1.4999934,0.10321626,-0.15269567,1.3636993,0.11150634,-0.10207423,1.642209,0.005808322,0.02261449,1.3529247,0.09173747,-0.106189795,1.3658018,0.15507618,-0.005804135,1.6232599,-0.0015523563,-0.02065808,1.6013219,0.12488518,-0.028605394,0.5448488,0.12686433,-0.123341136,1.665919,0.0072985636,-0.11751042,2.2354355,0.16755806,-0.34616923,0.9600052,0.27319905,0.6006731
1.634673,0.0074969186,-0.024595914,1.5787842,0.14556623,-0.0107314475,1.5594127,0.032544862,-0.021436736,1.4962895,0.03794253,-0.114262775,1.5813068,0.09326173,-0.16799262,1.5600623,0.098326005,-0.15993647,1.6185822,0.023076523,0.06624426,1.2477903,0.07994333,-0.10865135,1.2301139,0.16038686,-0.19772257,1.6017759,0.0027789138,0.029238502,1.5445261,0.093433864,-0.0062067765,0.38519287,0.112563305,-0.07034888,1.66757,0.012214921,-0.07843033,2.6456144,0.19068103,-0.45199302,1.279886,0.29746392,0.6649397
1.6161755,0.009542671,0.022999944,1.5482621,0.15504949,0.036747865,1.5419624,0.05328153,0.026240736,1.4948081,0.05777532,-0.056800384,1.6706053,0.085267894,-0.16978528,1.7699388,0.08448894,-0.20649382,1.5876784,0.042617396,0.10676174,1.1614155,0.0649336,-0.097364575,1.1082937,0.15043403,-0.38294113,1.575083,0.0051364056,0.080301225,1.4460601,0.059983224,-0.0084495805,0.26534334,0.112835355,-0.029218731,1.6572683,0.013948921,-0.034301333,2.9378395,0.20423111,-0.4772375,1.6022516,0.30520162,0.72992516
1.590454,0.007908162,0.071411856,1.518903,0.16255105,0.08410467,1.5261439,0.08071231,0.07494726,1.5043446,0.08303004,0.008547664,1.7707521,0.08279968,-0.15894948,1.9944736,0.0751215,-0.23859723,1.5491295,0.06924081,0.14143242,1.0922374,0.052288536,-0.07705607,0.9930264,0.13265775,-0.5576183,1.5457656,0.0041260477,0.13218397,1.3050262,0.03624194,-0.035215173,0.1691505,0.12593633,-0.010132143,1.6351421,0.0116902795,0.010639742,3.1003017,0.21129374,-0.424803,1.9020715,0.29676804,0.77664816
1.562278,0.00404172,0.11985185,1.4972799,0.16525465,0.13062884,1.5134917,0.10916076,0.12385238,1.5237978,0.108317725,0.07823925,1.8824184,0.07851096,-0.13788383,2.2333722,0.06559313,-0.2548207,1.5061963,0.09715133,0.17108849,1.0400782,0.038101893,-0.049996868,0.87867355,0.106024824,-0.7161588,1.5191084,0.0010244091,0.18255718,1.1405959,0.026082618,-0.075501055,0.092203744,0.13973424,-0.009433533,1.6054476,0.007059001,0.057146512,3.165205,0.21490893,-0.31638262,2.170884,0.2700613,0.78831035
1.5376444,0.0010478407,0.16687037,1.4857944,0.15713567,0.17512447,1.5051993,0.1278938,0.17123489,1.5481247,0.1237062,0.1467796,2.001237,0.06183313,-0.11047895,2.4834044,0.047041167,-0.2560273,1.4660819,0.11559817,0.19762798,1.0056224,0.01517145,-0.017675636,0.7616367,0.066440515,-0.8536626,1.4998051,-0.0011212642,0.2269065,0.9798604,0.025613211,-0.11539962,0.03467307,0.14282724,-0.017077126,1.5754836,0.0032167954,0.106834255,3.1753392,0.21679467,-0.17597838,2.4130616,0.22611363,0.7540743
1.5191523,0.0008365047,0.20887937,1.4819522,0.13726743,0.21444376,1.5005627,0.1314491,0.2132889,1.5692225,0.1246739,0.20706044,2.1179104,0.03059149,-0.08142119,2.7359505,0.017485105,-0.24376099,1.4357812,0.1192918,0.22107075,0.98574996,-0.01793913,0.016196737,0.63702184,0.016842596,-0.96700335,1.4871811,-0.00046084242,0.26100868,0.8420634,0.02931497,-0.14426613,-0.002661821,0.13325305,-0.02349785,1.5511235,0.0021335734,0.15675005,3.1605253,0.21717504,-0.024284393,2.635225,0.17507124,0.6685628
1.5041491,0.00279967,0.24049422,1.4804089,0.11211307,0.24361229,1.496577,0.12384239,0.24459034,1.5790629,0.115830004,0.2520679,2.2215178,-0.0060903435,-0.055008877,2.9779122,-0.014098875,-0.21848348,1.417702,0.11251698,0.2381911,0.9715288,-0.054096382,0.044874404,0.4978681,-0.029629394,-1.0540468,1.4754689,0.0022904626,0.2823461,0.73252726,0.03446841,-0.15790427,-0.021255838,0.117016256,-0.023404676,1.5328294,0.003308563,0.19864236,3.131826,0.214276,0.120736375,2.837875,0.13169266,0.53204346
1.4879688,0.0051815873,0.2563853,1.4764892,0.09041458,0.25747383,1.4890147,0.113945134,0.2599193,1.5726315,0.106067516,0.27682966,2.303014,-0.03561503,-0.034169246,3.1957643,-0.03425238,-0.17933606,1.4084547,0.10434399,0.24364619,0.95185614,-0.08248266,0.061112657,0.33872235,-0.056750767,-1.1126175,1.4595928,0.005294656,0.2894163,0.6481893,0.040299192,-0.15895937,-0.026741842,0.10048357,-0.016681878,1.5163448,0.0050682714,0.2233543,3.0879786,0.20458797,0.24486478,3.0162594,0.104398474,0.35216305
1.468897,0.00691338,0.25351638,1.4687841,0.07780122,0.2529529,1.4738824,0.108775504,0.25642174,1.5486785,0.101995416,0.27942067,2.3561604,-0.05103751,-0.02008677,3.3779786,-0.033978928,-0.12499514,1.4008192,0.10173186,0.23304209,0.91921777,-0.095342934,0.061030015,0.15964489,-0.0554315,-1.1407356,1.4398102,0.0074957367,0.28141543,0.58545536,0.045429006,-0.15415747,-0.025910806,0.0864485,-0.0067460095,1.4979836,0.0063308757,0.22561733,3.0267005,0.18572298,0.33992434,3.1689372,0.09203605,0.14339943
1.4499308,0.008072953,0.23227943,1.4592698,0.07506806,0.23039073,1.4495959,0.11020259,0.23468433,1.5098834,0.1049556,0.26093826,2.3779933,-0.053744882,-0.012355751,3.5156543,-0.012674839,-0.054535713,1.3883101,0.10616036,0.20557424,0.87349546,-0.09160907,0.04593057,-0.031970877,-0.02831596,-1.1377492,1.420687,0.009050418,0.2588293,0.5430122,0.046993427,-0.15028127,-0.021613238,0.07597886,0.0022392054,1.4791747,0.0070954263,0.2057296,2.9516451,0.15909347,0.40389007,3.303728,0.08985697,-0.07702511
1.4358236,0.0093472125,0.19588137,1.4513314,0.078238405,0.19304803,1.4201639,0.115079634,0.19806066,1.4644611,0.111377455,0.22526084,2.372018,-0.05015988,-0.00920399,3.6051097,0.023256307,0.03209177,1.3708696,0.1139593,0.16407476,0.8224891,-0.076587014,0.020663148,-0.22118868,0.013918775,-1.1046267,1.4066159,0.010702685,0.22317922,0.5202444,0.041290216,-0.15200728,-0.012955114,0.070119604,0.0073954193,1.4650311,0.007991765,0.16858351,2.8685753,0.12800491,0.4386568,3.4325192,0.093292184,-0.2933501
1.4289266,0.011485736,0.1493199,1.4475902,0.08050656,0.1459803,1.3958269,0.118297495,0.15157153,1.4259543,0.11589425,0.17907502,2.3506722,-0.046428423,-0.0073367013,3.6509929,0.06434583,0.13426137,1.3568512,0.11971539,0.11344398,0.77806395,-0.057947867,-0.00910308,-0.38842058,0.06089567,-1.0427488,1.3987142,0.013207068,0.17682998,0.5144944,0.025770955,-0.16118985,-0.00036002998,0.06912233,0.008176262,1.459139,0.009764511,0.12180982,2.7777238,0.09372413,0.4477352,3.5620177,0.09721446,-0.49278107
1.4283644,0.015015588,0.099504404,1.4491363,0.07785026,0.09597479,1.3873628,0.118213356,0.10197303,1.4067318,0.11677946,0.13155223,2.3304253,-0.044321127,-0.0016320064,3.6639817,0.102430336,0.25149062,1.3572191,0.12187625,0.060085215,0.7484549,-0.03950369,-0.03732428,-0.5170313,0.1086226,-0.95242184,1.3953762,0.017120574,0.12512371,0.5189996,0.002328297,-0.17518364,0.012655529,0.072635755,0.007100673,1.4613525,0.0129107395,0.07388509,2.674528,0.056172773,0.43576828,3.693657,0.09886648,-0.6649246
1.4322999,0.020168876,0.05546169,1.4558249,0.073949546,0.05172791,1.3980253,0.119727515,0.057995442,1.4094315,0.11901636,0.092615835,2.3217409,-0.040828425,0.014158392,3.6535726,0.13339525,0.38372827,1.3764572,0.1256426,0.012306764,0.7322199,-0.018302059,-0.056227345,-0.600486,0.1577497,-0.832877,1.3946055,0.022814635,0.07835816,0.52269465,-0.02148435,-0.18569356,0.022968126,0.0811777,0.009372874,1.4699942,0.017523207,0.032565214,2.5574515,0.018311875,0.40880767,3.8306928,0.10357032,-0.80048794
1.4394069,0.027023308,0.025925219,1.4664329,0.07692072,0.02165664,1.4218462,0.12969477,0.028081587,1.4261212,0.12962815,0.0694536,2.323948,-0.032234367,0.044685878,3.6233106,0.1565903,0.52955025,1.4096806,0.13800298,-0.021173371,0.7204442,0.010119447,-0.057107054,-0.641247,0.20510374,-0.6845631,1.3950984,0.030555021,0.048166264,0.5132999,-0.037029903,-0.18242492,0.03039924,0.09502773,0.019829111,1.4837153,0.02349162,0.003684172,2.4301245,-0.013489559,0.37293252,3.9776564,0.12225093,-0.89040405
1.4483849,0.035705816,0.014401973,1.4789915,0.0897336,0.009257948,1.4497902,0.14815766,0.01566137,1.4463928,0.14876822,0.06273106,2.3293962,-0.019521434,0.089230984,3.5721478,0.1716693,0.68245554,1.4479342,0.15874366,-0.035696402,0.7057205,0.043003675,-0.034925245,-0.6431747,0.23785266,-0.5130879,1.396002,0.040508546,0.039051697,0.48308727,-0.041807458,-0.16082299,0.03619434,0.1105715,0.038502872,1.5007676,0.030903125,-0.010247752,2.2952518,-0.034759168,0.33106595,4.1299367,0.15973103,-0.9264988
1.457869,0.046326146,0.015757475,1.4922992,0.10535472,0.009743717,1.4764861,0.16567682,0.015841015,1.4652342,0.16697532,0.06534887,2.33111,-0.009609128,0.13994646,3.4984038,0.17630184,0.82844627,1.4847478,0.17793654,-0.034907337,0.6891471,0.06898825,0.006726116,-0.60719633,0.2394561,-0.33203045,1.3973122,0.052546322,0.04323611,0.4338601,-0.04123218,-0.1268058,0.041078955,0.119342245,0.059030388,1.518426,0.04010611,-0.011721161,2.1514893,-0.04704219,0.28105485,4.2678127,0.20693856,-0.90411615
1.4673789,0.05849443,0.01851552,1.5073339,0.11272296,0.012012562,1.5018138,0.17094602,0.01751972,1.4838316,0.17285609,0.065945484,2.3268943,-0.010073972,0.1848571,3.4025497,0.16787595,0.9490366,1.5185287,0.18397883,-0.02991719,0.6799191,0.077004276,0.055781625,-0.5336533,0.20371132,-0.16082902,1.4004999,0.065898955,0.04531779,0.3764402,-0.04238977,-0.09272373,0.045636114,0.11249362,0.07262764,1.5342578,0.051090162,-0.008286749,1.99986,-0.055947803,0.2186474,4.364123,0.24640732,-0.82421935
1.477286,0.07079201,0.012433303,1.526103,0.10768511,0.0057601463,1.5281556,0.16156788,0.010540488,1.5050945,0.16398826,0.05585933,2.3180554,-0.021330234,0.21463788,3.288094,0.14829783,1.0299023,1.5512186,0.1746675,-0.032258984,0.68934655,0.066671364,0.098551445,-0.42588532,0.14281954,-0.01686759,1.4071634,0.078982085,0.03404785,0.32381192,-0.04613801,-0.066960245,0.0513055,0.0872799,0.07535381,1.5474086,0.062602185,-0.009181244,1.8524934,-0.06567438,0.14457712,4.398322,0.26568103,-0.6925866
1.4873816,0.080934584,-0.004967184,1.548646,0.097781494,-0.012114352,1.5566188,0.14732444,-0.008012445,1.5294309,0.15021373,0.03412142,2.305313,-0.03406681,0.22744583,3.1605067,0.12616347,1.0680077,1.5848088,0.16030033,-0.046481285,0.72362286,0.04983021,0.12752458,-0.29162696,0.08122092,0.09234307,1.416611,0.08976969,0.010545506,0.28420907,-0.045558188,-0.047075175,0.060053267,0.0499644,0.07242627,1.5581522,0.07209957,-0.020479873,1.7323115,-0.07529398,0.06895261,4.362553,0.2647327,-0.51910526
1.4962742,0.08696657,-0.02920806,1.5718092,0.0956561,-0.03783942,1.5847367,0.14223106,-0.034256503,1.5541493,0.14555539,0.005781962,2.2858377,-0.03596934,0.22682561,3.024312,0.111797445,1.0695355,1.6171696,0.15517874,-0.06966764,0.7791211,0.041460726,0.1426069,-0.1434714,0.040692244,0.16946737,1.426028,0.09673331,-0.015424982,0.2612677,-0.032481473,-0.024213988,0.07315562,0.012473705,0.07492776,1.5665206,0.07719972,-0.04299114,1.660731,-0.07951476,0.0064422865,4.2543197,0.2500216,-0.3211931
1.5029521,0.08867669,-0.05517416,1.591269,0.107611194,-0.06635811,1.6073905,0.15295877,-0.063106395,1.5760432,0.1565261,-0.023880422,2.2540264,-0.021765644,0.21561597,2.8809357,0.10924844,1.0413915,1.6411499,0.16568479,-0.09711464,0.843937,0.04834359,0.14607964,0.0024703152,0.029031493,0.22097132,1.4339641,0.09972337,-0.03658492,0.25908172,-0.0056490996,0.00610048,0.090487555,-0.015086157,0.091743864,1.5719401,0.0776298,-0.07376341,1.6428382,-0.07281637,-0.034240328,4.0653133,0.22365692,-0.12808423
1.5089344,0.087829694,-0.08121621,1.6044502,0.12876327,-0.09513413,1.6207943,0.17482436,-0.09202995,1.594255,0.17823501,-0.052313823,2.2053733,0.0035807905,0.19343665,2.7300878,0.11385194,0.9864992,1.6498579,0.18660444,-0.12661764,0.906148,0.0656308,0.1384542,0.13242409,0.03999072,0.25183737,1.4433849,0.09994877,-0.054141123,0.28371012,0.027635105,0.03902628,0.11108263,-0.030679544,0.12420846,1.5744838,0.0757104,-0.1082913,1.663416,-0.053733904,-0.055950504,3.781332,0.18183061,0.022928325
1.5184295,0.0867827,-0.10783632,1.6115814,0.14774117,-0.12324251,1.6256435,0.19715019,-0.120107524,1.6106393,0.19998007,-0.07801304,2.1390707,0.029978508,0.15922415,2.5724373,0.11655958,0.90610623,1.6429318,0.2071087,-0.15774556,0.96199244,0.08238969,0.11875778,0.2422338,0.06086965,0.2647859,1.4606884,0.09889341,-0.07411474,0.34021038,0.056881826,0.06481338,0.13520871,-0.040809806,0.16711202,1.5761708,0.07467189,-0.1415579,1.6969129,-0.026727544,-0.06900071,3.395108,0.12247666,0.099961735
1.5357867,0.086640336,-0.1343638,1.6147784,0.15427716,-0.14883716,1.6256844,0.21048847,-0.14550638,1.627505,0.21251489,-0.09832236,2.0563896,0.04831469,0.11395741,2.4094396,0.10881494,0.8033594,1.6258312,0.21807425,-0.18908311,1.0160652,0.08907388,0.086604595,0.33935925,0.07883025,0.26084736,1.4911348,0.097059615,-0.10026904,0.43136245,0.07441171,0.07564013,0.16654213,-0.05481937,0.21389867,1.5804387,0.07622113,-0.16845857,1.7225527,-0.00073536707,-0.08212967,2.9202085,0.050000414,0.09170006
1.5626314,0.08666534,-0.15664071,1.6174833,0.14387701,-0.16757299,1.6243494,0.21033128,-0.16392641,1.6458119,0.21159323,-0.10888445,1.9584587,0.053205937,0.06177994,2.2419727,0.08517036,0.68449706,1.604434,0.21535628,-0.216327,1.0762242,0.082126826,0.04364249,0.4399988,0.08348026,0.2394123,1.5348846,0.093803085,-0.1295745,0.55946475,0.07756266,0.06980537,0.2113875,-0.07762897,0.26324272,1.5903782,0.07952779,-0.18370691,1.7343776,0.015023261,-0.09514611,2.395865,-0.02672858,0.015386601
1.5974759,0.08551061,-0.16638872,1.6252525,0.118788294,-0.1722705,1.6247329,0.19770822,-0.16828008,1.6662437,0.19845457,-0.10368539,1.8485385,0.044017512,0.011189516,2.0724301,0.045583434,0.5588015,1.5837885,0.20014258,-0.2318142,1.1513584,0.065457925,-0.005471531,0.565891,0.06943189,0.19941157,1.587238,0.088545956,-0.15162255,0.72613144,0.06801581,0.053159654,0.27414757,-0.10702961,0.32344797,1.6077138,0.08247544,-0.1811549,1.7414652,0.016039973,-0.09731017,1.8803746,-0.09636278,-0.0869598
1.6369755,0.0828085,-0.1542893,1.6444206,0.08506942,-0.1554556,1.6309369,0.1768908,-0.15122643,1.6902976,0.17755693,-0.07688475,1.7347049,0.024501823,-0.026154634,1.9069912,-0.004116997,0.43628743,1.570184,0.17683853,-0.22717738,1.2499974,0.047390092,-0.05350435,0.7378478,0.038704786,0.14171359,1.6415871,0.08192718,-0.15370116,0.9300391,0.04995549,0.035273764,0.35539648,-0.13743943,0.4078491,1.6323638,0.08368982,-0.15487744,1.7578317,0.005061681,-0.07413455,1.4332458,-0.1461482,-0.16543452
1.6759671,0.0792716,-0.117614344,1.6756711,0.046487853,-0.11567397,1.6446328,0.15020868,-0.11145448,1.7171488,0.1513889,-0.028198197,1.6249818,-0.0005237047,-0.042631537,1.751044,-0.056882463,0.32133144,1.5679363,0.14801109,-0.19987419,1.37217,0.032600775,-0.093952104,0.961264,-0.0011054213,0.070091896,1.69091,0.07533858,-0.13129747,1.1673341,0.027557006,0.01903836,0.45790985,-0.1660332,0.5195601,1.6610241,0.0832044,-0.103931226,1.7870018,-0.010098238,-0.020748174,1.0906088,-0.16797063,-0.18696907
1.7066003,0.07578514,-0.06552177,1.7077541,0.0013440658,-0.06178392,1.6592674,0.11520377,-0.057926,1.7389828,0.117524415,0.033061452,1.5185895,-0.028413413,-0.04166502,1.6012217,-0.10938959,0.20820743,1.5725559,0.11142956,-0.15753543,1.5008663,0.016883602,-0.124366105,1.2146623,-0.041169196,-0.009417921,1.7273642,0.06974403,-0.09467025,1.433659,0.0032356968,-0.005817776,0.59335065,-0.19471692,0.64037466,1.6858363,0.081825994,-0.036373284,1.8121078,-0.021874871,0.04873528,0.8493163,-0.16632606,-0.15219253
1.719845,0.07332431,-0.013523351,1.7207649,-0.051989496,-0.007933361,1.6614857,0.069736026,-0.00480153,1.7424725,0.07367048,0.09252753,1.4060365,-0.056791242,-0.034070693,1.4460346,-0.1591386,0.0869829,1.5717785,0.065131865,-0.11276681,1.6086168,-0.0065117786,-0.14513119,1.4591051,-0.07236394,-0.088695616,1.7432694,0.06584128,-0.061134245,1.7217549,-0.02151042,-0.052725952,0.77674043,-0.22528312,0.74111545,1.6964208,0.08080723,0.03408754,1.8017678,-0.027064107,0.10711103,0.67527544,-0.15692665,-0.08968932
1.709881,0.07350009,0.028923934,1.6990947,-0.10659299,0.037255667,1.6411842,0.019626336,0.03939984,1.7175089,0.025346357,0.14082235,1.280117,-0.079280525,-0.026596101,1.2767457,-0.19761617,-0.044543948,1.5564127,0.015186397,-0.07212653,1.6777724,-0.03545355,-0.15507141,1.6646456,-0.0842863,-0.15736039,1.734148,0.06513266,-0.03905846,2.0157835,-0.0438386,-0.119367644,1.0117748,-0.25264427,0.80497265,1.6856136,0.08186765,0.096906334,1.7286606,-0.02729253,0.131414,0.5299312,-0.15447228,-0.03282746
1.6777418,0.07785744,0.06408682,1.6429471,-0.1477743,0.075429596,1.6000873,-0.022669995,0.07652247,1.6650869,-0.015399756,0.17781533,1.1455842,-0.08694246,-0.016907088,1.09672,-0.21190342,-0.177022,1.5291058,-0.025667822,-0.03155928,1.7139382,-0.05824472,-0.1502616,1.8281949,-0.06918687,-0.20489994,1.7008225,0.06949253,-0.021500824,2.2910721,-0.059326813,-0.18235797,1.2838606,-0.26415765,0.8367404,1.654661,0.08622267,0.14967446,1.5862811,-0.026709154,0.11569491,0.39144954,-0.1617019,-0.00045800823
1.6309232,0.086093046,0.099756695,1.5684034,-0.16362408,0.112908274,1.5500354,-0.04824989,0.11311933,1.5963666,-0.040132314,0.20733067,1.0173118,-0.07541976,5.7797693e-05,0.9191865,-0.19536155,-0.2982601,1.5015974,-0.048460577,0.017221402,1.7394798,-0.06509809,-0.12795782,1.9679223,-0.029223047,-0.22515754,1.6489105,0.07910637,0.0044847988,2.522632,-0.064618915,-0.21227972,1.5684195,-0.2467475,0.84904045,1.6129358,0.093080044,0.19502859,1.3924383,-0.028723888,0.07037156,0.25744817,-0.16981728,0.0064644893
1.5792699,0.09556298,0.1396148,1.4964488,-0.15326908,0.15236172,1.5029945,-0.058467265,0.15205328,1.5236347,-0.050575484,0.23012213,0.9095753,-0.04890056,0.024015473,0.75618476,-0.15441802,-0.40380922,1.4839795,-0.054841258,0.07720688,1.7750841,-0.056804523,-0.09091625,2.1041877,0.022793012,-0.21973905,1.5870411,0.09138579,0.0446887,2.6959846,-0.060108963,-0.19301172,1.8448426,-0.19575624,0.843991,1.5714986,0.099740304,0.23454092,1.1796023,-0.033361744,0.013246319,0.13627295,-0.16820219,-0.0023952387
1.5303013,0.10288681,0.17956758,1.4406362,-0.1251074,0.18989292,1.4630905,-0.06102081,0.18950596,1.4525535,-0.05443209,0.24276394,0.8271851,-0.015958678,0.048579413,0.60980165,-0.103601985,-0.49841884,1.477278,-0.053021457,0.14220342,1.8275551,-0.04101065,-0.047823798,2.247448,0.07210088,-0.19767676,1.5249232,0.102216415,0.093313016,2.8122606,-0.04970668,-0.12860891,2.104491,-0.1188879,0.8086963,1.5356795,0.10355707,0.2658221,0.9803251,-0.03691062,-0.039317302,0.03810671,-0.15348402,-0.015072559
1.4872024,0.105879724,0.21140039,1.403182,-0.08922162,0.21839735,1.4284666,-0.061180655,0.21828797,1.3839525,-0.05645272,0.24202278,0.7663273,0.017869057,0.06672584,0.47402573,-0.054799728,-0.58829415,1.4763584,-0.04877045,0.20032944,1.8934959,-0.02234599,-0.009939314,2.4023414,0.11153353,-0.17164902,1.4710511,0.10816149,0.13858868,2.88458,-0.037722208,-0.036102824,2.3491955,-0.033084005,0.72540987,1.5033538,0.103597656,0.28421208,0.81645614,-0.03470333,-0.07739457,-0.029801076,-0.13015592,-0.0227496
1.4502237,0.10415439,0.22864474,1.3798218,-0.051756732,0.23261026,1.3987428,-0.057671517,0.23291075,1.3213843,-0.05453298,0.22868414,0.7220037,0.05300579,0.075575545,0.34320647,-0.011172781,-0.6735057,1.4777174,-0.041276384,0.2408433,1.9705657,0.0020803849,0.013672197,2.5779047,0.14254354,-0.15233783,1.430606,0.10777995,0.17110996,2.928086,-0.025660362,0.06619239,2.583064,0.04357449,0.58538586,1.4698414,0.100528486,0.28617954,0.6957676,-0.024944287,-0.09899608,-0.06578527,-0.10453112,-0.022392107
1.4193902,0.09849805,0.22935566,1.3658339,-0.014754585,0.23132843,1.377306,-0.046608187,0.2319297,1.273095,-0.044199903,0.20639208,0.69252664,0.091599174,0.07602453,0.21645172,0.029840998,-0.74863356,1.4814136,-0.027252806,0.25909907,2.060466,0.037424933,0.019921787,2.7867923,0.16738391,-0.14306821,1.4048976,0.10157828,0.1874983,2.9499729,-0.011972012,0.16518202,2.8036332,0.100200884,0.39582017,1.433883,0.09541761,0.27121302,0.61448216,-0.01004399,-0.108914115,-0.07530402,-0.07994848,-0.016623234
1.3957118,0.09000258,0.21477734,1.3579721,0.01997388,0.21598458,1.366262,-0.028726764,0.21665326,1.2455158,-0.026254222,0.17742465,0.67721856,0.13073884,0.069063105,0.09458289,0.068514906,-0.80906826,1.4862282,-0.008162684,0.25662354,2.161191,0.08206386,0.012311278,3.0316741,0.18081671,-0.13758476,1.3923568,0.09117113,0.18804029,2.9474697,0.004886452,0.25241944,3.000583,0.13619694,0.17648818,1.3990668,0.08883407,0.24151435,0.56270427,0.0053806813,-0.115234755,-0.06976327,-0.057510342,-0.010937517
1.3798887,0.07963548,0.18685028,1.3535194,0.047245897,0.18821093,1.3624386,-0.011998934,0.18872909,1.2371036,-0.009188287,0.1410595,0.67284536,0.16073242,0.054036383,-0.023183756,0.09821654,-0.85369396,1.4872699,0.0076140095,0.23727646,2.2610352,0.12477083,-0.0022224667,3.2941334,0.17064756,-0.12302821,1.3896549,0.0784234,0.17277238,2.9161756,0.023153128,0.32143703,3.1651103,0.15713048,-0.049768858,1.3701223,0.08084778,0.20092821,0.5302597,0.017499706,-0.12450283,-0.060950607,-0.039353374,-0.0094870115
1.3706057,0.06827127,0.14758609,1.3497522,0.059465647,0.14934395,1.3608865,-0.0064203963,0.1495471,1.2409581,-0.0033902142,0.09670699,0.6756265,0.17139283,0.030952223,-0.13624045,0.1091512,-0.881104,1.4810687,0.010483321,0.20385253,2.3442261,0.15178886,-0.017473333,3.539789,0.1276658,-0.086235315,1.392578,0.064969264,0.14095096,2.859671,0.038196303,0.36756423,3.3007123,0.16832598,-0.26520565,1.3486334,0.0715736,0.15422124,0.5106401,0.025099335,-0.13816912,-0.054905128,-0.029435433,-0.012040235
1.3651518,0.056808274,0.10049845,1.344907,0.05255261,0.10224936,1.3622782,-0.015513025,0.101954564,1.2540382,-0.012367873,0.04807436,0.6879726,0.16123803,0.003757596,-0.23609236,0.097308956,-0.88568085,1.4723359,-0.0020011244,0.15877835,2.403512,0.15757717,-0.029277386,3.7368817,0.056034107,-0.018848656,1.3974131,0.052066803,0.094493635,2.788301,0.047234926,0.39011896,3.4219897,0.17299251,-0.45917988,1.3328904,0.06155005,0.10650328,0.5011009,0.029830853,-0.15297233,-0.051273778,-0.03051856,-0.014477319
1.3619218,0.04601024,0.051860645,1.33952,0.03091872,0.05303291,1.3746824,-0.033024132,0.051955156,1.2817618,-0.029711545,0.0034112164,0.7197951,0.1401988,-0.019623604,-0.30723763,0.06891702,-0.8592202,1.4730449,-0.022582937,0.107365526,2.4458199,0.14893287,-0.033778287,3.871553,-0.025982104,0.08128377,1.4025626,0.040488675,0.041099116,2.709127,0.053119674,0.39344332,3.543039,0.17404552,-0.62540084,1.321281,0.051532023,0.062622175,0.4988429,0.034981683,-0.16430692,-0.048178762,-0.040831923,-0.012246869
1.3616449,0.03610271,0.009538063,1.3364831,0.0050030225,0.00987224,1.4048781,-0.048919305,0.0076573608,1.3299419,-0.045450527,-0.02922043,0.7769715,0.12154839,-0.031404585,-0.34089813,0.034252357,-0.7967019,1.491599,-0.0409004,0.058559142,2.482586,0.13801652,-0.026227275,3.9454582,-0.096924186,0.21117236,1.4088339,0.03030765,-0.0076232925,2.620581,0.061649412,0.38448372,3.6694145,0.17348665,-0.7592412,1.3144559,0.041897796,0.026699418,0.49650034,0.043056555,-0.16894455,-0.04616911,-0.054618113,-0.0037685733
1.3656883,0.026584432,-0.02022598,1.3390224,-0.016573051,-0.020639246,1.4464982,-0.058524262,-0.02417062,1.3911152,-0.05521782,-0.04730627,0.8461548,0.1110441,-0.028511854,-0.34972963,-0.001961746,-0.70035315,1.5210043,-0.052573238,0.021321997,2.5132043,0.13154271,-0.0026514223,3.960452,-0.14538488,0.36382073,1.4176619,0.02085737,-0.04210703,2.5177066,0.07506766,0.36880338,3.7999413,0.16907622,-0.8564834,1.3137149,0.032311298,0.0016550702,0.48170963,0.05361223,-0.16526659,-0.047210835,-0.06604924,0.008759382
1.373321,0.01666147,-0.035497665,1.3478051,-0.03158872,-0.03649569,1.4788666,-0.06457731,-0.040967446,1.4421873,-0.06201605,-0.054469172,0.895429,0.105528764,-0.013132788,-0.36376336,-0.040766347,-0.57812023,1.53915,-0.060751703,-0.00010625743,2.52012,0.12773393,0.037009,3.909701,-0.17349166,0.52851856,1.4286867,0.011215245,-0.059339933,2.4000075,0.089905284,0.34885475,3.9307091,0.15449665,-0.9119983,1.3179551,0.022107346,-0.011655399,0.44334355,0.06330686,-0.15233232,-0.051074944,-0.07213755,0.021425076
1.3799105,0.0060827225,-0.038819596,1.3587989,-0.04184051,-0.040348567,1.4803445,-0.07096634,-0.044696257,1.4591389,-0.06971294,-0.05613062,0.8958281,0.101059765,0.010570151,-0.40534225,-0.079795204,-0.43919143,1.5235553,-0.06944518,-0.007892018,2.481855,0.12242054,0.087323874,3.7843938,-0.188924,0.69058657,1.4378682,0.0010310209,-0.062482767,2.271684,0.10122627,0.3248144,4.051101,0.12502909,-0.91926247,1.3219527,0.011134071,-0.015156424,0.38011575,0.06828439,-0.12975092,-0.054234482,-0.07242532,0.0318495
1.3758146,-0.004349785,-0.035105813,1.3621053,-0.048454043,-0.03715785,1.4435109,-0.076756485,-0.04015223,1.4345219,-0.07711682,-0.05518971,0.845022,0.098763354,0.039060842,-0.4648347,-0.10806116,-0.29250604,1.4672436,-0.07754275,-0.008151758,2.3894563,0.114965856,0.13873105,3.5843148,-0.19521908,0.8309128,1.4357839,-0.008966695,-0.057211224,2.1328099,0.107136734,0.29528087,4.130638,0.08309992,-0.87357646,1.3158453,0.000266921,-0.013000408,0.30343702,0.06680767,-0.098712064,-0.05305675,-0.067348555,0.040991716
1.3436852,-0.013009606,-0.0289254,1.3394045,-0.05027168,-0.031392872,1.3732376,-0.076946646,-0.032552492,1.3754902,-0.07892446,-0.05144157,0.7671199,0.101551354,0.06845435,-0.502416,-0.11264748,-0.14992732,1.3770512,-0.079775326,-0.0066544837,2.244264,0.1074724,0.18019503,3.3120673,-0.18949032,0.9248149,1.4043257,-0.017177941,-0.048257895,1.9688202,0.10847568,0.2577102,4.1045475,0.038296226,-0.7774026,1.2830448,-0.008841273,-0.009592904,0.23059544,0.05997166,-0.06311271,-0.047471255,-0.057577766,0.05135201
1.2569798,-0.018217366,-0.022846088,1.2622726,-0.045885853,-0.025464583,1.2664374,-0.06788274,-0.025405101,1.2802761,-0.07118165,-0.0439545,0.68441486,0.10722596,0.0921242,-0.47922283,-0.090660416,-0.028832505,1.2532576,-0.07220884,-0.0060738204,2.0364249,0.10019056,0.20125625,2.9525275,-0.16793026,0.9431157,1.3152766,-0.021886375,-0.038195267,1.7505349,0.10532415,0.21069264,3.8780959,0.0020405916,-0.6424268,1.1986829,-0.014548213,-0.0074969055,0.17320086,0.050204813,-0.029334284,-0.040284947,-0.044488445,0.062480625
1.0904471,-0.019120228,-0.017467296,1.1027569,-0.036157683,-0.019884584,1.1021715,-0.05117262,-0.019655995,1.1255392,-0.055158865,-0.03337264,0.5927203,0.107363366,0.10160124,-0.39067668,-0.05377798,0.052229133,1.0786432,-0.056146804,-0.006197104,1.7386819,0.08979872,0.19469288,2.4743776,-0.13234837,0.8632545,1.1418651,-0.022172756,-0.02814926,1.4532508,0.0954885,0.1571575,3.373823,-0.01866284,-0.4871583,1.0390289,-0.016067522,-0.0067853285,0.13089523,0.0393686,-0.0039978744,-0.033370584,-0.030469345,0.06890975
0.8453251,-0.016243756,-0.012544082,0.85995764,-0.024331765,-0.014459365,0.86726457,-0.032523546,-0.014641136,0.8939706,-0.036338784,-0.022063432,0.47401455,0.09440221,0.09225838,-0.26910028,-0.019986678,0.08451136,0.8419002,-0.037133522,-0.005860078,1.3427082,0.072991244,0.1612462,1.8781406,-0.09105891,0.69075865,0.8854769,-0.01854815,-0.018890055,1.0867581,0.07737916,0.10450448,2.610592,-0.024006234,-0.33312762,0.8051733,-0.013939227,-0.006198108,0.096131675,0.028393244,0.009334044,-0.02627199,-0.018196516,0.064568706
0.5655571,-0.011342916,-0.0080643995,0.5779788,-0.013913127,-0.009347814,0.5909313,-0.01735688,-0.009847261,0.6136907,-0.02028368,-0.012551196,0.33053225,0.06944809,0.06840002,-0.15619834,-0.0004834321,0.07689461,0.57057977,-0.020820066,-0.0045927097,0.90071225,0.051077522,0.11227352,1.2422161,-0.05397677,0.47063887,0.5924656,-0.012859941,-0.011235115,0.7073072,0.053759918,0.06076081,1.7400494,-0.019543342,-0.20085225,0.5386486,-0.009825818,-0.0048936834,0.064113505,0.018183645,0.01202148,-0.01842962,-0.009370878,0.04949624
