pelvis_ang_vel_x,pelvis_ang_vel_y,pelvis_ang_vel_z,torso_ang_vel_x,torso_ang_vel_y,torso_ang_vel_z,head_ang_vel_x,head_ang_vel_y,head_ang_vel_z,right_upper_arm_ang_vel_x,right_upper_arm_ang_vel_y,right_upper_arm_ang_vel_z,right_lower_arm_ang_vel_x,right_lower_arm_ang_vel_y,right_lower_arm_ang_vel_z,right_hand_ang_vel_x,right_hand_ang_vel_y,right_hand_ang_vel_z,left_upper_arm_ang_vel_x,left_upper_arm_ang_vel_y,left_upper_arm_ang_vel_z,left_lower_arm_ang_vel_x,left_lower_arm_ang_vel_y,left_lower_arm_ang_vel_z,left_hand_ang_vel_x,left_hand_ang_vel_y,left_hand_ang_vel_z,right_thigh_ang_vel_x,right_thigh_ang_vel_y,right_thigh_ang_vel_z,right_shin_ang_vel_x,right_shin_ang_vel_y,right_shin_ang_vel_z,right_foot_ang_vel_x,right_foot_ang_vel_y,right_foot_ang_vel_z,left_thigh_ang_vel_x,left_thigh_ang_vel_y,left_thigh_ang_vel_z,left_shin_ang_vel_x,left_shin_ang_vel_y,left_shin_ang_vel_z,left_foot_ang_vel_x,left_foot_ang_vel_y,left_foot_ang_vel_z
-0.11660204,0.07041378,-0.38387114,-0.13878225,0.14413069,-0.060455605,-0.06396419,-0.27723452,-0.02593115,-0.3257366,-0.7910971,0.010554098,-0.22851871,-1.3414364,0.15293592,-0.22851872,-1.3414364,0.15293615,0.84752965,0.86027604,2.2135644,0.8186982,1.1802958,2.2521605,0.8186982,1.1802958,2.2521605,-0.072604194,1.1346836,0.14468597,-0.17367734,0.62865686,0.16123924,-0.4472156,1.805416,0.30517787,0.2691547,0.4524736,-0.22365423,-0.016603725,-1.6656177,-0.47424436,-0.0709805,-0.85141546,-0.3196009
-0.1560087,0.063465066,-0.4702435,-0.22007765,0.15675412,-0.023212122,-0.06838066,-0.37701476,-0.029788762,-0.44050768,-0.94413203,-0.0376765,-0.30123517,-1.7442837,0.17348163,-0.30123523,-1.744284,0.17348276,1.1978759,1.1322335,2.9786692,1.1409035,1.6002519,3.0430675,1.1409035,1.6002519,3.0430675,-0.05643774,1.5505246,0.30662018,-0.186155,0.91096336,0.3283944,-0.6809513,2.6262808,0.3880765,0.24121264,0.33921814,-0.2611376,-0.017462958,-1.6208737,-0.49097344,-0.002754068,-0.71501774,-0.49897382
-0.1533195,0.027836686,-0.45359194,-0.3014479,0.11942056,0.06022265,-0.05087483,-0.44478613,-0.034470033,-0.50998634,-0.87868315,-0.13122502,-0.3374473,-1.8898902,0.14197522,-0.33744752,-1.8898915,0.14197962,1.5131949,1.2424945,3.5004735,1.4116437,1.855989,3.5997732,1.4116437,1.855989,3.5997732,0.002204887,1.7965494,0.5496069,-0.12744932,1.2007071,0.57045496,-0.9142737,3.3789997,0.40621474,0.072873086,0.004165101,-0.20623931,-0.034076754,-0.88828987,-0.30927908,0.10641631,-0.027265549,-0.63207316
-0.073108904,-0.01990333,-0.32677123,-0.3647694,0.037401088,0.16412354,-0.011595886,-0.47565377,-0.04832748,-0.5211091,-0.59241515,-0.262982,-0.3309952,-1.7358028,0.05385724,-0.33099604,-1.7358068,0.053870685,1.7564131,1.1418202,3.7346938,1.5938386,1.8904086,3.8778741,1.5938386,1.8904086,3.8778741,0.09206574,1.7943698,0.8475567,0.0017440992,1.5174297,0.856937,-1.1253375,4.0135174,0.34316993,-0.20649192,-0.42178962,-0.04029539,-0.0870392,0.33577654,0.045599896,0.18675552,1.1937089,-0.6389513
0.09929861,-0.053789843,-0.13368729,-0.40420073,-0.06776449,0.2505332,0.047615282,-0.47856432,-0.07399947,-0.47950178,-0.1644592,-0.41862667,-0.2880654,-1.3538564,-0.080805585,-0.28806746,-1.353866,-0.080773495,1.84583,0.8444865,3.6442814,1.6142027,1.7079983,3.8350549,1.6142027,1.7079983,3.8350549,0.18642546,1.5409917,1.1432066,0.16825268,1.8867687,1.1294757,-1.3290969,4.5797443,0.19346127,-0.50610256,-0.75600153,0.1990215,-0.1763756,1.6130378,0.45769483,0.17919439,2.680848,-0.50737554
0.34124896,-0.06292452,0.060362145,-0.43000087,-0.17275636,0.29415777,0.12248318,-0.46173057,-0.10527113,-0.39587337,0.31773257,-0.5841478,-0.21557337,-0.8471506,-0.24616161,-0.21557723,-0.8471685,-0.24610184,1.6686945,0.40284127,3.135609,1.377401,1.3361019,3.3657014,1.377401,1.3361019,3.3657014,0.25778952,1.0709407,1.3678749,0.32337958,2.3008728,1.3225554,-1.5686674,5.1651235,-0.048964966,-0.73544645,-0.89809775,0.44184253,-0.27688873,2.5881872,0.8023417,0.08433697,4.0456247,-0.31882992
0.5960699,-0.06415871,0.20277613,-0.45573944,-0.25555757,0.287429,0.193771,-0.43001455,-0.13661161,-0.28112608,0.7990378,-0.7406634,-0.11999731,-0.28844282,-0.42009586,-0.12000297,-0.28846887,-0.42000905,1.2163074,-0.102339864,2.2244043,0.8947407,0.82480717,2.4713836,0.8947407,0.82480717,2.4713836,0.28597164,0.42664653,1.4683837,0.4227562,2.7198846,1.388459,-1.87629,5.8143773,-0.37690946,-0.8592508,-0.84744954,0.64092857,-0.36602303,3.1519527,1.0238733,-0.058501948,4.9513288,-0.18416014
0.799459,-0.088978104,0.27075735,-0.4823258,-0.29449093,0.22916897,0.22628728,-0.3926481,-0.16790088,-0.14558537,1.2499324,-0.8635122,-0.009164442,0.2884145,-0.5771334,-0.009170891,0.28838503,-0.5770351,0.66079926,-0.5772826,1.1677395,0.35035518,0.25544444,1.4011312,0.35035518,0.25544444,1.4011312,0.2615128,-0.34077573,1.426273,0.4414896,3.0953214,1.3136228,-2.2403855,6.452569,-0.75438106,-0.9000465,-0.6370333,0.7892434,-0.44382676,3.379506,1.1368738,-0.21649982,5.2318997,-0.16142215
0.9129277,-0.15422818,0.26805326,-0.49527165,-0.27650574,0.118072845,0.19348308,-0.36592564,-0.1940418,0.005603912,1.6455374,-0.9366475,0.11224045,0.86737,-0.70274794,0.11223474,0.867344,-0.7026613,0.23223744,-0.95817745,0.3038983,-0.029129649,-0.28940526,0.49683067,-0.029129649,-0.28940526,0.49683067,0.19007315,-1.1553532,1.2590394,0.38214839,3.3742728,1.1187856,-2.6061752,6.8470306,-1.1261607,-0.8930906,-0.29584342,0.8765047,-0.51442385,3.3901346,1.1588001,-0.3685535,4.91448,-0.2380729
0.9383103,-0.24678539,0.21056204,-0.47489664,-0.2081229,-0.041946255,0.10096635,-0.36440247,-0.1993487,0.17355704,1.9610214,-0.9633221,0.24498123,1.4366155,-0.80148095,0.2449773,1.4365976,-0.8014214,0.041055776,-1.2464031,-0.20371467,-0.14964123,-0.77176064,-0.065122075,-0.14964123,-0.77176064,-0.065122075,0.091032654,-1.9217716,1.0037262,0.27060202,3.4950945,0.8427765,-2.8996568,6.6861835,-1.4376706,-0.8498511,0.14376111,0.8582669,-0.56368697,3.2642298,1.066778,-0.48880008,4.167851,-0.36371118
0.90174246,-0.33700526,0.1148943,-0.4086556,-0.11513232,-0.2326059,-0.017902417,-0.38627276,-0.17220195,0.35490355,2.181623,-0.95519996,0.38580137,1.9880235,-0.8833004,0.38579926,1.988014,-0.88326854,0.0463597,-1.4903114,-0.41005096,-0.07001006,-1.2044982,-0.32591972,-0.07001006,-1.2044982,-0.32591972,-0.013538164,-2.5584922,0.69725126,0.14090131,3.401976,0.52308375,-3.0437605,5.7759295,-1.6372737,-0.76719093,0.6361137,0.69580704,-0.57115036,3.0439792,0.8359004,-0.5524856,3.2207918,-0.4808689
0.8265567,-0.40039787,-0.0010458316,-0.29676205,-0.031028297,-0.422134,-0.12151845,-0.4040236,-0.120570794,0.53294986,2.312055,-0.9184489,0.51908255,2.5219088,-0.9487728,0.51908165,2.5219047,-0.9487595,0.14977345,-1.7385147,-0.4487991,0.10211819,-1.6220415,-0.41214356,0.10211819,-1.6220415,-0.41214356,-0.10717156,-3.0326777,0.37219837,0.02267612,3.0685632,0.19190978,-2.9528327,4.180231,-1.6644244,-0.652942,1.1288731,0.40845832,-0.5345676,2.7650263,0.49339223,-0.5551728,2.2832367,-0.54702103
0.7214597,-0.42414436,-0.110405006,-0.15117973,0.016889315,-0.57842577,-0.17399237,-0.37275657,-0.06675231,0.6843126,2.3716512,-0.8579158,0.6234858,3.0414739,-0.99401194,0.6234855,3.0414724,-0.9940076,0.27581444,-2.011,-0.4199787,0.2910726,-2.048372,-0.4235385,0.2910726,-2.048372,-0.4235385,-0.17544085,-3.3621554,0.068497226,-0.060465712,2.5072172,-0.11126218,-2.5394282,2.1733413,-1.4583049,-0.52743703,1.571013,0.06600497,-0.47023812,2.4671552,0.11233009,-0.513449,1.4923023,-0.55471516
0.5892568,-0.40446177,-0.18020959,0.0069820276,0.017923532,-0.68336916,-0.15888561,-0.25961968,-0.03315388,0.7940178,2.381775,-0.7899663,0.6867265,3.5459366,-1.0257907,0.68672645,3.5459363,-1.0257896,0.38762826,-2.3031232,-0.38478908,0.46262446,-2.4870129,-0.4233089,0.46262446,-2.4870129,-0.4233089,-0.20191453,-3.5880132,-0.16497083,-0.09079467,1.7580996,-0.33715236,-1.7820109,0.076887436,-1.0078924,-0.4085025,1.9198035,-0.25558576,-0.3967788,2.183497,-0.23210154,-0.45043337,0.89704114,-0.5275677
0.441988,-0.3490353,-0.18902259,0.15049848,-0.018107472,-0.735876,-0.09461262,-0.0755624,-0.03602876,0.86220527,2.3579462,-0.74087554,0.7118566,4.0296984,-1.0625323,0.7118566,4.0296984,-1.0625321,0.46956557,-2.6000268,-0.41458842,0.6016953,-2.927483,-0.48375577,0.6016953,-2.927483,-0.48375577,-0.17592172,-3.7415736,-0.29387543,-0.063702784,0.8757793,-0.4503925,-0.81659037,-1.8585588,-0.408458,-0.30646086,2.149497,-0.4971206,-0.3276801,1.9339126,-0.4842284,-0.3865077,0.48360604,-0.48421872
0.30548623,-0.28001732,-0.13913713,0.25474292,-0.066220276,-0.74531555,-0.026324142,0.12649715,-0.08143757,0.89720696,2.3128529,-0.73262113,0.7101626,4.491631,-1.1218276,0.7101626,4.491631,-1.1218276,0.51370126,-2.8816485,-0.6354408,0.6995034,-3.3575346,-0.73161656,0.6995034,-3.3575346,-0.73161656,-0.103123404,-3.8286507,-0.32267714,0.006063867,-0.077336185,-0.45520315,0.08627738,-3.4834466,0.15881257,-0.22827607,2.2640233,-0.61785644,-0.27328482,1.729229,-0.60745937,-0.33874607,0.21927664,-0.41927677
0.2083794,-0.22551,-0.048806667,0.31096068,-0.100170344,-0.7236163,0.012248122,0.29385394,-0.1575751,0.90347224,2.2613676,-0.7726383,0.6892757,4.937743,-1.2101152,0.6892757,4.937743,-1.2101152,0.51790476,-3.117303,-1.2105057,0.75415814,-3.7681696,-1.3329563,0.75415814,-3.7681696,-1.3329563,-0.0045636375,-3.836853,-0.29129112,0.09053788,-1.0317894,-0.3936342,0.6982379,-4.734727,0.53853935,-0.17662773,2.3007145,-0.60367376,-0.23937897,1.5744914,-0.59105074,-0.3197681,0.083092436,-0.33160138
0.1676595,-0.20256452,0.06059411,0.32988346,-0.10730318,-0.6803484,0.022761466,0.410591,-0.24119338,0.8753602,2.2177858,-0.8670058,0.6479863,5.3693666,-1.3344121,0.6479863,5.3693666,-1.3344121,0.4955871,-3.2722979,-2.2151525,0.77779245,-4.154841,-2.3683617,0.77779245,-4.154841,-2.3683617,0.09614168,-3.7568672,-0.2477391,0.1638415,-1.9246751,-0.31851408,0.9779408,-5.6237636,0.69150746,-0.14658031,2.3119726,-0.4757478,-0.22325516,1.4711797,-0.4583218,-0.33367702,0.07187025,-0.2534385
0.18232192,-0.20591886,0.16669051,0.32928365,-0.09416001,-0.6209817,0.022151899,0.48988172,-0.32073802,0.8017286,2.1841714,-1.0424067,0.58155173,5.7598906,-1.5227373,0.58155173,5.7598906,-1.5227373,0.48173568,-3.3305357,-3.4776943,0.79594827,-4.513987,-3.6700914,0.79594827,-4.513987,-3.6700914,0.18481565,-3.5983274,-0.22271658,0.21315229,-2.723393,-0.26646087,1.0266119,-6.225833,0.67140657,-0.12770164,2.3306346,-0.27982336,-0.21472211,1.4154893,-0.25658375,-0.3729723,0.1795373,-0.22709242
0.23586866,-0.21284951,0.2507645,0.32051063,-0.079220496,-0.547442,0.01705489,0.54315245,-0.4020159,0.6729908,2.1521285,-1.3516247,0.48821327,6.0542355,-1.829218,0.48821327,6.0542355,-1.829218,0.5210891,-3.3113759,-4.5934277,0.83535194,-4.8412185,-4.833481,0.83535194,-4.8412185,-4.833481,0.25904718,-3.387612,-0.21906056,0.23845193,-3.437282,-0.24553108,0.9496175,-6.6490088,0.5462159,-0.10994743,2.3547828,-0.056934252,-0.20189479,1.3970544,-0.02807166,-0.4200024,0.37672275,-0.253577
0.3013008,-0.20084108,0.31243384,0.30806974,-0.077186696,-0.46092793,0.010641432,0.56603336,-0.4806358,0.48381972,2.1207302,-1.8438975,0.36863336,6.198087,-2.3052654,0.36863336,6.198087,-2.3052654,0.63905925,-3.255214,-5.1808257,0.9067024,-5.1271653,-5.4746604,0.9067024,-5.1271653,-5.4746604,0.3207406,-3.1481419,-0.21762323,0.24383976,-4.0960994,-0.24005963,0.7987634,-6.980814,0.3661625,-0.08572455,2.369101,0.1762236,-0.17580153,1.3948175,0.21010597,-0.45322213,0.6060543,-0.2795806
0.34969816,-0.16248256,0.3743884,0.2931725,-0.086388506,-0.36548218,0.016032733,0.54440695,-0.5258592,0.2336534,2.1117055,-2.5305662,0.22085445,6.169657,-2.9653308,0.22085445,6.169657,-2.9653308,0.82372797,-3.19784,-5.1381183,0.9990294,-5.360003,-5.4903865,0.9990294,-5.360003,-5.4903865,0.3687023,-2.8863273,-0.19042002,0.23090564,-4.717323,-0.2238707,0.6036612,-7.2519846,0.18139772,-0.049330864,2.3778634,0.41719943,-0.13198641,1.3786851,0.4564942,-0.4576748,0.8064382,-0.25050235
0.3620082,-0.106015906,0.46165696,0.2718677,-0.089539096,-0.2690858,0.04341637,0.46560055,-0.50897557,-0.06541287,2.156769,-3.35754,0.0418721,5.9767675,-3.7572265,0.0418721,5.9767675,-3.7572265,1.0341004,-3.1575754,-4.642069,1.0887719,-5.528461,-5.0563545,1.0887719,-5.528461,-5.0563545,0.39835277,-2.5948317,-0.11562703,0.19997573,-5.290345,-0.17518161,0.40492815,-7.447925,0.05291109,0.0023457047,2.40853,0.6487014,-0.070271716,1.318248,0.6956501,-0.43282592,0.946151,-0.17851365
0.33923754,-0.04621127,0.58103764,0.2366379,-0.068337545,-0.17923631,0.084669545,0.33011243,-0.43728015,-0.3727813,2.276053,-4.173793,-0.15963426,5.635784,-4.527432,-0.15963426,5.635784,-4.527432,1.2156478,-3.1443377,-3.9417622,1.1470867,-5.6246133,-4.4167767,1.1470867,-5.6246133,-4.4167767,0.40632823,-2.268068,0.009936693,0.1547981,-5.7871246,-0.089086555,0.24529496,-7.544208,0.028967582,0.06709708,2.4892783,0.83551645,0.0058164303,1.1978449,0.89343894,-0.38857362,1.0375437,-0.13578075
0.30105293,0.0052848714,0.7222908,0.18805678,-0.020810077,-0.09589585,0.12503052,0.16180237,-0.3464176,-0.6173614,2.4635684,-4.7291,-0.35272548,5.1623473,-5.0194964,-0.35272548,5.1623473,-5.0194964,1.3095107,-3.1671746,-3.1817732,1.1403354,-5.6390653,-3.7048438,1.1403354,-5.6390653,-3.7048438,0.3937698,-1.9118179,0.16473693,0.10387538,-6.1801753,0.016625622,0.14559194,-7.5256805,0.111254185,0.13598268,2.6246927,0.9571507,0.08976989,1.0239245,1.0282077,-0.33058912,1.1159105,-0.16413121
0.27080035,0.047589,0.86451447,0.1408658,0.035297867,-0.012033195,0.15913503,0.0010774932,-0.26897013,-0.7395703,2.6825693,-4.799924,-0.49970648,4.593767,-5.0093637,-0.49970648,4.593767,-5.0093637,1.2786733,-3.2257452,-2.3991666,1.048487,-5.564163,-2.9460711,1.0484868,-5.5641627,-2.9460711,0.36772278,-1.549409,0.30650884,0.059370644,-6.4490333,0.10552235,0.096961915,-7.3864117,0.24940741,0.19431214,2.8009992,1.022488,0.17227001,0.8154096,1.1060029,-0.25290456,1.2066559,-0.22183503
0.25640267,0.0932624,0.9729556,0.11194866,0.07742472,0.07595537,0.18364121,-0.12067954,-0.21948516,-0.75488764,2.8653517,-4.396903,-0.59200543,4.010332,-4.5239162,-0.59200543,4.010332,-4.5239162,1.148334,-3.288689,-1.6393971,0.8988104,-5.4029427,-2.1862864,0.8988102,-5.4029417,-2.1862864,0.34244365,-1.2203943,0.38577595,0.036965705,-6.5684824,0.135917,0.07799518,-7.118909,0.37711954,0.22540067,3.0079086,1.0362124,0.24125768,0.58362406,1.1292977,-0.1482174,1.308761,-0.24242899
0.24700376,0.15731968,1.0104202,0.10654748,0.095450915,0.15936653,0.18567494,-0.19809449,-0.19782825,-0.75447506,2.938168,-3.8015783,-0.6594434,3.5147762,-3.8732853,-0.6594434,3.5147762,-3.8732853,1.0024731,-3.2967718,-1.0107937,0.76264995,-5.17576,-1.5497826,0.76264954,-5.1757574,-1.5497823,0.33983037,-0.96755546,0.35971704,0.055905275,-6.496286,0.07348195,0.07557266,-6.7005606,0.46058562,0.21621348,3.242454,0.9720265,0.2830211,0.33361742,1.0714266,-0.021621719,1.4040544,-0.20808718
0.23114856,0.23584044,0.9719642,0.120027274,0.09504255,0.22119589,0.1534589,-0.24132606,-0.19278044,-0.8158618,2.8657448,-3.3193588,-0.7317703,3.163154,-3.3804264,-0.7317703,3.163154,-3.3804264,0.91203046,-3.1990206,-0.5979493,0.6934809,-4.906465,-1.1393824,0.69347996,-4.906459,-1.1393814,0.38144177,-0.8100733,0.20720705,0.13163769,-6.177893,-0.09569448,0.08622746,-6.084298,0.5170371,0.16390418,3.4752362,0.80455923,0.286027,0.09360515,0.90694803,0.108657904,1.47969,-0.13573758
0.21627815,0.29745147,0.8978205,0.14801,0.0893299,0.24690986,0.09302511,-0.25889683,-0.18551818,-0.92852914,2.6737862,-3.0342631,-0.80341035,2.9244149,-3.1195424,-0.80341035,2.9244149,-3.1195424,0.8749956,-2.9872165,-0.37071875,0.6784157,-4.603872,-0.9290742,0.678414,-4.60386,-0.92907226,0.46574804,-0.73088515,-0.042944744,0.25596297,-5.568108,-0.33775792,0.10076055,-5.21987,0.59246635,0.08033634,3.6268034,0.5560091,0.2469004,-0.06186668,0.6564185,0.21954279,1.5553635,-0.033933446
0.22427137,0.3034566,0.83411855,0.1884924,0.08945901,0.23251806,0.024346577,-0.25770187,-0.16013564,-1.0257049,2.4179823,-2.8419082,-0.84875315,2.71434,-2.9595149,-0.84875315,2.71434,-2.9595149,0.8395123,-2.6876132,-0.2222068,0.66413504,-4.2538733,-0.7999004,0.66413265,-4.253856,-0.79989743,0.5462054,-0.68982303,-0.28709722,0.37911987,-4.655952,-0.54583216,0.09373183,-4.0971475,0.7146887,-0.009186054,3.5981507,0.2929338,0.17555623,-0.03917993,0.3839422,0.2912573,1.6923193,0.08537631
0.26169264,0.23845243,0.78838354,0.23826207,0.09733155,0.1882446,-0.03745017,-0.24897715,-0.1149038,-1.0662423,2.1382918,-2.645008,-0.86055976,2.465409,-2.7822988,-0.86055976,2.465409,-2.7822988,0.7661068,-2.3270624,-0.07088326,0.6139904,-3.836586,-0.65658253,0.6139878,-3.8365662,-0.6565791,0.5454139,-0.64730096,-0.37568828,0.42444268,-3.48054,-0.56967336,0.03913528,-2.7601278,0.8528527,-0.07493953,3.3430285,0.08046903,0.09482053,0.20862491,0.15415402,0.31979105,1.9701651,0.18533997
0.29342678,0.123221956,0.73322505,0.29220504,0.10195735,0.13747554,-0.092438586,-0.24330698,-0.061897896,-1.0645567,1.844125,-2.445352,-0.85961056,2.1561022,-2.5849698,-0.85961056,2.1561022,-2.5849698,0.6504008,-1.9105899,0.10689821,0.52449995,-3.3505979,-0.47589827,0.5244976,-3.3505807,-0.47589523,0.41199374,-0.57485384,-0.20917405,0.3403688,-2.1328766,-0.31478786,-0.058270507,-1.2729968,0.9158084,-0.09621502,2.9145818,-0.05478181,0.03235796,0.6284676,-0.0031646716,0.33141232,2.435106,0.23925918
0.25531933,0.0017502697,0.6411102,0.34670076,0.08496925,0.104317576,-0.15076305,-0.24359311,-0.014682072,-1.0604416,1.5282904,-2.295288,-0.87315696,1.7971952,-2.426629,-0.87315696,1.7971952,-2.426629,0.50246733,-1.4268125,0.3083888,0.4031201,-2.82291,-0.27728042,0.40311855,-2.8228984,-0.2772783,0.16922934,-0.46120563,0.17611486,0.1442357,-0.7468298,0.16988905,-0.15540473,0.2908871,0.8053957,-0.0695894,2.4247172,-0.12618783,0.008115531,1.0927465,-0.09579864,0.37950718,3.0812843,0.27832812
0.106392674,-0.084966294,0.50436264,0.40098414,0.036525078,0.094665974,-0.22003242,-0.2486984,0.025157377,-1.0801893,1.1811258,-2.2224147,-0.91126704,1.4052317,-2.3446584,-0.91126704,1.4052317,-2.3446584,0.32677108,-0.8681058,0.52956706,0.25106934,-2.2884698,-0.0822711,0.2510685,-2.2884634,-0.08226996,-0.09460396,-0.31833372,0.61569506,-0.08581617,0.5249129,0.7028138,-0.20486118,1.8037711,0.49991342,-0.006201787,1.9280677,-0.16324322,0.024168644,1.5032177,-0.14871633,0.51081353,3.882108,0.3739276
-0.13108365,-0.12029946,0.33136934,0.4556132,-0.030515414,0.09398704,-0.295125,-0.25616816,0.07030412,-1.1163603,0.79735553,-2.1967983,-0.95672035,0.99030334,-2.3154063,-0.95672035,0.99030334,-2.3154063,0.1257233,-0.24542983,0.758969,0.06984572,-1.7633855,0.096158095,0.06984537,-1.7633828,0.09615857,-0.28028092,-0.17166892,0.9102906,-0.25811693,1.5518591,1.0697529,-0.19010553,3.0568724,0.101090916,0.077951446,1.3306333,-0.18831606,0.0633402,1.896846,-0.1832158,0.7279886,4.8284187,0.57053345
-0.38596547,-0.11645494,0.13783884,0.5086971,-0.08325456,0.08974092,-0.3561769,-0.2556207,0.13574862,-1.124023,0.38000643,-2.1297028,-0.9665362,0.55455166,-2.248596,-0.9665362,0.55455166,-2.248596,-0.0860377,0.41110805,0.96908605,-0.124679856,-1.2356693,0.24869955,-0.124679975,-1.2356684,0.2486997,-0.3298644,-0.02893829,0.9344356,-0.31366158,2.2717657,1.1376201,-0.12333872,3.8358164,-0.20973147,0.1689214,0.4399229,-0.21103764,0.09882903,2.4311063,-0.21054062,0.98617107,5.900469,0.84303975
-0.58807856,-0.10221426,-0.05510406,0.5505944,-0.08981,0.09042575,-0.37527782,-0.22997932,0.22233696,-1.0279644,-0.06263187,-1.8868047,-0.87765896,0.09334375,-2.001273,-0.87765896,0.09334375,-2.001273,-0.27862647,1.0578268,1.1204454,-0.30162755,-0.6802969,0.3645999,-0.30162758,-0.68029666,0.36459997,-0.24735914,0.13761224,0.6946764,-0.24700019,2.6982193,0.9130075,-0.022613745,4.038139,-0.28639495,0.2551507,-0.8373389,-0.2334098,0.111147135,3.2101884,-0.23412709,1.2340677,6.981275,1.1218265
-0.7064974,-0.102936335,-0.22116317,0.5613016,-0.043646727,0.11615468,-0.3301416,-0.17428236,0.30970094,-0.7479022,-0.5271591,-1.3228178,-0.62342185,-0.40457892,-1.4190025,-0.62342185,-0.40457892,-1.4190025,-0.42322564,1.6431917,1.1767226,-0.43268052,-0.08029161,0.4345998,-0.43268055,-0.08029157,0.43459982,-0.08620234,0.36745268,0.31168306,-0.099973194,2.882631,0.52074885,0.096705265,3.7307792,-0.12064084,0.32514173,-2.308488,-0.25291896,0.10179575,4.084439,-0.25085032,1.4576999,7.795197,1.3519901
-0.7553449,-0.12511106,-0.33581376,0.5188537,0.030993897,0.178368,-0.21893078,-0.10632576,0.36549187,-0.24512984,-1.0178463,-0.3525988,-0.17141692,-0.9508943,-0.41353494,-0.17141692,-0.9508943,-0.41353494,-0.5109376,2.119768,1.1192925,-0.510065,0.5647127,0.4564873,-0.510065,0.56471276,0.4564873,0.08333925,0.67346203,-0.052434627,0.063793786,2.873006,0.12783794,0.21624441,3.1043308,0.15741783,0.3718132,-3.555829,-0.25860828,0.09308743,4.678929,-0.24760143,1.6606194,7.973369,1.5056801
-0.77216506,-0.15453751,-0.39023852,0.41766593,0.0979814,0.27368978,-0.06767898,-0.04819779,0.3669212,0.42682883,-1.533116,0.96024185,0.42915875,-1.5410575,0.9470017,0.42915875,-1.5410575,0.9470017,-0.5553993,2.4639776,0.95402515,-0.547136,1.2464249,0.43762937,-0.547136,1.2464249,0.43762937,0.20760582,1.0285922,-0.27677116,0.1900905,2.7153285,-0.13926247,0.31368983,2.374697,0.38694412,0.4008235,-4.256803,-0.23046753,0.11099558,4.6940556,-0.20307505,1.7870133,7.25202,1.5334172
-0.7840506,-0.16787736,-0.399145,0.27932218,0.13105132,0.3888208,0.078017384,-0.0010068459,0.32104042,1.1117325,-2.0538871,2.3739772,1.0378036,-2.1411536,2.409953,1.0378036,-2.1411536,2.409953,-0.57848203,2.6859176,0.7048605,-0.5624061,1.9581143,0.38992086,-0.5624061,1.9581143,0.38992086,0.2668119,1.3840077,-0.32983792,0.25415233,2.4695013,-0.2419884,0.3718477,1.7003453,0.48710912,0.4272861,-4.4266467,-0.15230758,0.16359793,4.1454515,-0.10254748,1.6977206,5.653604,1.3484261
-0.7837656,-0.14986666,-0.3926584,0.14185865,0.11976501,0.5013484,0.17506133,0.054779124,0.26611888,1.6122344,-2.5496235,3.5621579,1.4822212,-2.6954515,3.6338556,1.4822212,-2.6954515,3.6338556,-0.59287,2.8172112,0.39888582,-0.5621686,2.6918066,0.32009187,-0.5621686,2.6918066,0.32009187,0.26986486,1.6949344,-0.26232973,0.26005745,2.2033088,-0.22335167,0.3875933,1.1607407,0.47407955,0.4567493,-4.3210835,-0.032955814,0.23202169,3.2747834,0.040887386,1.2745376,3.4950428,0.90655243
-0.7394812,-0.10377177,-0.39840227,0.036702137,0.06722418,0.5799933,0.20276608,0.13646789,0.24581753,1.7986115,-2.995169,4.305945,1.6529284,-3.162217,4.3880544,1.6529284,-3.162217,4.3880544,-0.59493846,2.892186,0.054508343,-0.5346225,3.4301853,0.22317165,-0.5346225,3.4301853,0.22317165,0.23851089,1.9365976,-0.1607037,0.22752154,1.9664112,-0.16404258,0.37265345,0.7764168,0.4060146,0.47367245,-4.1711683,0.089402616,0.28197217,2.3011284,0.18341507,0.56738853,1.2089597,0.29438254
-0.6344775,-0.048092168,-0.42784578,-0.026840238,-0.009065445,0.5950388,0.16750963,0.2401731,0.27263388,1.6892865,-3.3772454,4.646636,1.561991,-3.550325,4.7160225,1.561991,-3.550325,4.7160225,-0.5747014,2.9387105,-0.31208163,-0.4620337,4.144183,0.0920317,-0.4620337,4.144183,0.0920317,0.1942609,2.1047144,-0.095130995,0.17853205,1.7764064,-0.13180624,0.34568405,0.5354015,0.33005774,0.45540196,-4.0549636,0.17210348,0.28773203,1.3162013,0.27711916,-0.17290579,-0.8767313,-0.29016072
-0.49462324,-0.0033390243,-0.47444373,-0.05911689,-0.08094135,0.5362233,0.09473514,0.3440148,0.31852812,1.4259768,-3.6881483,4.8394527,1.3165061,-3.918373,4.890299,1.3165061,-3.918373,4.890299,-0.53840846,2.9746408,-0.66036665,-0.3450568,4.803423,-0.051936038,-0.3450568,4.803423,-0.051936038,0.15280671,2.2091942,-0.09349593,0.13011669,1.6294667,-0.15475655,0.32278076,0.41013902,0.265034,0.39450768,-3.9492457,0.19782346,0.24835548,0.34314242,0.30152285,-0.6371482,-2.6260712,-0.65435
-0.37187067,0.02062023,-0.5222797,-0.07579393,-0.1254924,0.42295393,0.016803002,0.42746702,0.34580782,1.1538476,-3.9155273,5.109355,1.0293931,-4.3230443,5.1538982,1.0293931,-4.3230443,5.1538982,-0.521768,3.0010645,-0.9078803,-0.21839485,5.3855605,-0.13639331,-0.21839485,5.3855605,-0.13639331,0.12292603,2.2661028,-0.14933792,0.09229886,1.5203127,-0.22743145,0.31292778,0.36630392,0.20857096,0.30403936,-3.8200133,0.1794478,0.18327811,-0.5922797,0.26981837,-0.6751518,-4.010886,-0.72362095
-0.30477214,0.027825475,-0.5585024,-0.087050796,-0.13895552,0.29442546,-0.041148912,0.4834509,0.34069327,0.92332137,-4.043931,5.447588,0.7521983,-4.772371,5.502414,0.7521983,-4.772371,5.502414,-0.5680685,3.0041795,-0.9608324,-0.13226983,5.8753915,-0.069723316,-0.13226983,5.8753915,-0.069723316,0.10691833,2.290601,-0.24553722,0.06837823,1.4520993,-0.33316094,0.31921482,0.3712608,0.15218887,0.20507091,-3.660943,0.13865903,0.11567168,-1.45659,0.20729037,-0.3855274,-5.0223784,-0.56808686
-0.2956601,0.029615289,-0.5811372,-0.098679855,-0.13264082,0.18418105,-0.072648585,0.5110262,0.3128449,0.70455825,-4.067307,5.6492662,0.48652476,-5.225438,5.7229066,0.48652476,-5.225438,5.7229066,-0.6804546,2.9698908,-0.7840645,-0.107265905,6.2523313,0.18120319,-0.107265905,6.2523313,0.18120319,0.10222095,2.2907622,-0.37091836,0.056319922,1.425611,-0.46112478,0.34140342,0.39820188,0.09326049,0.11305512,-3.4828603,0.0822399,0.0599127,-2.2349973,0.12562409,0.005379702,-5.6974254,-0.33642906
-0.31814915,0.036302987,-0.59842014,-0.116533324,-0.117384724,0.10098012,-0.08777996,0.5037412,0.27489734,0.46208024,-4.002258,5.5081477,0.23084174,-5.6270576,5.600099,0.23084174,-5.6270576,5.600099,-0.8049389,2.8980906,-0.421723,-0.11337464,6.4926972,0.5672338,-0.11337464,6.4926972,0.5672338,0.10321281,2.2719584,-0.5224623,0.0495022,1.4278321,-0.61000276,0.3756248,0.43233496,0.034885157,0.03466738,-3.292539,-0.0036033844,0.020517334,-2.945238,0.014983377,0.3237902,-6.1588507,-0.16344906
-0.33984986,0.053445086,-0.6205305,-0.14466158,-0.09386866,0.0324482,-0.09621786,0.4527502,0.23288675,0.19643411,-3.8847184,4.965438,-0.00042431863,-5.9315886,5.0722384,-0.00042431863,-5.9315886,5.0722384,-0.87227124,2.799715,0.064234346,-0.10211699,6.588304,1.0264157,-0.10211699,6.588304,1.0264157,0.10308624,2.2484083,-0.69718486,0.03765232,1.4330585,-0.78068936,0.41157493,0.4740034,-0.021575544,-0.026526034,-3.082276,-0.13728005,-0.0019700301,-3.6209998,-0.14078732,0.510266,-6.5486574,-0.11746018
-0.3411928,0.080532186,-0.65290296,-0.17977732,-0.055733994,-0.036959507,-0.096033685,0.36023474,0.19079402,-0.06506635,-3.7545924,4.1263256,-0.18943405,-6.1117973,4.246532,-0.18943405,-6.1117973,4.246532,-0.8482643,2.6944792,0.6546318,-0.05111329,6.5565763,1.5501132,-0.051113293,6.5565763,1.5501132,0.09581797,2.247942,-0.88287354,0.009240905,1.4175464,-0.9658426,0.43391004,0.5408268,-0.073034145,-0.06457212,-2.8345528,-0.32361418,-0.0069950493,-4.2844796,-0.3456601,0.5782476,-6.9270554,-0.19496337
-0.31928432,0.10974746,-0.6954388,-0.21136042,-0.0002916212,-0.11194546,-0.082350716,0.24546535,0.15364426,-0.29093787,-3.6372726,3.1831937,-0.32727945,-6.1584463,3.318025,-0.32727945,-6.1584463,3.318025,-0.7377624,2.6136696,1.3470116,0.029011233,6.418071,2.1497488,0.029011212,6.418071,2.1497488,0.07763013,2.2946165,-1.0548675,-0.04377701,1.3713117,-1.143717,0.4305858,0.6584923,-0.10030989,-0.07321287,-2.5288165,-0.54726803,0.0036068032,-4.930415,-0.5845071,0.5675281,-7.2651787,-0.34237134
-0.28148165,0.12926397,-0.74643236,-0.22915979,0.06356711,-0.18426879,-0.061478008,0.13415834,0.12399471,-0.45994645,-3.540385,2.3189826,-0.41554335,-6.0806255,2.4700632,-0.41554335,-6.0806255,2.4700632,-0.56218296,2.5958786,2.0919297,0.11556717,6.1731005,2.7834642,0.115567066,6.173101,2.7834642,0.047042176,2.385722,-1.186999,-0.1215994,1.303545,-1.28642,0.40139145,0.8396961,-0.07063803,-0.050709635,-2.1529295,-0.7784001,0.022096924,-5.5296426,-0.8288068,0.5205164,-7.513296,-0.49374464
-0.2376373,0.1330194,-0.8043306,-0.2313843,0.11720526,-0.23995394,-0.04999533,0.04050659,0.09778329,-0.56834847,-3.4611816,1.6389613,-0.4651664,-5.8989463,1.8056962,-0.46516636,-5.8989463,1.8056962,-0.35406378,2.659976,2.7698512,0.18636166,5.8059325,3.3345404,0.18636125,5.805934,3.33454,0.0043968335,2.4853268,-1.2680547,-0.21594256,1.235352,-1.3766054,0.35611475,1.0615078,0.030239627,0.0002600606,-1.7149776,-0.98528504,0.037962757,-6.0420976,-1.0491866,0.46097836,-7.649322,-0.61326057
-0.1986102,0.12869014,-0.86720467,-0.22529508,0.14340614,-0.2688338,-0.060058996,-0.03851441,0.06575745,-0.6286764,-3.3946764,1.1591591,-0.49277508,-5.6422668,1.3383404,-0.49277502,-5.6422668,1.3383404,-0.16866983,2.7878354,3.2083464,0.21321693,5.3139663,3.636074,0.21321565,5.313969,3.6360724,-0.045458447,2.5514326,-1.302975,-0.3146566,1.1803099,-1.4127896,0.3006264,1.2716475,0.17511357,0.08297637,-1.2530122,-1.1610543,0.050356146,-6.430729,-1.2420655,0.39190432,-7.682074,-0.71429265
-0.17756887,0.13454309,-0.9306941,-0.21913284,0.1385529,-0.27070957,-0.08758723,-0.110222846,0.020787966,-0.66174316,-3.3282542,0.83970284,-0.5146157,-5.3430653,1.0277926,-0.5146154,-5.343064,1.0277923,-0.076503195,2.9351587,3.2278378,0.16045171,4.727004,3.5186975,0.16044864,4.7270117,3.5186937,-0.08930081,2.572979,-1.2938373,-0.40780568,1.1246382,-1.3954602,0.22429985,1.4273862,0.31381488,0.21485661,-0.8282364,-1.3458055,0.07749871,-6.6655746,-1.4512774,0.3221446,-7.6303883,-0.83537734
-0.18641262,0.167583,-0.987247,-0.21524638,0.115103796,-0.2533785,-0.11450721,-0.17364956,-0.034415513,-0.6893018,-3.238969,0.6338977,-0.5437596,-5.0299788,0.8297167,-0.54375863,-5.0299754,0.8297159,-0.119491905,3.0563905,2.7503722,0.011457637,4.108962,2.9168358,0.011451908,4.1089764,2.9168289,-0.10900083,2.579173,-1.228476,-0.4892031,1.0385494,-1.3164468,0.10821372,1.53305,0.4101074,0.41491562,-0.5012703,-1.6010903,0.1453378,-6.717337,-1.7411187,0.2784049,-7.5028634,-0.99838394
-0.22516859,0.23087396,-1.0259653,-0.21178643,0.09163241,-0.22489436,-0.12289687,-0.22358106,-0.086761706,-0.7308683,-3.1004257,0.5127528,-0.5920378,-4.710915,0.71732694,-0.5920354,-4.710907,0.71732503,-0.26212808,3.1131918,1.92737,-0.1931123,3.536656,1.993989,-0.19312066,3.5366764,1.9939787,-0.094442606,2.6029224,-1.0953913,-0.5520194,0.916467,-1.1688255,-0.04769199,1.6357448,0.45672786,0.67016375,-0.29981866,-1.9330064,0.25674155,-6.5471306,-2.116651,0.2759135,-7.275508,-1.1861186
-0.27626196,0.30587155,-1.0331962,-0.20919791,0.080183946,-0.18740448,-0.108326375,-0.26047575,-0.12200049,-0.79601204,-2.8961802,0.4582733,-0.6652106,-4.369521,0.672278,-0.6652056,-4.3695045,0.6722742,-0.39646927,3.0770757,1.1161904,-0.3572293,3.070181,1.1168898,-0.35723886,3.070204,1.1168782,-0.051878806,2.6442935,-0.89973277,-0.585222,0.7998247,-0.958525,-0.2114578,1.7897477,0.4673552,0.9137828,-0.20715201,-2.2402365,0.3724776,-6.108729,-2.468544,0.29205096,-6.8731833,-1.3537672
-0.31304777,0.35563657,-0.99380153,-0.21266297,0.08146007,-0.13808075,-0.08104281,-0.28989404,-0.13706188,-0.8719768,-2.6220765,0.43896958,-0.7497445,-3.9804215,0.6610987,-0.7497359,-3.9803936,0.6610925,-0.4108031,2.9359963,0.6535713,-0.3865395,2.7243345,0.6243035,-0.3865482,2.7243547,0.6242928,0.0028705844,2.6707299,-0.65533006,-0.57609177,0.74747145,-0.69786817,-0.3403621,2.018993,0.46413094,1.0448142,-0.17959514,-2.3550105,0.42872858,-5.3693566,-2.6135006,0.2867873,-6.169618,-1.4521083
-0.31595242,0.3443048,-0.89505094,-0.22942032,0.08664571,-0.072975,-0.055128746,-0.3142425,-0.14149961,-0.9264514,-2.2811615,0.40736404,-0.8131426,-3.53355,0.6358363,-0.8131306,-3.5335112,0.635828,-0.24296358,2.6978178,0.66336167,-0.23215008,2.4720175,0.6344421,-0.23215681,2.4720309,0.6344335,0.058528688,2.6425452,-0.36605966,-0.51321,0.79503924,-0.3912865,-0.4119127,2.307269,0.46836072,0.9762277,-0.17692967,-2.1426196,0.37449104,-4.3346214,-2.3986635,0.23791273,-5.0274477,-1.4270701
-0.2819834,0.26489964,-0.7332937,-0.2639897,0.08118483,0.009861162,-0.035744376,-0.3298424,-0.14464113,-0.93382186,-1.8779601,0.32578224,-0.82884705,-3.0392504,0.5608757,-0.82883304,-3.0392053,0.5608666,0.12756945,2.3780684,1.0863556,0.11839703,2.2726028,1.0803578,0.118391685,2.272609,1.0803502,0.11465576,2.5288532,-0.024946617,-0.38718697,0.94556195,-0.035552785,-0.43252212,2.6177444,0.49163598,0.6804456,-0.1783848,-1.5820782,0.1998149,-3.060125,-1.7920089,0.14574146,-3.3794048,-1.2088419
-0.22028682,0.15032497,-0.5199272,-0.31553653,0.049603757,0.10611033,-0.01589645,-0.3323305,-0.14416158,-0.89867955,-1.4204754,0.19387835,-0.8005003,-2.516415,0.43779927,-0.80048686,-2.516372,0.43779096,0.68593675,1.989361,1.7962086,0.6454863,2.0947552,1.8307667,0.6454809,2.0947556,1.830758,0.17746477,2.312486,0.37033996,-0.19436434,1.1850255,0.36737183,-0.4290278,2.9387321,0.52962077,0.20980561,-0.1858303,-0.784152,-0.05601013,-1.6478755,-0.9085193,0.02175038,-1.312243,-0.7521418
-0.13789983,0.051762033,-0.28087655,-0.37802923,-0.016857184,0.2006613,0.014736914,-0.32344803,-0.13093342,-0.8477158,-0.92443264,0.04286024,-0.75523734,-1.974713,0.29569548,-0.7552268,-1.9746794,0.29568925,1.3380777,1.5447472,2.6088877,1.2541887,1.9047135,2.6964355,1.2541822,1.9047105,2.6964245,0.25038856,1.9918462,0.80165094,0.05268599,1.4892609,0.7976658,-0.4403876,3.3159602,0.5622354,-0.3170482,-0.21644245,0.054574758,-0.31658748,-0.23153557,0.03543706,-0.11111765,0.91150314,-0.12516257
-0.026723305,0.0012927915,-0.04684789,-0.44367003,-0.112794876,0.2722329,0.058707103,-0.31186026,-0.104085386,-0.7986073,-0.4116066,-0.09493984,-0.7123997,-1.4131529,0.16131945,-0.7123931,-1.413132,0.16131571,1.8922069,1.0621434,3.2556112,1.7580884,1.653244,3.3986752,1.7580814,1.6532397,3.3986633,0.32469547,1.5733835,1.2230382,0.31914327,1.8303008,1.2111634,-0.5107218,3.8379152,0.55698836,-0.76537085,-0.28216448,0.7432828,-0.50467736,1.0462309,0.8215175,-0.22147343,2.9320047,0.4712543
0.13296548,-0.009390317,0.16015837,-0.5063555,-0.21688387,0.30816677,0.107262075,-0.30675116,-0.07876196,-0.73797345,0.100137204,-0.21087655,-0.65967464,-0.8325372,0.039760724,-0.6596716,-0.832528,0.039759263,2.1454816,0.5578874,3.4683242,1.9652796,1.2914513,3.6560693,1.9652736,1.2914474,3.6560588,0.3760464,1.0554004,1.5657798,0.556407,2.187601,1.5429124,-0.67217004,4.5627956,0.47746494,-1.0485522,-0.36124063,1.187464,-0.5879442,2.0664449,1.3313544,-0.29286715,4.44199,0.8225342
0.34709993,-0.018423023,0.3304801,-0.5619992,-0.29822704,0.31114516,0.14299455,-0.31062317,-0.077714525,-0.6309617,0.60216475,-0.318678,-0.5614873,-0.24640386,-0.08087933,-0.561487,-0.2464046,-0.080878586,2.0201674,0.047333963,3.1461055,1.8114818,0.80665046,3.3558967,1.8114778,0.8066477,3.3558896,0.37289536,0.42810777,1.7597557,0.7192229,2.5512998,1.7264179,-0.9264199,5.4525733,0.30075696,-1.1598791,-0.39188984,1.4110942,-0.5940116,2.7638178,1.5777358,-0.34029147,5.2927227,0.8376488
0.58035743,-0.06138457,0.45695943,-0.6046066,-0.32884288,0.28787372,0.14507195,-0.3173705,-0.11265227,-0.4547672,1.0879359,-0.4327073,-0.3937411,0.32518002,-0.21150893,-0.3937433,0.32516918,-0.21150543,1.6234913,-0.44060245,2.4372737,1.4160179,0.237561,2.6392276,1.4160157,0.23755953,2.6392238,0.29567134,-0.29760548,1.7670931,0.78015757,2.9019716,1.7261363,-1.244437,6.3635087,0.03440106,-1.1470159,-0.30521086,1.4917485,-0.5752871,3.1421611,1.6423753,-0.39161006,5.491475,0.57055837
0.7674555,-0.14560898,0.5252751,-0.6228734,-0.2957009,0.23610021,0.09764853,-0.31595868,-0.17167144,-0.22273813,1.5425057,-0.5494616,-0.16974162,0.8669459,-0.34889317,-0.16974638,0.86692345,-0.34888604,1.1754236,-0.8644066,1.6506325,1.0048488,-0.34788796,1.8137648,1.004848,-0.34788856,1.8137633,0.15164554,-1.0673953,1.6042229,0.73698705,3.194919,1.5590366,-1.5958776,7.0821633,-0.29260224,-1.0624888,-0.06677647,1.4774389,-0.5618827,3.2580893,1.5886171,-0.45573,5.1356344,0.15144023
0.86592466,-0.24968965,0.5209875,-0.60207057,-0.20692638,0.14903426,0.0011493498,-0.29638058,-0.22473545,0.023554893,1.9421157,-0.6477348,0.06744676,1.3722827,-0.47608846,0.06743975,1.3722496,-0.47607788,0.86062425,-1.2030927,1.0547127,0.7572297,-0.8946755,1.1554826,0.7572294,-0.8946757,1.1554822,-0.02705951,-1.7996495,1.333603,0.6133933,3.3708622,1.2862092,-1.9700601,7.368254,-0.65258676,-0.93746334,0.30724376,1.3656209,-0.5490582,3.1848643,1.432471,-0.5147361,4.37336,-0.27634874
0.890467,-0.33965853,0.44939908,-0.53079236,-0.090687364,0.029151633,-0.12273497,-0.25561062,-0.24369244,0.24004546,2.2632828,-0.69835114,0.27150688,1.8432624,-0.56925493,0.27149895,1.8432249,-0.5692428,0.731234,-1.4818293,0.7342689,0.70736307,-1.3840854,0.76538223,0.707363,-1.3840854,0.7653821,-0.19993475,-2.4278805,1.0303079,0.4499452,3.3775754,0.9801622,-2.3262036,6.994857,-0.99625254,-0.7868819,0.7623222,1.1424108,-0.5186052,2.9803724,1.1743813,-0.5429324,3.3915195,-0.59449023
0.8848843,-0.38605583,0.34825552,-0.40864298,0.013845823,-0.105593786,-0.23883261,-0.2002137,-0.2210894,0.39887783,2.4938416,-0.674301,0.41226625,2.292304,-0.6054779,0.41225928,2.292271,-0.60546714,0.7306778,-1.7513312,0.6109141,0.77556515,-1.8208755,0.5842603,0.77556515,-1.8208755,0.5842603,-0.33564225,-2.9282973,0.7490399,0.2874416,3.179093,0.69371706,-2.5137417,5.815725,-1.1989615,-0.6256838,1.2263995,0.82991815,-0.4637392,2.686214,0.8431051,-0.529298,2.395127,-0.7414525
0.8705884,-0.3775528,0.27339345,-0.25054568,0.073552415,-0.22654326,-0.31315756,-0.14070548,-0.17254645,0.4938723,2.6421824,-0.56687963,0.4819626,2.7384393,-0.5761261,0.4819578,2.7384167,-0.5761187,0.7756865,-2.0438042,0.55111307,0.8649717,-2.2137284,0.4898351,0.8649717,-2.2137284,0.4898351,-0.41973305,-3.3127298,0.5139962,0.15288442,2.758085,0.45151445,-2.3260365,3.8669734,-1.1010054,-0.47463295,1.6324708,0.49278042,-0.39551526,2.3456655,0.5025827,-0.48373806,1.5545987,-0.7244676
0.83198094,-0.3287066,0.2628723,-0.08419576,0.078804485,-0.30439526,-0.32518545,-0.079327635,-0.12121186,0.53855675,2.7379038,-0.40392908,0.49443188,3.1916707,-0.5014801,0.49442935,3.1916585,-0.5014761,0.80218005,-2.3515966,0.42932072,0.9188806,-2.5746286,0.35201594,0.9188806,-2.5746286,0.35201594,-0.45083377,-3.5985808,0.33284584,0.057607014,2.126549,0.26391768,-1.7131104,1.4416419,-0.669914,-0.35268304,1.9369543,0.20340002,-0.33132157,2.015635,0.21981838,-0.42588022,0.9524079,-0.5936272
0.741129,-0.27121884,0.31350604,0.060743384,0.04557147,-0.32183686,-0.2751163,-0.0026002063,-0.080697425,0.55750984,2.8163922,-0.2419148,0.47614473,3.642981,-0.42432192,0.47614366,3.642976,-0.42432025,0.7606564,-2.64233,0.1017905,0.9121667,-2.9281328,0.009850448,0.9121667,-2.9281328,0.009850448,-0.43284866,-3.7888854,0.21286805,0.0034597076,1.3326281,0.14154558,-0.8980823,-0.98586714,-0.08493175,-0.26619965,2.1256835,0.0018684468,-0.28023392,1.754126,0.02802446,-0.37076345,0.57333314,-0.4097557
0.58835423,-0.22964874,0.3928406,0.16676496,-0.0017218984,-0.2843009,-0.18501338,0.10980284,-0.051562708,0.5726691,2.8926697,-0.12654954,0.4506078,4.0704784,-0.37900826,0.45060748,4.0704765,-0.37900773,0.60944456,-2.8868883,-0.6114143,0.8240801,-3.3035305,-0.732657,0.8240801,-3.3035305,-0.732657,-0.37219292,-3.8788676,0.15994646,-0.0127734775,0.4500886,0.092408985,-0.2110485,-2.9922366,0.39992824,-0.20695306,2.2049804,-0.11423885,-0.23867524,1.591071,-0.08068564,-0.3242066,0.35103625,-0.23491389
0.3983707,-0.20707585,0.46906298,0.23497465,-0.047397397,-0.2178993,-0.08866116,0.26301995,-0.028872887,0.59403753,2.9542613,-0.06866127,0.428094,4.4554186,-0.373517,0.42809394,4.4554186,-0.3735169,0.34451556,-3.073723,-1.8136547,0.64920735,-3.7165663,-1.9823103,0.64920735,-3.7165663,-1.9823103,-0.2812481,-3.8728096,0.16884138,-0.0007504081,-0.4464916,0.111141175,0.1691713,-4.41129,0.6583378,-0.16136175,2.1975389,-0.170553,-0.19868736,1.5144291,-0.13391101,-0.28820333,0.22836167,-0.12583508
0.22610359,-0.19611454,0.5277692,0.27843872,-0.08485419,-0.15215482,-0.011778198,0.4300645,-0.009206827,0.6211577,2.9816267,-0.06308311,0.4089726,4.787108,-0.40498,0.4089726,4.787109,-0.40498006,0.03793828,-3.200288,-3.339488,0.43555388,-4.1562705,-3.5654793,0.43555385,-4.1562705,-3.5654793,-0.1814712,-3.7866883,0.21876158,0.021117473,-1.3014469,0.17473446,0.28551397,-5.336051,0.73424286,-0.121721715,2.1474261,-0.19129834,-0.15891731,1.4853617,-0.15406835,-0.26685387,0.17640668,-0.1087609
0.13037373,-0.19487257,0.57067084,0.31020758,-0.109148994,-0.10274317,0.042911932,0.5606586,0.008383061,0.64765114,2.9693468,-0.11109775,0.38992408,5.059552,-0.47584763,0.38992414,5.059554,-0.47584787,-0.18042238,-3.263473,-4.7433887,0.28110388,-4.5908847,-5.0261583,0.28110388,-4.5908847,-5.0261583,-0.09638303,-3.6385992,0.2794841,0.032291677,-2.08826,0.24965535,0.27606466,-5.965719,0.7274145,-0.09030691,2.11292,-0.18377055,-0.1273141,1.4676307,-0.14454071,-0.26652548,0.17957178,-0.158687
0.13528791,-0.2045626,0.6065517,0.33688483,-0.116501406,-0.06975791,0.09127081,0.6145624,0.024201062,0.6621009,2.9210508,-0.20890118,0.36404425,5.2643223,-0.58177984,0.36404443,5.2643275,-0.5817804,-0.21403994,-3.2629962,-5.580745,0.25915703,-4.98273,-5.913965,0.25915697,-4.9827294,-5.9139647,-0.0368724,-3.44082,0.32183614,0.023920067,-2.8083653,0.303566,0.23001556,-6.4569707,0.67829126,-0.072065376,2.1335275,-0.13798097,-0.11187219,1.440698,-0.092413,-0.28952244,0.2160954,-0.21620907
0.21015635,-0.21806784,0.64465314,0.3585056,-0.10862367,-0.046814263,0.14833248,0.5876082,0.03648103,0.6503024,2.8426354,-0.3395446,0.32194144,5.391083,-0.706187,0.32194167,5.391092,-0.7061881,-0.07012228,-3.212787,-5.6988983,0.356508,-5.305437,-6.076205,0.3565078,-5.305435,-6.076204,0.005322513,-3.2032576,0.33339024,0.005454493,-3.483399,0.32169586,0.14963192,-6.870907,0.55809134,-0.0647677,2.204778,-0.03580896,-0.10948836,1.3984845,0.020398779,-0.32810226,0.26657847,-0.23014994
0.28877202,-0.22003673,0.69067246,0.3708105,-0.09143154,-0.027969282,0.21140322,0.50597906,0.038337685,0.6035205,2.7505183,-0.49845946,0.2605336,5.4303417,-0.84576976,0.26053396,5.4303555,-0.8457713,0.16607744,-3.1395087,-5.245222,0.49884227,-5.548019,-5.662961,0.49884173,-5.5480146,-5.662959,0.045933705,-2.9382417,0.32921284,-0.0062638964,-4.1377373,0.3176698,0.01236544,-7.2025924,0.34594885,-0.056325544,2.2903252,0.13206087,-0.10451739,1.3421754,0.20075952,-0.36485797,0.33354688,-0.18934111
0.3149948,-0.19882214,0.74591863,0.36742654,-0.06789639,-0.0071240533,0.2621427,0.40161195,0.02190779,0.5231948,2.6781294,-0.7192174,0.18768035,5.3807573,-1.0351982,0.18768072,5.380773,-1.0352,0.40805644,-3.070778,-4.478043,0.6210657,-5.7111206,-4.9349647,0.6210646,-5.7111115,-4.9349604,0.09091854,-2.6570642,0.342037,-0.0030597318,-4.7774186,0.32350245,-0.16225824,-7.4267592,0.09125468,-0.032558613,2.360663,0.34913537,-0.07888552,1.2763507,0.42967436,-0.38086265,0.4388693,-0.12346453
0.27784052,-0.15500012,0.80690676,0.3432241,-0.03413796,0.023921438,0.2858849,0.29591054,-0.009804395,0.4138325,2.6526814,-1.0529056,0.11206165,5.252094,-1.328078,0.11206197,5.252107,-1.3280796,0.6086993,-3.020478,-3.6206238,0.6993951,-5.7962575,-4.115815,0.6993933,-5.796242,-4.1158085,0.13174792,-2.3582203,0.39127913,0.009792219,-5.3755994,0.35884547,-0.3103373,-7.5188093,-0.10677536,0.011714103,2.417466,0.56833977,-0.024874473,1.2031993,0.65945464,-0.36526224,0.58761233,-0.075466
0.2101695,-0.09736493,0.86498517,0.29883653,0.014725185,0.07037285,0.28624576,0.1988202,-0.039968625,0.27237186,2.6683173,-1.531035,0.02942237,5.067261,-1.7622101,0.029422583,5.0672703,-1.7622112,0.75278866,-2.9853227,-2.8204494,0.7368079,-5.804235,-3.3519,0.73680514,-5.804213,-3.351891,0.15400489,-2.0336385,0.46442568,0.021189768,-5.8832593,0.4127628,-0.37339804,-7.4608746,-0.16660446,0.067832805,2.4931798,0.73564315,0.050524846,1.1140083,0.83800435,-0.31759143,0.7491239,-0.06525263
0.15394966,-0.03216216,0.90708494,0.24357513,0.07321044,0.124905705,0.27908057,0.114283286,-0.052416533,0.08980135,2.6866221,-2.1427994,-0.07603327,4.853967,-2.3354023,-0.07603316,4.8539724,-2.335403,0.8379511,-2.949629,-2.1484048,0.74069226,-5.738055,-2.7129366,0.74068886,-5.7380285,-2.7129261,0.14898157,-1.6927638,0.53226405,0.023950348,-6.2566433,0.4591793,-0.3397776,-7.251846,-0.06676442,0.1185543,2.6297796,0.8270881,0.13247307,0.9816445,0.9449919,-0.24075735,0.885564,-0.070396535
0.12741888,0.039102618,0.92301375,0.19295125,0.12293849,0.16779405,0.27570006,0.042622548,-0.045892116,-0.13208471,2.6705585,-2.8156219,-0.21339415,4.629519,-2.9809172,-0.2133941,4.629521,-2.9809175,0.8694262,-2.8954039,-1.6118947,0.7181188,-5.607447,-2.206161,0.7181151,-5.6074176,-2.2061503,0.11989458,-1.3742181,0.57342243,0.019726846,-6.4686823,0.48093465,-0.24611142,-6.9141054,0.16079132,0.14595951,2.8588288,0.8513784,0.20671457,0.7687652,0.9925981,-0.13426897,0.9896183,-0.043690726
0.1218318,0.10983439,0.9148948,0.1604988,0.14544548,0.18234886,0.2748027,-0.02082706,-0.029887972,-0.36484772,2.6145353,-3.4004974,-0.3675437,4.38357,-3.5484502,-0.36754367,4.3835707,-3.5484502,0.86226106,-2.8072274,-1.1897984,0.6808618,-5.422433,-1.8105313,0.68085814,-5.422404,-1.8105218,0.08227081,-1.1190692,0.5755006,0.018846978,-6.490084,0.4697535,-0.14636585,-6.4744973,0.46169874,0.13668028,3.1803772,0.80974036,0.26140964,0.45909095,0.98244613,0.0017127257,1.081783,0.041518893
0.12190751,0.1628782,0.89576536,0.15134858,0.13804452,0.16808549,0.26786974,-0.0858487,-0.010210899,-0.56261915,2.5405366,-3.727619,-0.50467974,4.087109,-3.8615725,-0.50467974,4.0871096,-3.8615725,0.8373143,-2.676045,-0.86381584,0.6446124,-5.1888394,-1.5071876,0.6446093,-5.1888146,-1.5071802,0.061094426,-0.941623,0.5193486,0.038008817,-6.2789145,0.4090062,-0.07817582,-5.936532,0.7891489,0.08782489,3.5365727,0.67842436,0.2858605,0.102450766,0.8846626,0.15298806,1.186882,0.15996628
0.12420974,0.18108696,0.8729468,0.16278444,0.11643414,0.1361367,0.24876067,-0.1614662,0.016157893,-0.69533354,2.4604535,-3.7303991,-0.5996845,3.7240453,-3.8486695,-0.5996845,3.7240453,-3.8486695,0.8076748,-2.4990916,-0.6168892,0.617317,-4.906729,-1.2773583,0.6173148,-4.906711,-1.2773532,0.08135865,-0.828437,0.38139597,0.09250404,-5.8033524,0.2752087,-0.05108539,-5.270835,1.1133116,0.014038549,3.7977545,0.4527319,0.2732851,-0.17099251,0.68107104,0.28396916,1.3250659,0.24977092
0.13689971,0.15990463,0.83605707,0.19005601,0.10225333,0.095001936,0.21646799,-0.24568698,0.051737092,-0.76993316,2.3565001,-3.5052485,-0.6551221,3.3164532,-3.607393,-0.6551221,3.3164532,-3.607393,0.7695228,-2.2759757,-0.421674,0.5909731,-4.573098,-1.0917525,0.59097165,-4.573087,-1.0917497,0.14550596,-0.75484014,0.17428385,0.17687635,-5.062319,0.07959072,-0.057226304,-4.4396644,1.4060922,-0.0554401,3.8169408,0.1860123,0.22645167,-0.20886375,0.41044435,0.35305896,1.522064,0.25881192
0.16298522,0.10709488,0.76563746,0.23003548,0.10646442,0.044094402,0.17025717,-0.32071695,0.08676308,-0.8147441,2.203247,-3.2177951,-0.6907658,2.9080238,-3.3076606,-0.6907658,2.9080238,-3.3076606,0.70951927,-1.9996998,-0.2439325,0.54896575,-4.1797123,-0.9151267,0.54896504,-4.1797066,-0.9151253,0.21403055,-0.68960583,-0.014336903,0.24899358,-4.075424,-0.09112086,-0.08711678,-3.4271696,1.6159444,-0.09409498,3.540461,-0.04179534,0.15995766,0.0511649,0.14832617,0.34523314,1.8114935,0.18078867
0.18235336,0.036422823,0.6518216,0.28031275,0.120590955,-0.022200888,0.10669865,-0.36313128,0.101038836,-0.85147107,1.9963135,-2.970503,-0.72302467,2.5278552,-3.053466,-0.72302467,2.5278552,-3.053466,0.6201574,-1.6555052,-0.060526196,0.48118615,-3.7192438,-0.726272,0.48118585,-3.7192416,-0.72627145,0.2271819,-0.5988791,-0.06075098,0.25209635,-2.8788786,-0.11313203,-0.1329247,-2.2319067,1.6660503,-0.09284135,3.0566492,-0.18566257,0.095716685,0.5302826,-0.04979709,0.28914568,2.2321086,0.05333164
0.15267445,-0.033765115,0.50202036,0.33573002,0.1223209,-0.106481306,0.024508577,-0.36466113,0.08156778,-0.886897,1.7454818,-2.7724562,-0.7582449,2.168783,-2.851417,-0.7582449,2.168783,-2.851417,0.50679916,-1.2324648,0.13438901,0.39063364,-3.1961632,-0.5243078,0.39063352,-3.1961625,-0.5243076,0.1641704,-0.4632577,0.08157643,0.17031783,-1.5540594,0.05919099,-0.18051535,-0.83874595,1.4937716,-0.05726981,2.5028138,-0.25335264,0.05314795,1.0838923,-0.17521618,0.23724559,2.819447,-0.07381073
0.037797336,-0.08437609,0.3329985,0.3890799,0.09216783,-0.20217326,-0.07045212,-0.34140652,0.038589437,-0.9194098,1.4537495,-2.5924213,-0.79426634,1.8032935,-2.6680534,-0.79426634,1.8032935,-2.6680534,0.3811525,-0.73915684,0.3331099,0.2870329,-2.630027,-0.32073432,0.28703287,-2.630027,-0.32073426,0.068264134,-0.29809946,0.32609627,0.04964304,-0.24199034,0.33596054,-0.21035148,0.73357767,1.1075366,0.0043136314,1.9197711,-0.27690443,0.039037988,1.6330668,-0.25103664,0.2323181,3.600846,-0.1633018
-0.15413499,-0.10814335,0.15824649,0.4356959,0.030338988,-0.29255772,-0.16704325,-0.3189874,0.0018307144,-0.940966,1.1165979,-2.398809,-0.8176734,1.4147536,-2.4733498,-0.8176734,1.4147536,-2.4733498,0.25054997,-0.20757362,0.51977605,0.17666683,-2.0379093,-0.12657079,0.17666683,-2.0379093,-0.12657079,-0.0012261514,-0.14830421,0.5327702,-0.050223634,0.90464056,0.57278544,-0.21276975,2.3177316,0.61305076,0.08538478,1.2123309,-0.2813586,0.04401505,2.2112057,-0.30511394,0.29298577,4.577355,-0.18701704
-0.364035,-0.118782334,-0.016201602,0.4748342,-0.039036732,-0.35759032,-0.25110024,-0.31032842,-0.0010607253,-0.9351945,0.7368175,-2.1654022,-0.8058729,1.0096452,-2.2440197,-0.8058729,1.0096452,-2.2440197,0.11811232,0.31722015,0.67017126,0.06261746,-1.4180597,0.04974968,0.06261746,-1.4180597,0.04974968,-0.02164286,-0.052115686,0.6136285,-0.105321996,1.7896438,0.67866397,-0.1922855,3.5875201,0.17648946,0.1773447,0.2648887,-0.27449143,0.050663684,2.8808522,-0.35143936,0.42698023,5.694442,-0.11220156
-0.5236098,-0.1412397,-0.18560416,0.50350714,-0.08183198,-0.38451543,-0.30372727,-0.30878982,0.033980325,-0.8835568,0.32908908,-1.8738109,-0.7431795,0.5965968,-1.9594905,-0.7431795,0.5965968,-1.9594905,-0.007044974,0.7940784,0.75424314,-0.045765527,-0.75411105,0.19720249,-0.045765527,-0.75411105,0.19720249,0.0012372832,0.00046993434,0.5462549,-0.11615759,2.3974686,0.6297718,-0.14870289,4.2500186,-0.06289913,0.26667926,-0.89206827,-0.25424752,0.048952278,3.5999782,-0.38577193,0.65101,6.8082247,0.09361038
-0.60826164,-0.18865348,-0.3394493,0.51126236,-0.07690942,-0.36959743,-0.3043848,-0.2972943,0.08410017,-0.7784404,-0.08850954,-1.5235506,-0.6350678,0.16954224,-1.6110789,-0.6350678,0.16954224,-1.6110789,-0.10879545,1.1963083,0.74640757,-0.13234556,-0.035636444,0.3013493,-0.13234556,-0.035636444,0.3013493,0.06422663,0.07342267,0.34400523,-0.07704269,2.759488,0.4382686,-0.066651784,4.2428465,-0.070599295,0.3404255,-2.0468514,-0.2187041,0.045492142,4.193448,-0.39315808,0.9926309,7.677762,0.4386822
-0.64820457,-0.24713597,-0.46189734,0.48449793,-0.031363398,-0.30936158,-0.24524468,-0.26104116,0.11792335,-0.6301704,-0.5035182,-1.1303427,-0.5018898,-0.279776,-1.2083306,-0.5018898,-0.279776,-1.2083306,-0.18024793,1.5114115,0.64104986,-0.18968809,0.72735363,0.35481945,-0.18968809,0.72735363,0.35481945,0.16128844,0.24043453,0.06342246,0.014377394,2.911009,0.15906881,0.062257834,3.733377,0.073197484,0.3948893,-2.957362,-0.16932005,0.056512497,4.475509,-0.36137965,1.4539512,8.012699,0.87888724
-0.68718874,-0.28480053,-0.5353776,0.4165584,0.024729192,-0.19708623,-0.14390239,-0.1950621,0.120157726,-0.45768452,-0.9124182,-0.703229,-0.3586378,-0.74399924,-0.7628793,-0.3586378,-0.74399924,-0.7628793,-0.23346072,1.7353948,0.45524657,-0.22732198,1.5083325,0.3636894,-0.22732198,1.5083325,0.3636894,0.26295924,0.53165585,-0.19252685,0.1313957,2.8796089,-0.10594201,0.21517323,2.9700356,0.23743464,0.43673968,-3.5208964,-0.10449608,0.092146486,4.382322,-0.28544766,1.9457221,7.576211,1.2987853
-0.7296353,-0.27940434,-0.54564226,0.31408703,0.06069064,-0.03560099,-0.03883116,-0.10489605,0.10179463,-0.27061063,-1.318012,-0.21988533,-0.20334895,-1.2075305,-0.25998655,-0.20334895,-1.2075305,-0.25998655,-0.2854188,1.8711625,0.21496074,-0.25723478,2.2802014,0.3402722,-0.25723478,2.2802014,0.3402722,0.32724154,0.9163648,-0.33371428,0.22673701,2.70904,-0.26555458,0.3479218,2.1641958,0.32723725,0.47296104,-3.7925558,-0.014357745,0.14655156,3.974758,-0.16300355,2.261206,6.305091,1.5293202
-0.73533493,-0.23625647,-0.49427983,0.19548427,0.06505599,0.14969595,0.030857773,9.640447e-07,0.08909401,-0.066400945,-1.7229542,0.3611635,-0.028060487,-1.664793,0.33750534,-0.028060487,-1.664793,0.33750534,-0.34049708,1.9324821,-0.05704325,-0.27728873,3.0267177,0.29408258,-0.27728873,3.0267177,0.29408258,0.33166477,1.3268582,-0.3455673,0.267276,2.4672544,-0.30187494,0.42698374,1.4530915,0.32743806,0.5025404,-3.887188,0.10955392,0.20236383,3.350028,0.003068107,2.182795,4.3699,1.4323746
-0.6708506,-0.17827484,-0.41253233,0.083084516,0.047115713,0.31666693,0.046589836,0.1151274,0.10168304,0.1503663,-2.1215653,1.0479611,0.15795788,-2.1205235,1.038981,0.15795788,-2.1205235,1.038981,-0.3934504,1.9471948,-0.33459634,-0.27684352,3.736847,0.23595823,-0.27684352,3.736847,0.23595823,0.28669354,1.695179,-0.27693722,0.2535663,2.2167196,-0.25987244,0.44824818,0.90417933,0.27705747,0.51933324,-3.8957777,0.25332585,0.24377693,2.5815425,0.18924093,1.6798196,2.1252184,1.0149634
-0.55273026,-0.123281136,-0.34913662,-0.006738715,0.02426289,0.42733023,0.018852279,0.2429134,0.14041315,0.35232514,-2.498143,1.7825722,0.3192772,-2.578572,1.7896817,0.3192772,-2.578572,1.7896817,-0.44271684,1.9518799,-0.57645255,-0.25289604,4.392376,0.1875434,-0.25289604,4.392376,0.1875434,0.22123158,1.9789326,-0.18123499,0.20998281,1.9856136,-0.19002615,0.4315833,0.5275541,0.22406608,0.518051,-3.8643534,0.37637043,0.26454073,1.7173258,0.34844968,0.97776437,-0.034794696,0.45189166
-0.43089208,-0.07410543,-0.33042368,-0.06993123,0.0074863117,0.4654466,-0.022323849,0.3836556,0.1931372,0.50097185,-2.832606,2.4739094,0.4137373,-3.0353658,2.4995728,0.4137373,-3.0353658,2.4995728,-0.49237534,1.9766883,-0.73293316,-0.21379997,4.9631395,0.17831098,-0.21379997,4.9631395,0.17831098,0.15975365,2.166225,-0.08397833,0.1616269,1.7791959,-0.115675084,0.40333402,0.29595345,0.20457093,0.49458617,-3.8069382,0.43794608,0.26499376,0.800267,0.43623853,0.3820582,-1.8330767,-0.03681618
-0.3455468,-0.026730515,-0.339908,-0.11212407,-0.008866221,0.43891385,-0.049874242,0.5250507,0.24500111,0.5701728,-3.1072655,3.0641751,0.41874027,-3.4828007,3.109047,0.41874027,-3.4828007,3.109047,-0.543124,2.0322013,-0.7726392,-0.16851607,5.420535,0.2273626,-0.16851607,5.420535,0.2273626,0.11174137,2.2682397,0.0062680845,0.120665506,1.6052257,-0.04352301,0.38230196,0.16749382,0.23430532,0.4468093,-3.7248552,0.42625594,0.24847063,-0.12557219,0.43960175,0.05141651,-3.1911569,-0.3350943
-0.30962217,0.01737345,-0.3469521,-0.13950713,-0.04620132,0.3695222,-0.0598196,0.64240223,0.2804651,0.5566178,-3.3069735,3.5562806,0.3402231,-3.9086185,3.6180272,0.3402231,-3.9086185,3.6180272,-0.58666086,2.10744,-0.7055155,-0.11720315,5.755227,0.32668865,-0.11720315,5.755227,0.32668865,0.07699068,2.3072603,0.07431542,0.0893256,1.4735961,0.012155291,0.37566248,0.10141373,0.29167768,0.38022655,-3.620029,0.3594257,0.22362612,-1.0217719,0.37777504,-0.04666978,-4.1920686,-0.4648455
-0.31307092,0.049904138,-0.3443527,-0.15434355,-0.12113281,0.28140667,-0.072146125,0.7106333,0.2839115,0.4727119,-3.4200451,3.9730875,0.20283677,-4.297155,4.047249,0.20283677,-4.297155,4.047249,-0.6103876,2.181142,-0.5679534,-0.053790998,5.9806943,0.4536086,-0.053790994,5.9806943,0.4536086,0.053772938,2.3065848,0.0881516,0.0672556,1.3865616,0.018956436,0.38218057,0.071194924,0.3181746,0.30741286,-3.4953346,0.2644615,0.20301941,-1.8644456,0.2805546,-0.024829905,-4.971863,-0.5117155
-0.32661563,0.066179745,-0.34716678,-0.16050486,-0.21725973,0.19581455,-0.10897835,0.71822566,0.24812698,0.33603784,-3.444116,4.290322,0.036714517,-4.6304684,4.372178,0.03671452,-4.6304684,4.372178,-0.606569,2.235284,-0.37624168,0.022628319,6.1127386,0.6070862,0.022628326,6.1127386,0.6070862,0.03967298,2.2828763,0.010694086,0.052272018,1.3412675,-0.060931563,0.3968453,0.06936677,0.25940752,0.23619442,-3.343497,0.15990505,0.19252823,-2.643828,0.16997215,0.02935892,-5.622284,-0.53925496
-0.317383,0.07222496,-0.36929983,-0.16812275,-0.28689677,0.1274497,-0.17078502,0.6705225,0.18285477,0.16155885,-3.3951507,4.426458,-0.13345908,-4.89461,4.5128856,-0.13345906,-4.8946095,4.5128856,-0.5760128,2.2667174,-0.09808265,0.101099,6.15196,0.82732195,0.10109903,6.15196,0.82732195,0.03010261,2.247873,-0.17234468,0.038872384,1.3355782,-0.24241385,0.41427758,0.10252357,0.11091123,0.16535863,-3.146907,0.0506776,0.1882065,-3.3615365,0.05410588,0.08668984,-6.161873,-0.55742466
-0.28096405,0.078219414,-0.41426063,-0.18759419,-0.2927564,0.07924808,-0.23336692,0.58107495,0.11107306,-0.040054966,-3.3060334,4.3137064,-0.29409096,-5.083026,4.404453,-0.29409087,-5.083025,4.404453,-0.52325773,2.2887454,0.31349412,0.16448961,6.0858006,1.161798,0.16448967,6.0858006,1.161798,0.021312457,2.2159941,-0.4288452,0.02173858,1.355871,-0.49525115,0.4302186,0.17473245,-0.07744324,0.0982436,-2.8927927,-0.06858304,0.18954557,-4.028659,-0.07014158,0.16095452,-6.5770183,-0.5477327
-0.2516286,0.08785373,-0.48244703,-0.21934986,-0.24092351,0.041788932,-0.26812556,0.4627683,0.05577096,-0.25877228,-3.2138064,3.968371,-0.44102293,-5.199456,4.066633,-0.4410226,-5.1994543,4.0666327,-0.45207283,2.3270357,0.85297024,0.19936194,5.905143,1.6036527,0.19936205,5.905143,1.6036527,0.012638887,2.2094698,-0.6931178,-0.0018861622,1.3687924,-0.7577591,0.44128895,0.28521279,-0.23430607,0.05428965,-2.5860765,-0.20899263,0.20979716,-4.6610913,-0.21315834,0.27576077,-6.879843,-0.5081476
-0.26369265,0.097647786,-0.57285196,-0.25210384,-0.1656289,0.0029679409,-0.26584697,0.32800648,0.028718835,-0.4781787,-3.139631,3.4809725,-0.5706809,-5.253114,3.5929081,-0.5706801,-5.253109,3.5929062,-0.36760935,2.40656,1.4253516,0.20032467,5.612488,2.0591838,0.20032486,5.6124887,2.0591843,0.0017853162,2.2491727,-0.9135891,-0.03678337,1.3366909,-0.982405,0.4430493,0.440244,-0.30515426,0.057103004,-2.2383301,-0.38182735,0.2638814,-5.265177,-0.38756606,0.4289823,-7.124285,-0.47516885
-0.3062692,0.105311655,-0.67593706,-0.2714051,-0.09441819,-0.040469877,-0.23934713,0.19087476,0.02848376,-0.675067,-3.081159,2.9548314,-0.67506796,-5.250754,3.08775,-0.6750663,-5.2507434,3.0877461,-0.27970117,2.53717,1.8817625,0.17009589,5.2269163,2.3856647,0.1700961,5.226919,2.385666,-0.02051841,2.3417249,-1.0886548,-0.094686024,1.2463666,-1.1682184,0.42842078,0.6516576,-0.27437285,0.11550573,-1.8532884,-0.597541,0.3497481,-5.824485,-0.6074937,0.58513993,-7.3669434,-0.5005005
-0.3267565,0.116045535,-0.76962864,-0.2703314,-0.037384417,-0.08172522,-0.20339788,0.06370331,0.04572625,-0.8285771,-3.0211172,2.4619453,-0.7465987,-5.186637,2.6213102,-0.74659574,-5.186619,2.6213038,-0.19953121,2.7010696,2.1078062,0.120111264,4.7844844,2.4800208,0.12011143,4.7844915,2.4800234,-0.06639369,2.4722722,-1.2479687,-0.18890305,1.1176494,-1.3407841,0.38827124,0.9089965,-0.1651363,0.22204667,-1.4308064,-0.868873,0.44798365,-6.2971544,-0.89082956,0.7031208,-7.6106286,-0.6036303
-0.2830644,0.14007545,-0.83085054,-0.2535769,0.0044345316,-0.11350798,-0.16060236,-0.04603059,0.06854512,-0.93042517,-2.9456053,2.0365958,-0.7856227,-5.047972,2.223487,-0.7856183,-5.047946,2.2234776,-0.13289657,2.8572986,2.0940123,0.06895958,4.3333035,2.3470135,0.0689596,4.3333163,2.3470187,-0.13748534,2.6132655,-1.4003813,-0.32070732,0.9841063,-1.5024496,0.31475842,1.1728445,-0.0148999635,0.3722702,-0.9914099,-1.2173251,0.54293424,-6.6269145,-1.2642554,0.77138853,-7.803653,-0.7569128
-0.19183967,0.18365654,-0.8545469,-0.23220758,0.034896,-0.13735484,-0.11162037,-0.13193946,0.08425375,-0.98564327,-2.8510754,1.6829752,-0.8002313,-4.8307233,1.8938233,-0.8002255,-4.8306904,1.8938118,-0.0776659,2.9609306,1.9298755,0.035066005,3.9132712,2.087318,0.035065837,3.91329,2.0873256,-0.21491985,2.7376506,-1.5041989,-0.4693768,0.86379164,-1.6066114,0.20610906,1.4116669,0.15538801,0.5772891,-0.5909055,-1.6645951,0.6402963,-6.7576604,-1.7525467,0.8121418,-7.8955297,-0.92346597
-0.1215801,0.2427089,-0.85724723,-0.21537876,0.060488198,-0.1592878,-0.068839364,-0.18449017,0.082009085,-1.0048989,-2.7388263,1.3861389,-0.79897076,-4.5517573,1.6153213,-0.798964,-4.5517206,1.6153089,-0.025848629,2.985399,1.7378364,0.029821835,3.5433912,1.8273263,0.029821536,3.5434127,1.8273349,-0.26629514,2.8271644,-1.4929738,-0.5974003,0.75472534,-1.5858686,0.06968627,1.6336312,0.34430137,0.8432875,-0.30433714,-2.1908383,0.75448596,-6.6442394,-2.3339338,0.85038054,-7.8677897,-1.0970174
-0.13112839,0.30431244,-0.8550765,-0.20621489,0.08147123,-0.17548989,-0.048904244,-0.19627546,0.058937725,-0.9964975,-2.602146,1.1231058,-0.7844234,-4.237423,1.3664156,-0.78441644,-4.2373867,1.3664037,0.034998946,2.9277682,1.6080283,0.058914084,3.2233999,1.6545029,0.05891377,3.2234187,1.6545105,-0.26812926,2.8680522,-1.334735,-0.66974247,0.65837485,-1.410342,-0.07908268,1.864571,0.5392663,1.1276162,-0.17954028,-2.683187,0.8710724,-6.257127,-2.885948,0.8787291,-7.6794386,-1.286799
-0.2168029,0.35189474,-0.8402049,-0.20454659,0.08930785,-0.16850342,-0.054634284,-0.17307171,0.024163233,-0.9629864,-2.4243398,0.8751095,-0.7523646,-3.9073608,1.1320015,-0.7523583,-3.9073296,1.1319915,0.12763615,2.7989888,1.5896764,0.13469052,2.947891,1.6135522,0.1346903,2.9479039,1.6135575,-0.2212307,2.8508492,-1.058017,-0.67091775,0.59851617,-1.111666,-0.22298257,2.1159883,0.7017238,1.3230904,-0.20174399,-2.9423754,0.9276407,-5.587747,-3.1923223,0.85423416,-7.1989183,-1.4640326
-0.31969658,0.36865214,-0.7830144,-0.21184026,0.07962235,-0.123593725,-0.07036392,-0.13810797,-0.006379597,-0.90252376,-2.18772,0.6316047,-0.6955102,-3.5674884,0.9051608,-0.69550544,-3.5674655,0.9051535,0.2895233,2.6084216,1.7252162,0.28483868,2.709547,1.7437379,0.28483856,2.709554,1.7437407,-0.14343955,2.7759748,-0.7158722,-0.606049,0.6057929,-0.74623346,-0.35135174,2.3912792,0.79771394,1.3052956,-0.29919428,-2.7808878,0.8446432,-4.6565905,-3.0465539,0.73342925,-6.2298,-1.5356734
-0.37330082,0.3409469,-0.6572189,-0.23259233,0.060394153,-0.04304991,-0.07389864,-0.11962731,-0.02160628,-0.81246966,-1.8823391,0.38733268,-0.6078434,-3.2183967,0.68386537,-0.6078404,-3.2183826,0.683861,0.55638266,2.3575094,2.0555272,0.53719544,2.4965873,2.0848289,0.5371954,2.4965901,2.08483,-0.051223215,2.652364,-0.33710644,-0.48819098,0.6940213,-0.34666902,-0.46496412,2.71189,0.831404,1.0072415,-0.38678622,-2.1408334,0.5800585,-3.5173306,-2.378309,0.50875694,-4.639367,-1.3904858
-0.34253603,0.26579848,-0.46426323,-0.26977277,0.039927606,0.05959692,-0.051792577,-0.12955225,-0.023435792,-0.6940472,-1.503893,0.13613051,-0.4883937,-2.8612108,0.465348,-0.48839223,-2.861204,0.4653459,0.92044795,2.0436168,2.5558963,0.8777117,2.2877028,2.611287,0.87771165,2.2877038,2.6112874,0.048605587,2.480316,0.07520782,-0.32693332,0.8578694,0.080110796,-0.5713096,3.1038446,0.8318021,0.46533614,-0.41231164,-1.1421814,0.16413331,-2.2509491,-1.30879,0.21465008,-2.4943569,-0.99391
-0.23394835,0.16046026,-0.237797,-0.3206464,0.012312374,0.1717308,-0.006285429,-0.15527886,-0.023250137,-0.5581299,-1.053714,-0.12353204,-0.34712234,-2.497458,0.24986,-0.34712175,-2.4974551,0.24985918,1.296049,1.6669705,3.0716202,1.2164965,2.0569122,3.166665,1.2164965,2.0569124,3.166665,0.15306816,2.2433026,0.50969875,-0.12896332,1.0931703,0.52013826,-0.67402583,3.549336,0.81003416,-0.18565595,-0.3792936,-0.042601407,-0.3019962,-0.956805,-0.111604534,-0.08710313,-0.083743915,-0.44554725
-0.08232316,0.06289037,-0.0260897,-0.37761512,-0.036545713,0.28145057,0.049747452,-0.17511949,-0.02959366,-0.4264089,-0.54757,-0.37686023,-0.20796885,-2.1212523,0.047394656,-0.20796867,-2.1212516,0.047394414,1.5392355,1.2336476,3.353104,1.4093055,1.7813176,3.4974687,1.4093056,1.7813176,3.4974687,0.25340688,1.9224445,0.9250924,0.09100505,1.4070842,0.9319977,-0.769731,3.9664345,0.7400189,-0.76272655,-0.33213475,0.8622679,-0.68166006,0.25763178,0.8932308,-0.3250053,2.2042105,0.065410785
0.07998937,0.0116115725,0.13261433,-0.43314767,-0.11090598,0.37375978,0.10558177,-0.17805804,-0.041337278,-0.31922376,-0.01918857,-0.5948593,-0.0969978,-1.7174991,-0.12579083,-0.09699776,-1.7174989,-0.1257909,1.5348111,0.7606647,3.210559,1.3486359,1.4476364,3.405382,1.3486362,1.4476361,3.4053822,0.3326893,1.5089076,1.263302,0.3036792,1.8061568,1.2601343,-0.86935025,4.29635,0.5811608,-1.1168417,-0.3142952,1.3659613,-0.867399,1.2933242,1.4764427,-0.44490948,4.0410233,0.37317047
0.25138068,0.013502467,0.22600737,-0.48281723,-0.19643326,0.43612713,0.16142055,-0.16661718,-0.05347204,-0.2357496,0.49397352,-0.7576786,-0.01924915,-1.2683676,-0.2645175,-0.019249143,-1.2683676,-0.26451752,1.2942394,0.2824273,2.675135,1.06399,1.05097,2.9059477,1.0639908,1.0509688,2.9059486,0.37258634,0.995728,1.4809091,0.47247145,2.2690666,1.465453,-1.0210578,4.6247234,0.3215713,-1.2091016,-0.32637134,1.4495969,-0.84581786,2.0856888,1.605995,-0.44526088,5.240584,0.42663985
0.45491192,0.031347144,0.26790056,-0.52466273,-0.26528475,0.46446517,0.21996194,-0.1475347,-0.0646637,-0.15336114,0.9666826,-0.8671405,0.045768343,-0.7651577,-0.3795595,0.045768343,-0.7651577,-0.3795595,0.9634107,-0.15372351,2.0017695,0.72436816,0.5946082,2.2352698,0.72437066,0.59460455,2.2352726,0.3612053,0.37342188,1.5653867,0.5667636,2.7380428,1.5397409,-1.2881331,5.140299,-0.0034680509,-1.119199,-0.3165025,1.268086,-0.70404327,2.6159146,1.4356354,-0.38384438,5.7518444,0.289612
0.69468343,0.011272779,0.28415698,-0.5556431,-0.28794044,0.45822978,0.26685315,-0.12578455,-0.07574879,-0.05400151,1.3858974,-0.92983735,0.11801396,-0.2144893,-0.47875088,0.11801396,-0.2144893,-0.47875088,0.7116328,-0.5107304,1.4764555,0.51356876,0.09377739,1.6688406,0.5135747,0.09376859,1.6688476,0.29626313,-0.34765264,1.5250243,0.570923,3.1391776,1.493764,-1.6851022,5.8905897,-0.34050244,-0.9691812,-0.2137057,1.0155734,-0.55857736,2.9003077,1.1670958,-0.3348129,5.6269875,0.06325208
0.9262862,-0.07289082,0.2877254,-0.56799316,-0.24667622,0.41277608,0.26805535,-0.105577216,-0.08521256,0.054684613,1.7409626,-0.9377564,0.19342579,0.36287028,-0.55025846,0.19342579,0.36287028,-0.55025846,0.61391586,-0.78451186,1.2218611,0.5013693,-0.42235807,1.336499,0.5013803,-0.42237455,1.3365119,0.18557842,-1.1156095,1.3723667,0.48841295,3.410896,1.3396151,-2.1639094,6.62624,-0.67132795,-0.8342549,0.027000727,0.7902171,-0.47228318,2.9714522,0.90973675,-0.3340094,4.9941807,-0.18371637
1.081287,-0.1984225,0.26134002,-0.5484974,-0.14759232,0.3223692,0.19783276,-0.09126881,-0.09076157,0.15159094,2.0199046,-0.8777433,0.2539219,0.94001424,-0.5749297,0.2539219,0.94001424,-0.5749297,0.6373104,-1.0043706,1.1806557,0.63180614,-0.918391,1.2030089,0.6318222,-0.918415,1.2030276,0.0481934,-1.8492701,1.1246831,0.34401456,3.5130072,1.0916812,-2.668292,6.9491205,-1.0265517,-0.71997666,0.40027213,0.57990664,-0.4347837,2.8755481,0.662713,-0.3649214,4.0392385,-0.41514242
1.1175586,-0.3122458,0.17286062,-0.4829615,-0.0240675,0.18816225,0.06895173,-0.08386502,-0.093219414,0.22758645,2.2122242,-0.75346726,0.29156312,1.4962641,-0.5508142,0.29156312,1.4962641,-0.5508142,0.7063443,-1.2107474,1.2270843,0.8024533,-1.3661698,1.1668013,0.80247146,-1.3661971,1.1668226,-0.08896994,-2.475126,0.8115191,0.17808087,3.4208765,0.7760444,-3.131098,6.56371,-1.4096699,-0.6012114,0.8553598,0.34367326,-0.40367746,2.6723876,0.39420438,-0.38896015,2.9731197,-0.5963363
1.0430747,-0.37153715,0.02029441,-0.36571285,0.07572909,0.020687513,-0.06937927,-0.07662197,-0.0955255,0.2918269,2.3126094,-0.59068656,0.31450197,2.02607,-0.500293,0.31450197,2.02607,-0.500293,0.75855243,-1.4295673,1.2530104,0.93447196,-1.7540661,1.1336637,0.934488,-1.7540902,1.1336824,-0.20105693,-2.9557273,0.47384042,0.0311481,3.1226065,0.43191,-3.3845193,5.373454,-1.6970713,-0.46858627,1.3161802,0.08872826,-0.35417414,2.4249609,0.11686596,-0.38532868,1.9878453,-0.6909
0.89933056,-0.36862496,-0.14364009,-0.20909707,0.115752965,-0.16425826,-0.16411185,-0.05685943,-0.10000899,0.35853496,2.3261173,-0.42530453,0.33499596,2.5355265,-0.4565554,0.33499596,2.5355265,-0.4565554,0.7542931,-1.6634653,1.166383,0.9875335,-2.088808,1.01161,0.9875445,-2.0888245,1.0116229,-0.27370086,-3.29503,0.15622896,-0.07079413,2.6215398,0.105000466,-3.1826875,3.4689865,-1.6760136,-0.34022135,1.707427,-0.12621793,-0.29439145,2.1806955,-0.10960435,-0.36436462,1.2110333,-0.6864985
0.72830516,-0.32212645,-0.24252744,-0.044211026,0.09674664,-0.34868652,-0.19196744,-0.015164986,-0.10889859,0.43394533,2.2742867,-0.2898951,0.3590318,3.02631,-0.44507107,0.3590318,3.02631,-0.44507107,0.6644952,-1.9025704,0.8558082,0.94101006,-2.389735,0.6813126,0.94101596,-2.3897438,0.6813195,-0.30239362,-3.5227323,-0.099560246,-0.11925844,1.9402072,-0.15955022,-2.4290252,1.1388379,-1.2485652,-0.24028456,1.9788544,-0.24649303,-0.2448541,1.9624344,-0.23285075,-0.34826162,0.6850415,-0.6090601
0.5516106,-0.2553555,-0.2314439,0.0935698,0.054471884,-0.5118993,-0.16755557,0.04804548,-0.12549378,0.51329535,2.1939478,-0.20349228,0.38454315,3.4887161,-0.47196028,0.38454315,3.4887161,-0.47196028,0.4693893,-2.1387959,0.19033821,0.7831255,-2.6816459,0.0037059481,0.78312796,-2.6816494,0.0037088122,-0.28729352,-3.6677406,-0.2636417,-0.11787899,1.1215191,-0.32806492,-1.3397578,-1.1833227,-0.56601727,-0.17562121,2.1211681,-0.2692259,-0.21366803,1.7756312,-0.25342986,-0.34697914,0.379847,-0.5090091
0.37510097,-0.18755247,-0.12262216,0.18675415,0.02743752,-0.6308142,-0.12319573,0.12538666,-0.15123004,0.58492506,2.1225016,-0.16426037,0.4037891,3.9108942,-0.5228143,0.4037891,3.9108942,-0.5228143,0.17606537,-2.3662057,-0.9130507,0.52403533,-2.9865117,-1.1093552,0.5240361,-2.986513,-1.1093543,-0.23249571,-3.7371023,-0.3323341,-0.07808978,0.22805265,-0.3944482,-0.30127293,-3.1155183,0.08651103,-0.13461877,2.1635625,-0.23665822,-0.19307251,1.6218984,-0.21647365,-0.35472634,0.22866018,-0.43181306
0.20998624,-0.13482411,0.03424714,0.24338354,0.026143428,-0.68761927,-0.082630835,0.20865048,-0.18164171,0.6362507,2.0815914,-0.15428235,0.40692064,4.289761,-0.5743272,0.40692064,4.289761,-0.5743272,-0.16172878,-2.5730312,-2.3960557,0.21590579,-3.3185074,-2.6029186,0.21590598,-3.3185077,-2.6029184,-0.14949928,-3.722391,-0.33298802,-0.017859701,-0.66911733,-0.38609847,0.408924,-4.511508,0.5083113,-0.103491485,2.1532373,-0.19138399,-0.17344524,1.5066307,-0.16635144,-0.36384135,0.16718136,-0.39499152
0.08611867,-0.1070447,0.19099748,0.28042266,0.036194142,-0.6818455,-0.051296603,0.28975838,-0.20722061,0.6587917,2.0700529,-0.15787262,0.38680783,4.6235576,-0.6127369,0.38680783,4.6235576,-0.6127369,-0.44943044,-2.7382715,-4.016834,-0.05221896,-3.678756,-4.2380576,-0.05221892,-3.678756,-4.2380576,-0.05805828,-3.6283524,-0.3086053,0.040771935,-1.5100578,-0.3486109,0.74047416,-5.4487605,0.6674642,-0.07790431,2.1268563,-0.14364655,-0.15343301,1.4328872,-0.11435596,-0.37504566,0.15243839,-0.38592595
0.03788099,-0.103533715,0.32516629,0.30237448,0.05125124,-0.6319585,-0.023046788,0.35865104,-0.22083084,0.6516452,2.069275,-0.18210986,0.3438866,4.902356,-0.65003264,0.3438866,4.902356,-0.65003264,-0.5890377,-2.843958,-5.4199142,-0.19246793,-4.054329,-5.661161,-0.19246791,-4.054329,-5.661161,0.022363037,-3.4861276,-0.29098344,0.07999166,-2.264497,-0.31804678,0.7899408,-6.0890055,0.6331776,-0.06149419,2.097071,-0.071257755,-0.13777477,1.3968402,-0.038990747,-0.3949415,0.16832094,-0.3764477
0.070628025,-0.11591107,0.4347872,0.29970357,0.09797365,-0.5608495,0.009688861,0.40400404,-0.22498761,0.62144244,2.0533087,-0.25974834,0.2871358,5.1108255,-0.7242825,0.2871358,5.1108255,-0.7242825,-0.52984613,-2.8914816,-6.2952437,-0.16735202,-4.4184103,-6.561491,-0.16735202,-4.4184103,-6.561491,0.085005365,-3.3271449,-0.28519002,0.09534055,-2.9339857,-0.30384105,0.6757548,-6.570937,0.4838555,-0.055916008,2.063173,0.054524735,-0.12820569,1.3892666,0.088199735,-0.4254709,0.21797563,-0.34192073
0.14805755,-0.13451228,0.5222044,0.2653734,0.21557586,-0.48069054,0.05327306,0.41674554,-0.229899,0.5750906,2.005505,-0.441087,0.22759919,5.2434063,-0.8910494,0.22759919,5.2434063,-0.8910494,-0.29371825,-2.905766,-6.51725,-0.008789055,-4.7382884,-6.810794,-0.008789055,-4.7382884,-6.810794,0.13760288,-3.153266,-0.27416182,0.094756685,-3.541158,-0.2923483,0.47548112,-6.971465,0.26930237,-0.054720383,2.0340786,0.24145828,-0.119010895,1.3980078,0.27598268,-0.45771345,0.31109104,-0.27381495
0.21991447,-0.15079685,0.5875081,0.20992577,0.39866212,-0.39362347,0.114836015,0.39359173,-0.2417027,0.50869876,1.9324151,-0.7793275,0.16787216,5.3082995,-1.2079765,0.16787216,5.3082995,-1.2079765,0.043690976,-2.9158611,-6.167635,0.20950434,-4.984687,-6.4888163,0.20950434,-4.984687,-6.4888163,0.18820152,-2.9407604,-0.23788811,0.08523569,-4.112149,-0.26572374,0.23366924,-7.2967553,0.023483869,-0.04665661,2.036892,0.46445775,-0.101613015,1.4009429,0.5022545,-0.47577432,0.44459188,-0.18098323
0.2592014,-0.15750352,0.6330343,0.15816666,0.5666585,-0.30173773,0.19898956,0.33979014,-0.25451002,0.40389732,1.8653734,-1.3195133,0.0977357,5.31587,-1.7224884,0.0977357,5.31587,-1.7224884,0.39699978,-2.9333334,-5.4551883,0.41855407,-5.1420717,-5.80561,0.41855407,-5.1420717,-5.80561,0.2314802,-2.67263,-0.16727746,0.06257578,-4.660862,-0.21571551,-0.010740183,-7.502019,-0.20907483,-0.024059733,2.1033125,0.67547786,-0.071795955,1.3646702,0.72303426,-0.46596587,0.59387237,-0.08262604
0.26840585,-0.1502344,0.66614556,0.12993999,0.60963404,-0.21110265,0.29719678,0.26906425,-0.2564061,0.23968053,1.8397973,-2.0777903,0.0022309038,5.258272,-2.451007,0.0022309038,5.258272,-2.451007,0.70390385,-2.946998,-4.606701,0.57936317,-5.2086086,-4.9909987,0.57936317,-5.2086086,-4.9909987,0.25200987,-2.3587167,-0.0635636,0.01721288,-5.1773973,-0.1423852,-0.21424699,-7.545808,-0.3639117,0.012442525,2.2412925,0.82698655,-0.031332355,1.2596185,0.89301836,-0.42297277,0.7221979,0.001678203
0.2598997,-0.12872693,0.69421065,0.124650285,0.48052022,-0.12613074,0.3836653,0.19590835,-0.24217345,0.011994578,1.8688285,-3.003061,-0.1247282,5.1054974,-3.342023,-0.1247282,5.1054974,-3.342023,0.9319211,-2.9354594,-3.784859,0.68025225,-5.185606,-4.2076163,0.68025225,-5.185606,-4.2076163,0.2382933,-2.0267897,0.06791805,-0.052390948,-5.620257,-0.047254365,-0.3433304,-7.4195824,-0.3794976,0.055499855,2.4178042,0.8942856,0.015136523,1.0852462,0.9850514,-0.35174268,0.8018579,0.058292687
0.23863076,-0.095160216,0.71543336,0.12515923,0.24873367,-0.044235017,0.42823303,0.12470358,-0.2180393,-0.25242352,1.9260203,-3.933892,-0.2712044,4.818973,-4.234231,-0.2712044,4.818973,-4.234231,1.0654384,-2.8755848,-3.0570707,0.72121006,-5.0551457,-3.5146568,0.72121006,-5.0551457,-3.5146568,0.19234562,-1.6948861,0.2159573,-0.13358867,-5.908882,0.06504536,-0.38991502,-7.11228,-0.23884258,0.095802255,2.562791,0.8824469,0.062448416,0.8784053,0.99682087,-0.26603967,0.8268931,0.08150024
0.20236675,-0.053592768,0.7135745,0.114606574,0.05234338,0.037448335,0.41515917,0.05148765,-0.19397154,-0.49517438,1.9451925,-4.600867,-0.40518892,4.3646984,-4.8586845,-0.40518892,4.3646984,-4.8586845,1.0925565,-2.734437,-2.414824,0.7026098,-4.7610393,-2.8866973,0.7026098,-4.7610393,-2.8866973,0.12868239,-1.3615973,0.35456288,-0.20366807,-5.9157248,0.17758282,-0.37123162,-6.5638046,0.0034764698,0.12501031,2.5875218,0.812849,0.10368707,0.68983316,0.9404183,-0.1833062,0.804609,0.07396083
0.15220161,-0.012275587,0.66450703,0.088967785,-0.019655537,0.10868037,0.3510241,-0.019596891,-0.17219818,-0.6439354,1.8414409,-4.7213316,-0.48273897,3.717804,-4.9323955,-0.48273897,3.717804,-4.9323955,1.0061599,-2.4604938,-1.8252289,0.62479234,-4.221083,-2.272204,0.62479234,-4.221083,-2.272204,0.06669946,-1.0240462,0.44253066,-0.23930351,-5.4915752,0.25911516,-0.31385216,-5.687938,0.23917936,0.13614352,2.410726,0.7020943,0.12887017,0.5431452,0.8260081,-0.116535,0.7359614,0.04725544
0.098192714,0.017337373,0.55488026,0.056774743,0.0075608133,0.14688428,0.25865304,-0.06963537,-0.14579634,-0.64952976,1.5621703,-4.1681666,-0.4707006,2.8916094,-4.3282313,-0.4707006,2.8916094,-4.3282313,0.81869394,-2.0166776,-1.2793319,0.49665663,-3.3992832,-1.6547284,0.49665663,-3.3992832,-1.6547284,0.02161803,-0.7003033,0.4440584,-0.22813797,-4.5683475,0.2797406,-0.23874897,-4.4760995,0.36694264,0.12536357,2.0043097,0.55692536,0.12899011,0.42225078,0.66046625,-0.06946218,0.61400074,0.018066982
0.053314876,0.028326835,0.40006837,0.029353207,0.05041339,0.13931619,0.16485906,-0.082888775,-0.10960425,-0.52372,1.1410966,-3.0995266,-0.37437624,1.9815996,-3.2076757,-0.37437624,1.9815996,-3.2076757,0.5746056,-1.4432927,-0.8034163,0.34334818,-2.3923185,-1.0740933,0.34334818,-2.3923185,-1.0740933,-0.0015422528,-0.42399958,0.359838,-0.17764652,-3.2860353,0.23578374,-0.16071035,-3.0862842,0.35479552,0.096291214,1.4380322,0.39048156,0.104507826,0.30296302,0.4638486,-0.03878904,0.44735232,-0.00077852106
0.024200175,0.024081228,0.24139099,0.012227543,0.05938009,0.09920422,0.08963901,-0.06513956,-0.06906793,-0.33797577,0.69522387,-1.9021153,-0.2402719,1.1559006,-1.964749,-0.2402719,1.1559006,-1.964749,0.33908644,-0.8694399,-0.43775487,0.20069006,-1.4216661,-0.6007539,0.20069006,-1.4216661,-0.6007539,-0.007733467,-0.22213398,0.2337408,-0.11214448,-1.9805423,0.15663384,-0.09276145,-1.804628,0.25174713,0.060529273,0.86427325,0.23257026,0.06794125,0.18683526,0.2759173,-0.019749524,0.27358556,-0.0069074268
