abdomen_x_vel,abdomen_y_vel,abdomen_z_vel,neck_x_vel,neck_y_vel,neck_z_vel,right_shoulder_x_vel,right_shoulder_y_vel,right_shoulder_z_vel,right_elbow_vel,left_shoulder_x_vel,left_shoulder_y_vel,left_shoulder_z_vel,left_elbow_vel,right_hip_x_vel,right_hip_y_vel,right_hip_z_vel,right_knee_vel,right_ankle_x_vel,right_ankle_y_vel,right_ankle_z_vel,left_hip_x_vel,left_hip_y_vel,left_hip_z_vel,left_knee_vel,left_ankle_x_vel,left_ankle_y_vel,left_ankle_z_vel
0.0,0.0,0.0,0.0,0.0,0.0,0.0,0.0,0.0,0.0,0.0,0.0,0.0,0.0,0.0,0.0,0.0,0.0,0.0,0.0,0.0,0.0,0.0,0.0,0.0,0.0,0.0,0.0
0.00826884,0.39978424,1.2078625,-0.082613334,-2.0052135,0.497076,-1.8007783,-4.7077684,0.5214303,-2.0733616,-1.2338997,3.770435,10.9259615,1.2234946,-1.2962229,3.961019,1.8052949,-2.1593575,0.17360455,4.4033494,0.5643012,1.7304394,3.5572095,-0.46908155,-14.774383,0.6766628,5.254012,1.7536415
0.0,0.0,0.0,0.0,0.0,0.0,0.0,0.0,0.0,0.0,0.0,0.0,0.0,0.0,0.0,0.0,0.0,0.0,0.0,0.0,0.0,0.0,0.0,0.0,0.0,0.0,0.0,0.0
-0.32155064,0.3263684,1.6050957,0.9453255,-0.9993652,-0.66766995,-0.91255003,-0.9464849,-1.3291827,-2.9127843,1.0089847,2.9527516,5.9111204,1.3258522,-0.5478462,4.7886095,2.7621055,-2.4275668,-0.20464657,6.059305,-2.5455112,0.8827842,-2.4644685,0.0060765804,5.5383,-0.7085796,-2.0592718,-2.9339583
0.0,0.0,0.0,0.0,0.0,0.0,0.0,0.0,0.0,0.0,0.0,0.0,0.0,0.0,0.0,0.0,0.0,0.0,0.0,0.0,0.0,0.0,0.0,0.0,0.0,0.0,0.0,0.0
-1.2138568,0.1599752,0.12274362,0.32301402,-0.8175045,-1.2463888,-0.6941473,1.4844719,-1.15847,-2.5229511,0.98185205,2.0454297,13.746282,2.5270314,-1.2350887,3.0020423,2.8199522,2.0984669,0.061089557,4.8796315,-4.3799458,-1.6005727,-1.9954185,2.746977,9.867676,-0.5401951,3.3769057,-2.8586044
0.0,0.0,0.0,0.0,0.0,0.0,0.0,0.0,0.0,0.0,0.0,0.0,0.0,0.0,0.0,0.0,0.0,0.0,0.0,0.0,0.0,0.0,0.0,0.0,0.0,0.0,0.0,0.0
-3.4655626,-1.0573353,-0.31197143,1.968258,0.098584175,-1.1626219,0.5545173,4.1812787,-2.1528761,-2.2730522,0.31608188,-1.6559823,-1.9470414,2.39158,-2.2008927,-0.7331316,1.9780337,6.4734387,0.8093666,5.9938827,-7.722251,-2.831786,-2.7865129,2.085976,9.079771,-0.27690268,6.407326,-2.138027
0.0,0.0,0.0,0.0,0.0,0.0,0.0,0.0,0.0,0.0,0.0,0.0,0.0,0.0,0.0,0.0,0.0,0.0,0.0,0.0,0.0,0.0,0.0,0.0,0.0,0.0,0.0,0.0
-3.162022,0.5084995,-0.3872292,1.14478,-0.04464798,-1.317076,1.6303562,5.2076,-1.144132,-1.4910161,0.37893716,-2.3207386,-0.5753552,0.7717986,-2.1317868,-4.200204,0.8183472,12.962609,2.081316,10.847585,-8.296387,-2.090669,0.6563381,4.5778675,7.0859056,-0.48222232,1.6057065,-4.273943
0.0,0.0,0.0,0.0,0.0,0.0,0.0,0.0,0.0,0.0,0.0,0.0,0.0,0.0,0.0,0.0,0.0,0.0,0.0,0.0,0.0,0.0,0.0,0.0,0.0,0.0,0.0,0.0
-2.3120687,1.2885929,-1.3378599,0.5595464,-1.0972513,0.9798792,2.4946005,4.564217,-0.3858576,0.14938538,-0.6354134,-3.4582312,0.72322613,0.23068397,-1.9159429,-5.8921537,0.24896696,13.898941,2.870788,2.3793218,-7.806077,-2.3384356,3.216646,1.9614702,2.9949043,-0.21062532,-2.139573,-2.5488539
0.0,0.0,0.0,0.0,0.0,0.0,0.0,0.0,0.0,0.0,0.0,0.0,0.0,0.0,0.0,0.0,0.0,0.0,0.0,0.0,0.0,0.0,0.0,0.0,0.0,0.0,0.0,0.0
-1.286373,1.5402998,-0.6810647,-0.65240484,-1.588375,1.8056743,2.3978136,4.1955037,0.77439827,2.4151568,-1.6724854,-4.6545734,1.3748082,-0.3635652,-2.0571465,-6.137066,-0.62180656,11.260757,2.0066211,-5.0485907,-5.9615235,-2.1102915,5.4558787,1.3685093,-0.21126287,0.07759793,-3.1617048,0.23269482
0.0,0.0,0.0,0.0,0.0,0.0,0.0,0.0,0.0,0.0,0.0,0.0,0.0,0.0,0.0,0.0,0.0,0.0,0.0,0.0,0.0,0.0,0.0,0.0,0.0,0.0,0.0,0.0
0.6728334,0.119057424,-1.3063164,0.27437273,1.3005806,1.848088,1.4143274,4.7716913,1.3214688,4.504398,-2.404332,-4.758366,1.6482227,-1.1878984,-0.36891356,-7.5734053,-0.87242484,8.000968,-1.1536509,-8.703518,5.289135,-1.5875076,5.46461,-1.2615324,-1.8617522,0.066803426,-3.1126027,0.49699655
0.0,0.0,0.0,0.0,0.0,0.0,0.0,0.0,0.0,0.0,0.0,0.0,0.0,0.0,0.0,0.0,0.0,0.0,0.0,0.0,0.0,0.0,0.0,0.0,0.0,0.0,0.0,0.0
0.5145183,-0.26206458,-1.3366805,-0.7818437,1.1638764,0.5959014,1.8025793,4.4185076,0.25736487,6.4353995,-2.5738206,-6.310718,1.8947325,-1.201549,0.6079107,-7.856402,-0.559592,3.3660135,-0.178362,-8.118838,2.319807,-1.087804,4.218852,-0.7215514,-1.3810294,0.18661252,-3.2923706,1.2496505
0.0,0.0,0.0,0.0,0.0,0.0,0.0,0.0,0.0,0.0,0.0,0.0,0.0,0.0,0.0,0.0,0.0,0.0,0.0,0.0,0.0,0.0,0.0,0.0,0.0,0.0,0.0,0.0
0.4396676,0.7047476,-2.127577,-0.050403573,1.2397653,0.9683269,1.0802331,4.5596414,0.25379294,8.577175,-1.4820824,-8.099498,-12.593584,-3.3706024,0.023501689,-5.9232883,-1.5618099,-0.22693273,0.106724285,-6.0397196,2.9664905,-1.3211281,5.685313,-0.33557123,-2.4497464,-0.2521625,-2.1530879,-0.48449665
0.0,0.0,0.0,0.0,0.0,0.0,0.0,0.0,0.0,0.0,0.0,0.0,0.0,0.0,0.0,0.0,0.0,0.0,0.0,0.0,0.0,0.0,0.0,0.0,0.0,0.0,0.0,0.0
-0.5202013,0.1986003,-1.075966,-1.127447,1.4375569,-0.95463616,0.81420755,4.279876,-3.2016017,9.158241,0.34667704,-7.733146,-10.098157,-4.845411,-0.13125911,-5.5985556,-0.9711641,-3.5393767,0.22852021,-5.401423,1.3181113,-1.5709566,4.8928423,0.58590585,-1.6614726,-0.71410483,-0.673627,-2.2913878
0.0,0.0,0.0,0.0,0.0,0.0,0.0,0.0,0.0,0.0,0.0,0.0,0.0,0.0,0.0,0.0,0.0,0.0,0.0,0.0,0.0,0.0,0.0,0.0,0.0,0.0,0.0,0.0
0.0056789126,-0.46665913,-1.4708064,-0.33804122,1.5385189,-0.45126307,-0.24593754,5.3559036,-7.61827,7.569174,1.1812408,-6.7803817,-5.7089486,-5.2844143,-0.27936804,-4.640413,-1.4947537,-7.5036297,0.00078478415,-3.399379,-0.3833699,-0.84173393,4.3831167,1.6817541,-1.6722872,-0.42496866,-0.8606159,-1.2439346
0.0,0.0,0.0,0.0,0.0,0.0,0.0,0.0,0.0,0.0,0.0,0.0,0.0,0.0,0.0,0.0,0.0,0.0,0.0,0.0,0.0,0.0,0.0,0.0,0.0,0.0,0.0,0.0
-0.21822624,0.017752944,-1.6993148,0.018399553,-0.8621669,-0.25469574,-0.1785794,5.9978313,-15.109823,4.8299584,3.5143404,-6.9967713,-5.638456,-5.943197,0.46961504,-3.3320034,-0.7334726,-10.1920595,0.22474232,-1.9941494,0.47649428,0.13157079,5.6512012,0.26244038,-4.489879,-0.95111203,1.0339087,-3.6157274
0.0,0.0,0.0,0.0,0.0,0.0,0.0,0.0,0.0,0.0,0.0,0.0,0.0,0.0,0.0,0.0,0.0,0.0,0.0,0.0,0.0,0.0,0.0,0.0,0.0,0.0,0.0,0.0
-0.46683025,0.24703766,-2.592618,0.45091322,-0.5546737,-0.7496163,-1.7375877,6.98205,-3.4269006,-1.9875333,2.3212407,-7.2713537,1.7658197,-2.9579782,-1.1322722,-1.1540052,-1.3575789,-12.907239,0.22877999,0.22775431,0.6658787,-0.01014326,5.9408174,0.24666467,-4.684843,-0.56670284,2.0114918,-2.8541539
0.0,0.0,0.0,0.0,0.0,0.0,0.0,0.0,0.0,0.0,0.0,0.0,0.0,0.0,0.0,0.0,0.0,0.0,0.0,0.0,0.0,0.0,0.0,0.0,0.0,0.0,0.0,0.0
-0.115673766,-0.9449501,-0.38433725,-0.29313627,-0.9868619,-1.2041634,-1.3820646,5.135176,-8.215746,1.2093818,2.5573184,-6.3636684,-1.2966558,-3.3155026,0.012476517,-2.5788553,-0.30114058,-11.163701,0.18726993,0.3822372,0.52809286,0.27340233,7.216782,0.14179328,-9.364199,-0.28106436,4.4262795,-1.9418995
0.0,0.0,0.0,0.0,0.0,0.0,0.0,0.0,0.0,0.0,0.0,0.0,0.0,0.0,0.0,0.0,0.0,0.0,0.0,0.0,0.0,0.0,0.0,0.0,0.0,0.0,0.0,0.0
0.46755743,-0.79383826,-1.2828075,-0.78505754,-0.42178893,-0.64898026,-1.8079913,3.942151,-6.321242,1.072456,2.005282,-4.562189,0.19681256,-3.8281262,-0.8178965,-2.453889,-5.229571,-6.5265594,1.0767584,2.8702312,5.108413,0.575988,7.445403,-2.0696003,-9.374915,0.15281881,3.5342057,2.0790088
0.0,0.0,0.0,0.0,0.0,0.0,0.0,0.0,0.0,0.0,0.0,0.0,0.0,0.0,0.0,0.0,0.0,0.0,0.0,0.0,0.0,0.0,0.0,0.0,0.0,0.0,0.0,0.0
-0.93073946,0.72251505,-1.7799069,-0.71541834,-1.1487525,0.5802896,-1.4644033,2.061495,-4.6117973,0.6833184,1.7384937,-3.2428393,1.3225707,-2.2749398,-1.7946821,-1.2889202,-0.31484905,0.284044,0.36861765,0.97282386,3.5991518,-0.91839314,3.9780145,-2.1899765,-0.0,-0.026523475,2.579367,0.4325423
0.0,0.0,0.0,0.0,0.0,0.0,0.0,0.0,0.0,0.0,0.0,0.0,0.0,0.0,0.0,0.0,0.0,0.0,0.0,0.0,0.0,0.0,0.0,0.0,0.0,0.0,0.0,0.0
1.2816988,0.4205459,-0.16071089,-1.5827302,-0.26974225,-0.30282468,-0.64419585,1.7437785,-5.832626,0.31004933,0.3690565,-0.12011856,1.0822208,-3.116855,0.93914986,0.9631107,3.0819042,4.9204626,-0.6938818,3.507917,-4.98506,1.1751842,4.2785497,-0.600241,0.0,0.05762323,4.9600577,1.2590898
0.0,0.0,0.0,0.0,0.0,0.0,0.0,0.0,0.0,0.0,0.0,0.0,0.0,0.0,0.0,0.0,0.0,0.0,0.0,0.0,0.0,0.0,0.0,0.0,0.0,0.0,0.0,0.0
2.8897948,-0.7199642,0.13325234,-2.0476155,-0.32330287,0.9632711,0.05857625,0.17218485,-6.3033967,0.768455,-0.80873626,3.8635278,2.4290578,-4.366591,2.1453059,-0.171403,1.2949525,6.290046,-0.39541537,4.458627,-6.064007,2.2021952,2.3744495,0.9880988,0.0,-0.46141818,10.994663,4.969334
0.0,0.0,0.0,0.0,0.0,0.0,0.0,0.0,0.0,0.0,0.0,0.0,0.0,0.0,0.0,0.0,0.0,0.0,0.0,0.0,0.0,0.0,0.0,0.0,0.0,0.0,0.0,0.0
3.1281073,0.6086382,1.4450908,-2.0809972,-0.20184049,1.3619502,1.7950628,-1.6445806,-5.0367684,0.3314567,-2.0455384,5.4193606,1.8773265,-4.3445005,1.5987334,1.1602463,-1.6174014,5.6483307,0.2554023,-0.5006759,2.588138,1.69976,-13.715406,1.4293478,29.898289,-0.8825986,5.6972275,3.7333264
0.0,0.0,0.0,0.0,0.0,0.0,0.0,0.0,0.0,0.0,0.0,0.0,0.0,0.0,0.0,0.0,0.0,0.0,0.0,0.0,0.0,0.0,0.0,0.0,0.0,0.0,0.0,0.0
1.6681958,1.1591593,1.3748391,0.15132944,-0.4831664,0.16399013,2.9155586,-3.2030706,6.320643,-0.13741454,-1.8234054,5.179246,-0.3170019,-2.0188177,1.1101559,3.6903338,-1.8232979,1.7012949,0.18892454,-1.8533502,2.7000184,1.5090573,-7.532769,0.39983678,15.759699,-2.783812,6.658692,8.068099
0.0,0.0,0.0,0.0,0.0,0.0,0.0,0.0,0.0,0.0,0.0,0.0,0.0,0.0,0.0,0.0,0.0,0.0,0.0,0.0,0.0,0.0,0.0,0.0,0.0,0.0,0.0,0.0
1.9613396,0.8781305,2.0884895,0.53253454,-0.45541084,-1.93058,3.7704086,-4.7060423,13.264351,-1.3884679,-2.2463994,4.7037697,-2.532106,1.0216292,2.4322696,4.5644274,-1.1434386,-0.60610104,0.039305095,-2.612538,0.85646373,3.2064736,-7.888658,1.7809284,12.951193,-0.19062549,-5.62304,0.61593264
0.0,0.0,0.0,0.0,0.0,0.0,0.0,0.0,0.0,0.0,0.0,0.0,0.0,0.0,0.0,0.0,0.0,0.0,0.0,0.0,0.0,0.0,0.0,0.0,0.0,0.0,0.0,0.0
0.4985035,-0.44267353,2.5688694,0.20093435,1.5151153,-0.42312685,3.350004,-6.110453,5.2826166,0.6845733,-2.8418167,4.957879,-3.9373467,4.5822115,0.9207674,4.5347543,0.08691957,-1.3470474,0.11416744,-2.7048047,0.9645448,1.278448,-8.482693,1.8395358,8.909275,1.6752559,-5.860938,-7.676039
0.0,0.0,0.0,0.0,0.0,0.0,0.0,0.0,0.0,0.0,0.0,0.0,0.0,0.0,0.0,0.0,0.0,0.0,0.0,0.0,0.0,0.0,0.0,0.0,0.0,0.0,0.0,0.0
-0.113898434,-0.117782906,1.5197341,-0.052891802,1.2009465,0.36408168,2.449765,-8.144441,12.178695,-1.0579513,-1.7557193,5.005227,-5.9177527,5.886001,0.3041512,4.617231,0.2510431,-2.0353343,0.31040075,-1.7075002,1.350044,0.36605865,-7.2412086,1.5980814,3.6864014,0.3408671,-9.553343,-0.67502385
0.0,0.0,0.0,0.0,0.0,0.0,0.0,0.0,0.0,0.0,0.0,0.0,0.0,0.0,0.0,0.0,0.0,0.0,0.0,0.0,0.0,0.0,0.0,0.0,0.0,0.0,0.0,0.0
0.62028736,-0.14865695,1.3393861,0.2773815,1.499882,0.3653227,0.76374364,-8.39428,13.203503,-3.5213752,-3.640178,5.04811,-1.6407604,8.729658,0.56863314,4.784398,-0.51400125,-1.8982815,0.330027,-1.8422043,1.2813314,0.8858054,-6.6714244,1.5187589,0.77290994,0.00972627,-5.395801,0.71433103
0.0,0.0,0.0,0.0,0.0,0.0,0.0,0.0,0.0,0.0,0.0,0.0,0.0,0.0,0.0,0.0,0.0,0.0,0.0,0.0,0.0,0.0,0.0,0.0,0.0,0.0,0.0,0.0
0.38795283,-0.22981797,1.3581951,0.022362499,1.2003804,0.29688963,0.10497111,-7.304642,8.162412,-5.6321006,-2.7101362,5.272335,-1.1582721,7.9717026,0.4678012,4.0446615,-1.0001425,-1.0547011,0.5947868,-1.8494276,2.3465154,0.47991747,-5.959209,0.8264334,-2.6086144,0.3198793,-5.952314,1.6372613
0.0,0.0,0.0,0.0,0.0,0.0,0.0,0.0,0.0,0.0,0.0,0.0,0.0,0.0,0.0,0.0,0.0,0.0,0.0,0.0,0.0,0.0,0.0,0.0,0.0,0.0,0.0,0.0
-0.121360324,-0.20062782,1.0207665,0.6898893,-0.22874445,0.53904444,-0.7124989,-7.4397655,3.4006453,-5.429291,-2.053378,4.7952137,4.0721855,8.915606,-0.2269354,3.9839158,-1.7972028,-1.9032494,0.7480447,-1.2571402,2.3792584,0.04928935,-5.2152495,-0.078589134,-6.7223434,-0.028337738,-4.1309114,0.34605387
0.0,0.0,0.0,0.0,0.0,0.0,0.0,0.0,0.0,0.0,0.0,0.0,0.0,0.0,0.0,0.0,0.0,0.0,0.0,0.0,0.0,0.0,0.0,0.0,0.0,0.0,0.0,0.0
0.053491052,0.46999496,0.94449514,0.55669856,-0.47823784,0.9117437,-1.0923928,-7.274737,2.1732306,-4.966698,-1.5518018,6.3310513,7.406697,5.5770416,-0.76369995,5.547514,-1.120117,-3.970532,0.95010173,1.9030969,3.250468,-0.0740215,-2.6521895,-1.3024238,-11.088402,0.47199512,-2.1361969,2.179069
0.0,0.0,0.0,0.0,0.0,0.0,0.0,0.0,0.0,0.0,0.0,0.0,0.0,0.0,0.0,0.0,0.0,0.0,0.0,0.0,0.0,0.0,0.0,0.0,0.0,0.0,0.0,0.0
-0.47399688,0.17870496,1.5505826,0.08002373,-0.68231744,0.4287138,-1.2442588,-6.9584985,1.184321,-3.009491,-0.8647332,7.5820556,9.315682,1.772949,-1.5667342,4.1389403,-1.2704083,-1.7063333,1.164336,0.8934344,4.3441877,0.28809062,-0.16958287,0.21488251,-14.081266,-0.007966508,-0.99812233,0.3005529
0.0,0.0,0.0,0.0,0.0,0.0,0.0,0.0,0.0,0.0,0.0,0.0,0.0,0.0,0.0,0.0,0.0,0.0,0.0,0.0,0.0,0.0,0.0,0.0,0.0,0.0,0.0,0.0
0.21006003,-0.37875775,1.824841,0.06661744,-0.5666205,-0.06399749,-1.2583393,-6.140229,0.54093564,-3.093904,-0.19610219,6.4947543,-3.2315073,-1.6656008,-0.7703623,4.906048,0.26576602,-4.8620515,0.1909514,2.672212,2.5213907,1.0156531,-0.761701,-4.5514584,-13.439134,0.8095352,-0.85096973,2.7337112
0.0,0.0,0.0,0.0,0.0,0.0,0.0,0.0,0.0,0.0,0.0,0.0,0.0,0.0,0.0,0.0,0.0,0.0,0.0,0.0,0.0,0.0,0.0,0.0,0.0,0.0,0.0,0.0
0.40766117,-1.0543509,2.0442853,0.38413885,-0.8599903,0.019012203,-1.8582337,-4.9834476,1.8439399,-2.5734901,-0.33712012,5.450265,0.39796865,-0.4038303,-0.46234223,4.331835,1.015372,-4.472049,0.18248188,3.528355,1.1703742,1.6737871,-1.2764343,-5.8885922,-9.6547365,1.3531832,-2.9626644,4.2897577
0.0,0.0,0.0,0.0,0.0,0.0,0.0,0.0,0.0,0.0,0.0,0.0,0.0,0.0,0.0,0.0,0.0,0.0,0.0,0.0,0.0,0.0,0.0,0.0,0.0,0.0,0.0,0.0
-0.20719084,0.3756081,1.2456149,0.23938835,-1.1272112,-0.5642545,-1.4875728,-3.3043253,0.443879,-1.8695743,-0.16967548,4.228782,1.0039785,-0.5635387,-1.3582014,5.1354265,1.4916762,-3.523326,0.36940566,4.3857584,-0.22868131,0.8683881,-0.18046658,-1.2317274,-3.12181,-0.8469899,-0.8836762,-1.6234918
0.0,0.0,0.0,0.0,0.0,0.0,0.0,0.0,0.0,0.0,0.0,0.0,0.0,0.0,0.0,0.0,0.0,0.0,0.0,0.0,0.0,0.0,0.0,0.0,0.0,0.0,0.0,0.0
-0.7837592,0.3754528,0.69706815,0.7442146,-0.42962208,-1.4304181,-1.2467735,-0.11711745,-1.0060136,-2.553731,1.0141829,2.6055756,10.946755,2.1517906,-1.016137,3.6307292,2.35784,0.7235838,-0.2548569,1.8731848,-1.998381,-0.62410617,0.0775633,4.4001627,3.5510044,0.18352129,6.089255,-0.9069572
0.0,0.0,0.0,0.0,0.0,0.0,0.0,0.0,0.0,0.0,0.0,0.0,0.0,0.0,0.0,0.0,0.0,0.0,0.0,0.0,0.0,0.0,0.0,0.0,0.0,0.0,0.0,0.0
-1.2330418,-1.2563001,-0.17092222,1.4122145,0.26421142,-0.6223388,-0.7034095,2.2573729,0.15619555,-1.4915917,0.9071587,1.6386598,11.289631,1.944303,-0.56219065,1.4942955,4.115399,3.0578916,0.11026263,5.3955393,-5.196128,-0.6797604,-2.403336,3.0487893,9.037541,0.12107714,5.9376807,-0.8826456
0.0,0.0,0.0,0.0,0.0,0.0,0.0,0.0,0.0,0.0,0.0,0.0,0.0,0.0,0.0,0.0,0.0,0.0,0.0,0.0,0.0,0.0,0.0,0.0,0.0,0.0,0.0,0.0
-4.149659,-0.4249322,-0.7767738,1.6994039,0.120058045,-1.5541809,0.80093116,4.557366,-1.2936023,-1.5826194,0.5020784,-2.2609754,0.9576285,1.5744625,-2.5199292,-2.5935283,1.4412292,9.687272,0.88656914,8.090971,-8.082846,-2.9099214,-1.1966515,4.2799087,7.8689427,-0.47416994,5.207018,-3.1032448
0.0,0.0,0.0,0.0,0.0,0.0,0.0,0.0,0.0,0.0,0.0,0.0,0.0,0.0,0.0,0.0,0.0,0.0,0.0,0.0,0.0,0.0,0.0,0.0,0.0,0.0,0.0,0.0
-2.6835575,0.9301998,-1.1813455,0.7436438,-0.5166783,-1.2328457,2.111808,5.243762,-1.3889357,-1.0708541,0.28341886,-2.955723,2.3115392,-0.058593746,-1.6056253,-4.980545,-0.095907286,13.245681,1.413575,9.843944,-5.284801,-1.7559019,2.0550964,3.3646202,4.9392867,-0.60457146,0.42417437,-5.5731444
0.0,0.0,0.0,0.0,0.0,0.0,0.0,0.0,0.0,0.0,0.0,0.0,0.0,0.0,0.0,0.0,0.0,0.0,0.0,0.0,0.0,0.0,0.0,0.0,0.0,0.0,0.0,0.0
-2.3192003,1.983686,-0.4606233,-0.25805926,-0.7662713,0.516099,2.1221025,5.019167,-0.7265557,-0.48671752,-1.63854,-4.107999,3.2053514,-1.0780439,-2.5706255,-5.8068233,0.6603629,13.462846,4.8994575,4.205725,-12.024956,-2.0627074,4.939029,2.1193957,0.8480997,-0.16162466,-3.4318557,-2.0978901
0.0,0.0,0.0,0.0,0.0,0.0,0.0,0.0,0.0,0.0,0.0,0.0,0.0,0.0,0.0,0.0,0.0,0.0,0.0,0.0,0.0,0.0,0.0,0.0,0.0,0.0,0.0,0.0
-1.3975406,0.19362228,-1.792265,-1.0408409,-0.15271024,1.250818,1.6658053,4.743096,2.2507076,2.338949,-2.6635747,-4.819271,2.6533105,0.10961888,-2.2581997,-8.23551,-0.9110483,11.170118,-1.1843165,-9.244694,2.8521717,-2.66346,4.619822,0.36797363,-1.8946602,-0.113372095,-1.7677736,-0.80366105
0.0,0.0,0.0,0.0,0.0,0.0,0.0,0.0,0.0,0.0,0.0,0.0,0.0,0.0,0.0,0.0,0.0,0.0,0.0,0.0,0.0,0.0,0.0,0.0,0.0,0.0,0.0,0.0
-0.3101082,0.62001544,-1.3023784,-0.3225219,0.18484451,0.2537193,1.5620478,6.2196507,0.8687368,2.792384,-2.9986405,-5.2114697,2.718749,-1.1726259,-1.0538474,-7.502943,-0.9775858,6.843384,-0.55722934,-9.521976,2.9458907,-1.9073174,5.508569,-0.41775766,-1.9140439,0.115961574,-2.862192,0.76390004
0.0,0.0,0.0,0.0,0.0,0.0,0.0,0.0,0.0,0.0,0.0,0.0,0.0,0.0,0.0,0.0,0.0,0.0,0.0,0.0,0.0,0.0,0.0,0.0,0.0,0.0,0.0,0.0
1.2867172,-0.24901722,-1.2980545,-0.43623075,2.226752,0.389837,1.5328137,5.8463526,1.6360826,4.6536536,-2.9837284,-7.8410263,-14.911889,-2.8571281,1.1910446,-7.1620197,-0.8905217,2.875103,0.018063596,-7.167439,0.026704077,-0.0853696,3.7750754,-1.459532,-0.48139805,-0.11431642,-2.9460692,-0.17743783
0.0,0.0,0.0,0.0,0.0,0.0,0.0,0.0,0.0,0.0,0.0,0.0,0.0,0.0,0.0,0.0,0.0,0.0,0.0,0.0,0.0,0.0,0.0,0.0,0.0,0.0,0.0,0.0
0.25821108,0.3028628,-1.3172354,-0.62244844,1.5202448,0.25894943,1.6949146,6.2626233,-0.2264865,5.1643314,-1.2576351,-7.9679985,-11.933539,-4.680806,-0.3205995,-6.1247096,-0.1395737,-0.35156298,0.15159194,-7.179594,2.374191,-1.2315749,5.1097736,-1.0473218,-1.6495466,-0.28724876,-1.9297596,-0.78483397
0.0,0.0,0.0,0.0,0.0,0.0,0.0,0.0,0.0,0.0,0.0,0.0,0.0,0.0,0.0,0.0,0.0,0.0,0.0,0.0,0.0,0.0,0.0,0.0,0.0,0.0,0.0,0.0
-0.4172364,0.46745762,-1.468577,0.122077204,0.8633405,0.3317844,0.83755827,4.8546066,0.07633363,6.453281,-0.38597113,-7.2031546,-8.230493,-5.802376,-1.3521792,-4.564071,-0.897287,-4.3254766,0.0024117155,-5.841336,-0.51896816,-1.9705498,5.5352173,-0.27728245,-2.4363923,-0.37177408,-2.485751,-0.8522807
0.0,0.0,0.0,0.0,0.0,0.0,0.0,0.0,0.0,0.0,0.0,0.0,0.0,0.0,0.0,0.0,0.0,0.0,0.0,0.0,0.0,0.0,0.0,0.0,0.0,0.0,0.0,0.0
0.69298446,-0.2030572,-1.8246224,-0.26906738,0.5590774,-0.25114942,0.9545122,5.676114,-1.9213566,5.0022974,0.77051103,-6.4769454,-3.448821,-6.1173496,0.36022598,-4.537996,-0.7359006,-8.104666,-0.5863143,-3.2200618,-2.7059164,0.16648173,4.6062407,1.0469428,-2.3815074,-0.70521367,0.10952944,-2.3830855
0.0,0.0,0.0,0.0,0.0,0.0,0.0,0.0,0.0,0.0,0.0,0.0,0.0,0.0,0.0,0.0,0.0,0.0,0.0,0.0,0.0,0.0,0.0,0.0,0.0,0.0,0.0,0.0
0.063465506,0.6083227,-1.4795173,0.15047361,-0.5413137,-0.7401425,1.5572351,5.780339,-5.030135,3.1013885,1.6936017,-6.978432,-2.7991064,-5.540472,-0.37919843,-1.9156166,-0.84993637,-11.190773,-0.19106954,-0.8294198,-0.848101,0.2567067,5.46694,-0.58856237,-3.067984,-0.67481834,-0.24501307,-2.3655317
0.0,0.0,0.0,0.0,0.0,0.0,0.0,0.0,0.0,0.0,0.0,0.0,0.0,0.0,0.0,0.0,0.0,0.0,0.0,0.0,0.0,0.0,0.0,0.0,0.0,0.0,0.0,0.0
-0.13157476,-0.3495234,-1.2289222,0.38031578,-0.4576519,-0.39465794,1.4776872,4.94523,-10.95447,4.4043,1.7026299,-6.016998,-0.4651996,-5.209645,-0.41837195,-2.475342,0.03337797,-12.403112,0.123617366,2.035921,0.6508371,0.28176957,5.8946767,1.5851877,-6.152178,-0.48274797,2.0745752,-2.386741
0.0,0.0,0.0,0.0,0.0,0.0,0.0,0.0,0.0,0.0,0.0,0.0,0.0,0.0,0.0,0.0,0.0,0.0,0.0,0.0,0.0,0.0,0.0,0.0,0.0,0.0,0.0,0.0
0.3245811,-0.48021582,-1.7115155,-0.01779258,-0.3702933,-0.28082147,-0.26094323,5.6863394,-6.095206,1.0579513,1.6498768,-4.6169395,-0.5538677,-4.862935,-0.6604491,-1.6370729,-0.30111778,-9.416421,0.42914665,0.5523164,1.560797,0.6676239,10.357768,-1.7279596,-13.890028,0.3587691,5.7909784,1.6235201
0.0,0.0,0.0,0.0,0.0,0.0,0.0,0.0,0.0,0.0,0.0,0.0,0.0,0.0,0.0,0.0,0.0,0.0,0.0,0.0,0.0,0.0,0.0,0.0,0.0,0.0,0.0,0.0
0.07262967,0.0128366845,-1.4333857,0.024151916,-1.4767063,0.5580518,-0.14651896,3.7467334,-6.4111,0.93292046,1.5360543,-3.8898757,0.35682577,-4.3832817,-1.4821866,-2.0277894,-4.158064,-5.4402027,1.6031611,3.1432416,7.5478826,0.37723532,5.180982,-1.8937955,-3.6383278,0.11070929,2.1529331,0.49028
0.0,0.0,0.0,0.0,0.0,0.0,0.0,0.0,0.0,0.0,0.0,0.0,0.0,0.0,0.0,0.0,0.0,0.0,0.0,0.0,0.0,0.0,0.0,0.0,0.0,0.0,0.0,0.0
0.005090786,0.97348404,-0.99088997,-1.0178983,-0.9650354,0.6484837,-0.73687315,2.5724847,-5.4806714,0.9180815,0.7202513,-1.7761523,1.5717179,-3.5815878,-0.4514356,-0.01649521,2.3797598,1.43588,0.1921385,-2.0144002,1.0720575,-0.35396972,4.36826,-1.1200151,0.0,0.041844156,2.490491,0.3769596
0.0,0.0,0.0,0.0,0.0,0.0,0.0,0.0,0.0,0.0,0.0,0.0,0.0,0.0,0.0,0.0,0.0,0.0,0.0,0.0,0.0,0.0,0.0,0.0,0.0,0.0,0.0,0.0
2.2994754,-0.35263723,-0.9946872,-1.2035677,-0.2649021,0.9137051,-1.0584153,1.2789915,-4.809778,0.10148736,0.6155085,2.0376956,1.9704949,-4.331431,2.0529795,0.7598581,-0.22583342,4.253582,-0.19677252,7.4593873,-2.8668706,1.9831392,3.703169,0.44542062,0.0,-0.05077819,7.05174,0.3772622
0.0,0.0,0.0,0.0,0.0,0.0,0.0,0.0,0.0,0.0,0.0,0.0,0.0,0.0,0.0,0.0,0.0,0.0,0.0,0.0,0.0,0.0,0.0,0.0,0.0,0.0,0.0,0.0
2.7995543,-0.49692017,0.24465768,-2.0120275,-0.17049189,1.6247993,-0.88815373,-0.46813956,-3.9126198,1.2402179,-0.94284403,4.043579,2.3416357,-3.3370597,2.6047168,-0.58086115,1.6450481,6.749987,-0.0740996,3.9064674,-3.5632665,1.8556737,-7.1064153,1.064677,18.510838,-0.20245054,6.052251,2.1161075
0.0,0.0,0.0,0.0,0.0,0.0,0.0,0.0,0.0,0.0,0.0,0.0,0.0,0.0,0.0,0.0,0.0,0.0,0.0,0.0,0.0,0.0,0.0,0.0,0.0,0.0,0.0,0.0
1.7118036,1.4624208,0.2747686,-1.0045383,-0.8716217,1.5986748,0.3409191,-2.589466,-1.1051756,0.13101964,-0.9008767,3.8945422,0.9938636,-0.6795395,0.90882254,1.4841471,-1.6435654,6.3553953,0.189748,-0.8292181,3.3674662,0.7311842,-6.9377003,1.2479997,17.616585,-1.2961013,10.210933,5.2215347
0.0,0.0,0.0,0.0,0.0,0.0,0.0,0.0,0.0,0.0,0.0,0.0,0.0,0.0,0.0,0.0,0.0,0.0,0.0,0.0,0.0,0.0,0.0,0.0,0.0,0.0,0.0,0.0
2.844081,0.8082777,1.9503773,-0.0015487866,-0.13791409,-0.6116252,2.0211205,-3.027081,-1.0853297,0.1757813,-1.7425975,3.6128907,-1.0216786,2.053391,3.3265738,3.332551,-1.5875002,1.3310213,-0.023400135,-2.3893943,1.2682873,3.1319377,-7.6929264,1.8379633,15.152567,-3.0216606,2.615059,10.609019
0.0,0.0,0.0,0.0,0.0,0.0,0.0,0.0,0.0,0.0,0.0,0.0,0.0,0.0,0.0,0.0,0.0,0.0,0.0,0.0,0.0,0.0,0.0,0.0,0.0,0.0,0.0,0.0
0.4347852,0.28556913,1.1522319,0.08850256,0.3222517,-1.0349398,2.8220868,-4.2073183,3.377963,0.07176239,-1.8683795,2.5918071,-3.4527664,5.6838303,0.4540221,4.5392942,-1.2403721,-0.19433357,-0.0027340138,-3.6885977,1.22252,1.2830526,-7.64304,1.3330686,11.498035,0.5037777,-6.779941,-2.5998127
0.0,0.0,0.0,0.0,0.0,0.0,0.0,0.0,0.0,0.0,0.0,0.0,0.0,0.0,0.0,0.0,0.0,0.0,0.0,0.0,0.0,0.0,0.0,0.0,0.0,0.0,0.0,0.0
0.39610907,0.34384954,2.1882894,-0.35494742,1.2188162,-0.4836715,2.47114,-5.748472,6.241723,-0.62561285,-2.2941246,2.7569437,-3.9576364,8.081848,1.2232236,5.033281,0.2605045,-2.0629842,-0.0012323568,-2.6586783,0.26349354,1.4040229,-7.56725,2.2398264,7.167511,0.6349621,-7.4141254,-2.6775577
0.0,0.0,0.0,0.0,0.0,0.0,0.0,0.0,0.0,0.0,0.0,0.0,0.0,0.0,0.0,0.0,0.0,0.0,0.0,0.0,0.0,0.0,0.0,0.0,0.0,0.0,0.0,0.0
-0.24230164,0.17301394,0.9834121,0.7800647,1.4234089,0.16223828,2.7040963,-7.1779366,7.019843,-1.6521465,-1.9096116,3.5011213,-1.9662749,7.8708572,0.56146765,4.324461,0.4941648,-1.7642121,0.27083784,-2.5521526,1.4321921,0.22495773,-7.2097816,1.0036772,2.8947465,0.06377734,-5.8242946,-0.97896916
0.0,0.0,0.0,0.0,0.0,0.0,0.0,0.0,0.0,0.0,0.0,0.0,0.0,0.0,0.0,0.0,0.0,0.0,0.0,0.0,0.0,0.0,0.0,0.0,0.0,0.0,0.0,0.0
1.0883769,-1.482772,0.9676027,0.09533646,2.897557,0.3107418,0.20269342,-5.8189507,10.780777,-3.2257068,-2.2909703,5.43439,-2.2768953,8.578781,1.7841477,4.650396,0.22628161,-2.395167,0.21650279,-2.4814906,0.49124143,1.609271,-6.978566,0.5093756,-0.20297478,-0.03216159,-6.156387,-1.5846984
0.0,0.0,0.0,0.0,0.0,0.0,0.0,0.0,0.0,0.0,0.0,0.0,0.0,0.0,0.0,0.0,0.0,0.0,0.0,0.0,0.0,0.0,0.0,0.0,0.0,0.0,0.0,0.0
-0.70757157,-0.26994315,1.0505569,-0.53969336,1.3385388,-0.21787025,0.1830058,-6.169364,7.810088,-4.5748935,-1.5353156,4.5027223,-0.082717076,8.132291,-0.7736882,3.784262,-1.5363102,-0.94752705,0.51633954,-2.2996354,1.6213759,-0.7181263,-5.2522464,0.9350569,-4.1498275,-0.15085799,-4.9342756,-1.0214063
0.0,0.0,0.0,0.0,0.0,0.0,0.0,0.0,0.0,0.0,0.0,0.0,0.0,0.0,0.0,0.0,0.0,0.0,0.0,0.0,0.0,0.0,0.0,0.0,0.0,0.0,0.0,0.0
-0.017790329,-0.4117492,1.2540253,0.5658705,0.47076035,0.025139488,-0.73654425,-6.255441,5.4591026,-4.327661,-0.77968246,5.8608375,4.7598395,6.31338,0.44891,4.121541,-1.1474625,-1.636485,0.5313815,-2.2303514,1.4630322,0.5539283,-4.2839155,0.033992227,-7.970407,0.2998586,-2.0291944,1.2869908
0.0,0.0,0.0,0.0,0.0,0.0,0.0,0.0,0.0,0.0,0.0,0.0,0.0,0.0,0.0,0.0,0.0,0.0,0.0,0.0,0.0,0.0,0.0,0.0,0.0,0.0,0.0,0.0
0.9234481,0.22421038,1.7203777,-0.09194316,-0.31428376,0.53145736,-1.5470936,-6.425023,3.7942004,-4.690708,-0.83067906,6.638371,4.2545743,2.2010968,0.77095133,5.402145,-0.95430714,-3.9171739,1.2528635,2.0261142,2.9854233,1.7966124,-2.3303063,-1.0262586,-12.0286,-0.028680446,-2.844581,0.18148981
0.0,0.0,0.0,0.0,0.0,0.0,0.0,0.0,0.0,0.0,0.0,0.0,0.0,0.0,0.0,0.0,0.0,0.0,0.0,0.0,0.0,0.0,0.0,0.0,0.0,0.0,0.0,0.0
-1.2548511,-0.41493902,1.3794938,0.55493796,-0.560846,0.3475661,-1.8059781,-5.36709,2.578023,-3.7354662,-0.40229416,6.803094,1.6914825,0.58886224,-2.7259183,4.7180266,-3.1546268,-3.894303,1.4152764,1.4656178,4.638024,-1.00836,0.07713276,-1.7284796,-15.019284,0.55112094,-0.8583542,1.7869186
0.0,0.0,0.0,0.0,0.0,0.0,0.0,0.0,0.0,0.0,0.0,0.0,0.0,0.0,0.0,0.0,0.0,0.0,0.0,0.0,0.0,0.0,0.0,0.0,0.0,0.0,0.0,0.0
0.06703023,-0.18758948,1.1231872,0.4253675,-1.097773,0.70143706,-1.8350649,-5.849879,2.2777243,-2.6758783,-0.5325994,5.7108026,3.221696,-0.0,-1.030151,5.269061,-0.10468218,-5.691236,0.9497511,4.520644,3.6066034,0.6237436,-0.7966241,-8.165363,-12.458955,2.1101012,-3.736586,6.3054767
0.0,0.0,0.0,0.0,0.0,0.0,0.0,0.0,0.0,0.0,0.0,0.0,0.0,0.0,0.0,0.0,0.0,0.0,0.0,0.0,0.0,0.0,0.0,0.0,0.0,0.0,0.0,0.0
0.8872626,-1.0314417,1.944474,-0.055978164,0.34499583,-0.21060984,-1.8963959,-3.5685513,0.68504566,-2.6787643,-0.06856723,5.459439,1.592262,-0.13101964,0.045191016,4.3362904,0.86032706,-4.093558,0.22350013,4.179413,1.8082011,2.3297672,-1.808176,-6.382805,-6.322227,0.73935276,-5.7522426,2.4999247
0.0,0.0,0.0,0.0,0.0,0.0,0.0,0.0,0.0,0.0,0.0,0.0,0.0,0.0,0.0,0.0,0.0,0.0,0.0,0.0,0.0,0.0,0.0,0.0,0.0,0.0,0.0,0.0
0.08061646,-0.14712502,0.49822867,0.5103488,-0.8553414,-0.15554588,-1.2887092,-2.6183045,-0.31253362,-2.4328659,0.34862405,4.045435,7.2951055,0.894403,-0.4731104,4.781941,1.2456008,-3.2632902,0.1084336,4.508861,-0.22607431,1.0701913,-1.0359274,1.0053539,-0.874999,-0.6430513,2.9248927,-1.4637455
0.0,0.0,0.0,0.0,0.0,0.0,0.0,0.0,0.0,0.0,0.0,0.0,0.0,0.0,0.0,0.0,0.0,0.0,0.0,0.0,0.0,0.0,0.0,0.0,0.0,0.0,0.0,0.0
-1.4818356,0.6524045,0.318202,1.0380273,-0.26146004,-1.4611077,-0.5186421,1.0345701,-2.766927,-4.1363506,1.0324861,2.7024467,11.294997,1.4268847,-1.2703316,3.6700573,2.5372586,-0.13741454,-0.060964555,8.283528,-3.4401925,-1.4457446,0.2303044,7.3235054,4.0874677,-1.3021114,6.989471,-4.1475306
0.0,0.0,0.0,0.0,0.0,0.0,0.0,0.0,0.0,0.0,0.0,0.0,0.0,0.0,0.0,0.0,0.0,0.0,0.0,0.0,0.0,0.0,0.0,0.0,0.0,0.0,0.0,0.0
-1.2343453,-1.1498629,0.31641227,1.023921,0.3837163,-1.1448793,-0.19963056,3.3306773,-1.711835,-4.0278773,0.834933,-0.5255443,0.92742175,2.7099931,-0.34123904,1.1919252,2.9070125,4.4029346,0.14155154,-1.1791579,-4.1414423,-0.78250736,-1.9969949,1.5967822,7.505923,-0.38579497,8.193802,-1.9686049
0.0,0.0,0.0,0.0,0.0,0.0,0.0,0.0,0.0,0.0,0.0,0.0,0.0,0.0,0.0,0.0,0.0,0.0,0.0,0.0,0.0,0.0,0.0,0.0,0.0,0.0,0.0,0.0
-3.8692732,-0.8558887,0.80762655,2.2276244,0.61158025,-1.7978096,1.0898919,5.3701005,-2.8102303,-3.2429645,0.8277938,-1.3215039,1.8747519,0.9520457,-2.6404448,-2.99362,2.196387,10.040532,0.9406104,9.686498,-8.994413,-2.5114236,-1.4016519,3.3177447,7.5601864,-0.21456341,4.644515,-2.0226593
0.0,0.0,0.0,0.0,0.0,0.0,0.0,0.0,0.0,0.0,0.0,0.0,0.0,0.0,0.0,0.0,0.0,0.0,0.0,0.0,0.0,0.0,0.0,0.0,0.0,0.0,0.0,0.0
-3.9831445,1.7588013,-0.7467184,1.3018559,-0.1980299,-0.892408,1.7042128,4.969221,-1.5066203,-1.5640693,0.16342598,-2.3505254,3.5420947,-1.086767,-3.072259,-4.614713,-0.5296346,13.5395565,1.351003,7.9205413,-5.235776,-3.887986,2.5357013,2.6244235,3.713097,-0.26328266,-0.1754425,-3.168691
0.0,0.0,0.0,0.0,0.0,0.0,0.0,0.0,0.0,0.0,0.0,0.0,0.0,0.0,0.0,0.0,0.0,0.0,0.0,0.0,0.0,0.0,0.0,0.0,0.0,0.0,0.0,0.0
-2.0615268,1.8227493,0.66701293,-0.40779677,-1.1808994,0.15933475,1.6195918,4.0940127,0.2454191,-0.18986551,-1.7428666,-3.688347,4.0629697,-1.0587624,-2.3587706,-6.382804,0.6191991,13.101778,5.2117887,4.6702666,-14.144131,-2.2018952,4.7001762,0.99335384,-0.0,-0.029940482,-3.1613514,-0.5618585
0.0,0.0,0.0,0.0,0.0,0.0,0.0,0.0,0.0,0.0,0.0,0.0,0.0,0.0,0.0,0.0,0.0,0.0,0.0,0.0,0.0,0.0,0.0,0.0,0.0,0.0,0.0,0.0
-0.42763433,0.32879648,-0.050642274,-0.6984972,0.44537926,1.1580824,1.1184981,4.0916677,1.946795,3.2709126,-2.8521676,-2.4268105,4.361397,-1.2703059,-1.666804,-6.776071,-0.3159102,10.004353,-0.49225926,-9.562555,1.4347231,-1.5122266,5.203649,1.456693,-1.2519286,-0.04601932,-3.2708027,-0.16673249
0.0,0.0,0.0,0.0,0.0,0.0,0.0,0.0,0.0,0.0,0.0,0.0,0.0,0.0,0.0,0.0,0.0,0.0,0.0,0.0,0.0,0.0,0.0,0.0,0.0,0.0,0.0,0.0
-0.124498375,0.12597087,-2.2475016,-0.13969812,0.30502048,1.543874,1.6623895,3.4537668,1.9589034,4.7013197,-3.345445,-4.2422833,-1.0144491,-1.4800372,-0.5278462,-8.22747,-1.1659609,6.46207,-0.6814124,-8.537393,4.1627326,-1.2362479,4.0350747,0.093794204,-1.3946364,-0.19073066,-2.459701,-0.583603
0.0,0.0,0.0,0.0,0.0,0.0,0.0,0.0,0.0,0.0,0.0,0.0,0.0,0.0,0.0,0.0,0.0,0.0,0.0,0.0,0.0,0.0,0.0,0.0,0.0,0.0,0.0,0.0
1.5691242,0.52229583,-1.7800108,-0.7369576,0.47725198,0.69816804,1.164215,3.5010812,1.5204996,6.1259174,-3.3476996,-7.136955,-13.105833,-2.1413925,1.2805561,-6.2774906,-1.3646635,1.6254323,-0.12955795,-7.786579,2.4571457,-0.009048685,4.6539474,-1.0178132,-1.5668111,-0.25251853,-2.5008664,-0.6096917
0.0,0.0,0.0,0.0,0.0,0.0,0.0,0.0,0.0,0.0,0.0,0.0,0.0,0.0,0.0,0.0,0.0,0.0,0.0,0.0,0.0,0.0,0.0,0.0,0.0,0.0,0.0,0.0
0.07884838,-0.4743462,-2.243145,-0.49321708,1.687834,0.931957,0.7730884,4.839953,1.564103,6.5757227,-1.1028668,-6.5477705,-14.176262,-4.385437,-0.7750229,-6.3864274,-1.8836668,-0.5620135,0.07998704,-6.2915263,2.3551795,-1.5184253,4.217607,-0.40389055,-1.4400586,-0.43222806,-2.386843,-1.0887938
0.0,0.0,0.0,0.0,0.0,0.0,0.0,0.0,0.0,0.0,0.0,0.0,0.0,0.0,0.0,0.0,0.0,0.0,0.0,0.0,0.0,0.0,0.0,0.0,0.0,0.0,0.0,0.0
-0.5516633,2.4839072,-1.9809563,0.10365806,-1.2360156,-0.090800606,1.4089932,1.26756,-0.7500895,7.31914,1.4151514,-9.274846,-9.171223,-4.8991113,-0.21896262,-5.2955236,-1.7397207,-3.5601828,0.05241501,-7.1630206,-0.037164547,-0.948015,3.8822515,0.8683096,-0.37518367,-0.7061923,-1.7919393,-1.9684304
0.0,0.0,0.0,0.0,0.0,0.0,0.0,0.0,0.0,0.0,0.0,0.0,0.0,0.0,0.0,0.0,0.0,0.0,0.0,0.0,0.0,0.0,0.0,0.0,0.0,0.0,0.0,0.0
-0.11927634,2.5380461,-1.4818376,0.73363674,-2.1374302,-0.5725324,0.88786584,1.6002673,-4.7176723,7.5955625,2.6213536,-9.151291,-5.2637424,-4.5390725,-0.14464748,-3.4499805,-1.3047367,-8.060356,-0.34918386,-3.2584631,-1.8199198,-0.4337199,5.128376,1.3836595,-2.4261515,-0.724357,-0.42247787,-2.2458735
0.0,0.0,0.0,0.0,0.0,0.0,0.0,0.0,0.0,0.0,0.0,0.0,0.0,0.0,0.0,0.0,0.0,0.0,0.0,0.0,0.0,0.0,0.0,0.0,0.0,0.0,0.0,0.0
-0.11286135,-1.7763643,-1.7477283,0.70318264,2.3597863,-0.17089462,0.2885389,7.255322,-11.27201,4.975168,2.315533,-4.07182,-4.4022818,-4.928489,-0.49439564,-2.9247792,-0.5361622,-10.160321,0.013775192,-1.4561049,-0.33869648,-0.38126478,6.143868,0.3466737,-5.345456,-0.4219922,0.9720791,-1.5177672
0.0,0.0,0.0,0.0,0.0,0.0,0.0,0.0,0.0,0.0,0.0,0.0,0.0,0.0,0.0,0.0,0.0,0.0,0.0,0.0,0.0,0.0,0.0,0.0,0.0,0.0,0.0,0.0
-0.009362469,0.6132275,-0.7683355,0.29488656,-1.5409172,-1.3886838,0.4926779,5.01138,-13.673982,2.6880434,3.3017342,-6.631106,-2.2972958,-3.7112463,0.0196098,-1.3279582,0.23262158,-12.15687,0.18245253,1.8857198,0.7995026,0.4559456,5.4583898,0.30113786,-4.374257,-0.50721556,0.68857473,-1.9261187
0.0,0.0,0.0,0.0,0.0,0.0,0.0,0.0,0.0,0.0,0.0,0.0,0.0,0.0,0.0,0.0,0.0,0.0,0.0,0.0,0.0,0.0,0.0,0.0,0.0,0.0,0.0,0.0
0.0,0.0,0.0,0.0,0.0,0.0,0.0,0.0,0.0,0.0,0.0,0.0,0.0,0.0,0.0,0.0,0.0,0.0,0.0,0.0,0.0,0.0,0.0,0.0,0.0,0.0,0.0,0.0
