pelvis_x,pelvis_y,pelvis_z,torso_x,torso_y,torso_z,head_x,head_y,head_z,right_upper_arm_x,right_upper_arm_y,right_upper_arm_z,right_lower_arm_x,right_lower_arm_y,right_lower_arm_z,right_hand_x,right_hand_y,right_hand_z,left_upper_arm_x,left_upper_arm_y,left_upper_arm_z,left_lower_arm_x,left_lower_arm_y,left_lower_arm_z,left_hand_x,left_hand_y,left_hand_z,right_thigh_x,right_thigh_y,right_thigh_z,right_shin_x,right_shin_y,right_shin_z,right_foot_x,right_foot_y,right_foot_z,left_thigh_x,left_thigh_y,left_thigh_z,left_shin_x,left_shin_y,left_shin_z,left_foot_x,left_foot_y,left_foot_z
-2.1137996,0.43838927,0.77680206,-2.0798254,0.45590144,1.0098393,-2.0708623,0.4431084,1.2331877,-2.080399,0.25787273,1.2426144,-1.9823596,0.21825054,0.9889871,-1.7461538,0.23851193,0.8848244,-2.1076834,0.62241316,1.2645895,-2.2281175,0.6435987,1.0185096,-2.2772515,0.6622795,0.76495403,-2.1241052,0.3544926,0.78460914,-2.183855,0.3600343,0.36735585,-2.381956,0.3946591,0.010213643,-2.103494,0.52228594,0.768995,-1.8914914,0.53556293,0.40488,-1.7940986,0.56672174,0.007970393
-2.1137996,0.43838927,0.77680206,-2.0798254,0.45590144,1.0098393,-2.0708623,0.4431084,1.2331877,-2.080399,0.25787273,1.2426144,-1.9823596,0.21825054,0.9889871,-1.7461538,0.23851193,0.8848244,-2.1076834,0.62241316,1.2645895,-2.2281175,0.6435987,1.0185096,-2.2772515,0.6622795,0.76495403,-2.1241052,0.3544926,0.78460914,-2.183855,0.3600343,0.36735585,-2.381956,0.3946591,0.010213643,-2.103494,0.52228594,0.768995,-1.8914914,0.53556293,0.40488,-1.7940986,0.56672174,0.007970393
-2.0605447,0.4447674,0.7734028,-2.0240805,0.46277648,1.0060256,-2.0121415,0.45125666,1.2293041,-2.0234692,0.2661921,1.2400216,-1.9083946,0.22140872,0.99454105,-1.6632173,0.24341993,0.9141846,-2.0466576,0.63112587,1.2600899,-2.1852334,0.6452084,1.023221,-2.2587612,0.66829896,0.7760084,-2.073368,0.36128345,0.781876,-2.1650765,0.36298126,0.37043017,-2.3779998,0.39150858,0.021369636,-2.0477214,0.5282513,0.7649296,-1.8583493,0.54914033,0.38889378,-1.6900676,0.5728016,0.015912741
-2.0605447,0.4447674,0.7734028,-2.0240805,0.46277648,1.0060256,-2.0121415,0.45125666,1.2293041,-2.0234692,0.2661921,1.2400216,-1.9083946,0.22140872,0.99454105,-1.6632173,0.24341993,0.9141846,-2.0466576,0.63112587,1.2600899,-2.1852334,0.6452084,1.023221,-2.2587612,0.66829896,0.7760084,-2.073368,0.36128345,0.781876,-2.1650765,0.36298126,0.37043017,-2.3779998,0.39150858,0.021369636,-2.0477214,0.5282513,0.7649296,-1.8583493,0.54914033,0.38889378,-1.6900676,0.5728016,0.015912741
-2.0051453,0.45195282,0.7695575,-1.9692478,0.47238892,1.0020678,-1.9571748,0.46484974,1.2255089,-1.9664562,0.27988338,1.2394152,-1.8463588,0.22933166,0.9974863,-1.596287,0.25119594,0.9339285,-1.9936757,0.6448302,1.2531996,-2.1444368,0.6549117,1.023683,-2.2370894,0.67907184,0.78308916,-2.0193486,0.3688036,0.77905864,-2.1421473,0.36946282,0.37579554,-2.3683684,0.39069197,0.034669816,-1.9909419,0.535102,0.7600563,-1.78388,0.55068713,0.39319998,-1.6319278,0.5767542,0.013431013
-2.0051453,0.45195282,0.7695575,-1.9692478,0.47238892,1.0020678,-1.9571748,0.46484974,1.2255089,-1.9664562,0.27988338,1.2394152,-1.8463588,0.22933166,0.9974863,-1.596287,0.25119594,0.9339285,-1.9936757,0.6448302,1.2531996,-2.1444368,0.6549117,1.023683,-2.2370894,0.67907184,0.78308916,-2.0193486,0.3688036,0.77905864,-2.1421473,0.36946282,0.37579554,-2.3683684,0.39069197,0.034669816,-1.9909419,0.535102,0.7600563,-1.78388,0.55068713,0.39319998,-1.6319278,0.5767542,0.013431013
-1.9457432,0.458201,0.7653564,-1.9114171,0.4769304,0.99824744,-1.9003953,0.47211075,1.2218181,-1.9074823,0.28721637,1.2378159,-1.7910941,0.2306064,0.99541634,-1.5392413,0.25074172,0.9386862,-1.9392383,0.65193516,1.247244,-2.097497,0.6581674,1.0226916,-2.2110147,0.68597656,0.7916203,-1.9592391,0.3748457,0.77404916,-2.1006367,0.3722499,0.37693316,-2.3547368,0.38519996,0.055593908,-1.9322473,0.54155624,0.7566637,-1.712733,0.548733,0.39685398,-1.6112679,0.5737808,0.0005322695
-1.9457432,0.458201,0.7653564,-1.9114171,0.4769304,0.99824744,-1.9003953,0.47211075,1.2218181,-1.9074823,0.28721637,1.2378159,-1.7910941,0.2306064,0.99541634,-1.5392413,0.25074172,0.9386862,-1.9392383,0.65193516,1.247244,-2.097497,0.6581674,1.0226916,-2.2110147,0.68597656,0.7916203,-1.9592391,0.3748457,0.77404916,-2.1006367,0.3722499,0.37693316,-2.3547368,0.38519996,0.055593908,-1.9322473,0.54155624,0.7566637,-1.712733,0.548733,0.39685398,-1.6112679,0.5737808,0.0005322695
-1.883192,0.46368763,0.7672348,-1.847662,0.47377515,1.0004797,-1.8403662,0.47282046,1.2242528,-1.845678,0.2881511,1.2432547,-1.7422154,0.22665846,0.99622715,-1.4903634,0.24018624,0.93756586,-1.8816187,0.652593,1.2459813,-2.0310571,0.6580807,1.0154462,-2.1435616,0.67929995,0.78318334,-1.8954413,0.37986875,0.77272576,-2.035561,0.37498623,0.37517872,-2.3223863,0.38044855,0.08244157,-1.8709426,0.5475065,0.76174384,-1.6394783,0.5494777,0.409435,-1.5853001,0.57381064,0.003890872
-1.883192,0.46368763,0.7672348,-1.847662,0.47377515,1.0004797,-1.8403662,0.47282046,1.2242528,-1.845678,0.2881511,1.2432547,-1.7422154,0.22665846,0.99622715,-1.4903634,0.24018624,0.93756586,-1.8816187,0.652593,1.2459813,-2.0310571,0.6580807,1.0154462,-2.1435616,0.67929995,0.78318334,-1.8954413,0.37986875,0.77272576,-2.035561,0.37498623,0.37517872,-2.3223863,0.38044855,0.08244157,-1.8709426,0.5475065,0.76174384,-1.6394783,0.5494777,0.409435,-1.5853001,0.57381064,0.003890872
-1.8249419,0.46885777,0.76885283,-1.7922565,0.47153798,1.0027156,-1.7869372,0.47519907,1.2265165,-1.791829,0.2909416,1.2492611,-1.7090682,0.22696933,0.9951615,-1.4603012,0.23489954,0.9237078,-1.8289526,0.65523976,1.244184,-1.9688272,0.6617132,1.0077487,-2.0742583,0.6818422,0.77209496,-1.8365476,0.38480762,0.7714382,-1.9441181,0.37601683,0.36394298,-2.2679498,0.37519944,0.1126945,-1.8133361,0.5529079,0.7662675,-1.5826346,0.5542022,0.41345567,-1.5784134,0.5688588,0.0038695931
-1.8249419,0.46885777,0.76885283,-1.7922565,0.47153798,1.0027156,-1.7869372,0.47519907,1.2265165,-1.791829,0.2909416,1.2492611,-1.7090682,0.22696933,0.9951615,-1.4603012,0.23489954,0.9237078,-1.8289526,0.65523976,1.244184,-1.9688272,0.6617132,1.0077487,-2.0742583,0.6818422,0.77209496,-1.8365476,0.38480762,0.7714382,-1.9441181,0.37601683,0.36394298,-2.2679498,0.37519944,0.1126945,-1.8133361,0.5529079,0.7662675,-1.5826346,0.5542022,0.41345567,-1.5784134,0.5688588,0.0038695931
-1.7713597,0.47498196,0.7735113,-1.7421006,0.4710244,1.0078093,-1.7360792,0.47730342,1.2315342,-1.7443773,0.29346102,1.256538,-1.6847472,0.23251367,0.99531376,-1.4426491,0.23331784,0.9034364,-1.7746446,0.6583064,1.247113,-1.901352,0.6685248,1.0034959,-1.9943467,0.69137883,0.76290655,-1.7827485,0.3908624,0.77351266,-1.8438648,0.37955964,0.35657373,-2.195288,0.3754443,0.14567506,-1.7599709,0.5591015,0.7735099,-1.5439057,0.55605155,0.4115602,-1.5770017,0.5635861,0.0030981004
-1.7713597,0.47498196,0.7735113,-1.7421006,0.4710244,1.0078093,-1.7360792,0.47730342,1.2315342,-1.7443773,0.29346102,1.256538,-1.6847472,0.23251367,0.99531376,-1.4426491,0.23331784,0.9034364,-1.7746446,0.6583064,1.247113,-1.901352,0.6685248,1.0034959,-1.9943467,0.69137883,0.76290655,-1.7827485,0.3908624,0.77351266,-1.8438648,0.37955964,0.35657373,-2.195288,0.3754443,0.14567506,-1.7599709,0.5591015,0.7735099,-1.5439057,0.55605155,0.4115602,-1.5770017,0.5635861,0.0030981004
-1.7202663,0.48189068,0.78247464,-1.6954995,0.47200963,1.0171154,-1.6881677,0.47811353,1.2408061,-1.7012424,0.29455683,1.2658671,-1.6643672,0.24042927,0.9989984,-1.4350526,0.23613952,0.87879026,-1.7218072,0.66008073,1.256567,-1.8290005,0.6754381,1.0040157,-1.9012752,0.7035826,0.75695735,-1.7329265,0.39798182,0.78027743,-1.743713,0.38182414,0.35917926,-2.1084735,0.38488057,0.17227335,-1.7076062,0.56579953,0.78467184,-1.5189809,0.55517405,0.40783152,-1.580727,0.5574609,0.002645582
-1.7202663,0.48189068,0.78247464,-1.6954995,0.47200963,1.0171154,-1.6881677,0.47811353,1.2408061,-1.7012424,0.29455683,1.2658671,-1.6643672,0.24042927,0.9989984,-1.4350526,0.23613952,0.87879026,-1.7218072,0.66008073,1.256567,-1.8290005,0.6754381,1.0040157,-1.9012752,0.7035826,0.75695735,-1.7329265,0.39798182,0.78027743,-1.743713,0.38182414,0.35917926,-2.1084735,0.38488057,0.17227335,-1.7076062,0.56579953,0.78467184,-1.5189809,0.55517405,0.40783152,-1.580727,0.5574609,0.002645582
-1.6711658,0.48777223,0.78994215,-1.6480876,0.47653982,1.0246942,-1.6417499,0.47893792,1.2484857,-1.6598344,0.29542527,1.2705792,-1.6452218,0.24883816,1.0001637,-1.4370816,0.24046692,0.84634197,-1.6706151,0.6614687,1.2669622,-1.7531866,0.68255323,1.0057231,-1.7968091,0.7181637,0.7529732,-1.684187,0.40393433,0.78721076,-1.6391239,0.3854029,0.3684901,-2.0037098,0.3955961,0.18149623,-1.6581446,0.5716101,0.7926735,-1.5025961,0.55343485,0.4012973,-1.5859524,0.5558228,2.9802322e-08
-1.6711658,0.48777223,0.78994215,-1.6480876,0.47653982,1.0246942,-1.6417499,0.47893792,1.2484857,-1.6598344,0.29542527,1.2705792,-1.6452218,0.24883816,1.0001637,-1.4370816,0.24046692,0.84634197,-1.6706151,0.6614687,1.2669622,-1.7531866,0.68255323,1.0057231,-1.7968091,0.7181637,0.7529732,-1.684187,0.40393433,0.78721076,-1.6391239,0.3854029,0.3684901,-2.0037098,0.3955961,0.18149623,-1.6581446,0.5716101,0.7926735,-1.5025961,0.55343485,0.4012973,-1.5859524,0.5558228,2.9802322e-08
-1.6231657,0.4917684,0.79666185,-1.6006252,0.48024338,1.031452,-1.5957327,0.48043972,1.2552924,-1.6182379,0.2972049,1.2755557,-1.6236427,0.25950432,1.0034199,-1.4459349,0.24628061,0.81554055,-1.6204584,0.6634181,1.275283,-1.6704643,0.6899739,1.0063914,-1.6780584,0.7327669,0.7511178,-1.6362543,0.40794522,0.7938038,-1.5358026,0.39156383,0.38472906,-1.8846864,0.4056138,0.17007537,-1.6100771,0.57559156,0.7995199,-1.482149,0.55263233,0.39851078,-1.5837411,0.5538948,0.0014328659
-1.6231657,0.4917684,0.79666185,-1.6006252,0.48024338,1.031452,-1.5957327,0.48043972,1.2552924,-1.6182379,0.2972049,1.2755557,-1.6236427,0.25950432,1.0034199,-1.4459349,0.24628061,0.81554055,-1.6204584,0.6634181,1.275283,-1.6704643,0.6899739,1.0063914,-1.6780584,0.7327669,0.7511178,-1.6362543,0.40794522,0.7938038,-1.5358026,0.39156383,0.38472906,-1.8846864,0.4056138,0.17007537,-1.6100771,0.57559156,0.7995199,-1.482149,0.55263233,0.39851078,-1.5837411,0.5538948,0.0014328659
-1.574748,0.49513814,0.8004633,-1.5546792,0.48249835,1.0354202,-1.5496848,0.47973362,1.2592413,-1.5757204,0.29672366,1.2771741,-1.603043,0.2665904,1.0054134,-1.4710612,0.25031307,0.78322107,-1.5708582,0.6628848,1.2815886,-1.583316,0.6984545,1.0093974,-1.5383084,0.74196553,0.75813127,-1.5864402,0.41113394,0.7969429,-1.4414524,0.39722192,0.4013597,-1.7633991,0.41535467,0.14834788,-1.5630559,0.57914233,0.80398375,-1.4693954,0.55490106,0.3936898,-1.5883327,0.55267125,0.0014623106
-1.574748,0.49513814,0.8004633,-1.5546792,0.48249835,1.0354202,-1.5496848,0.47973362,1.2592413,-1.5757204,0.29672366,1.2771741,-1.603043,0.2665904,1.0054134,-1.4710612,0.25031307,0.78322107,-1.5708582,0.6628848,1.2815886,-1.583316,0.6984545,1.0093974,-1.5383084,0.74196553,0.75813127,-1.5864402,0.41113394,0.7969429,-1.4414524,0.39722192,0.4013597,-1.7633991,0.41535467,0.14834788,-1.5630559,0.57914233,0.80398375,-1.4693954,0.55490106,0.3936898,-1.5883327,0.55267125,0.0014623106
-1.5255346,0.49781922,0.7990093,-1.506889,0.48142806,1.0338517,-1.5025202,0.47694948,1.2576584,-1.530969,0.29416513,1.2741697,-1.5774299,0.27009037,1.0044101,-1.4977362,0.2464878,0.7591646,-1.5213805,0.66019005,1.281307,-1.4975969,0.70245296,1.0108322,-1.3988329,0.739755,0.7743839,-1.5368022,0.4138301,0.79404175,-1.3532641,0.4035747,0.41468748,-1.6309998,0.42771626,0.114231944,-1.5142671,0.5818083,0.8039769,-1.4525346,0.55668217,0.38773316,-1.590913,0.5512343,0.00196746
-1.5255346,0.49781922,0.7990093,-1.506889,0.48142806,1.0338517,-1.5025202,0.47694948,1.2576584,-1.530969,0.29416513,1.2741697,-1.5774299,0.27009037,1.0044101,-1.4977362,0.2464878,0.7591646,-1.5213805,0.66019005,1.281307,-1.4975969,0.70245296,1.0108322,-1.3988329,0.739755,0.7743839,-1.5368022,0.4138301,0.79404175,-1.3532641,0.4035747,0.41468748,-1.6309998,0.42771626,0.114231944,-1.5142671,0.5818083,0.8039769,-1.4525346,0.55668217,0.38773316,-1.590913,0.5512343,0.00196746
-1.4764792,0.49974394,0.797943,-1.4576296,0.48057044,1.0325584,-1.4550436,0.47315776,1.2563148,-1.4842203,0.2902707,1.2702113,-1.5526184,0.27112958,1.0047612,-1.5263911,0.23951077,0.74909353,-1.4734901,0.6561369,1.2822078,-1.416559,0.7049871,1.0178578,-1.2704388,0.7349932,0.80619276,-1.4859444,0.41560823,0.7918276,-1.2734529,0.4101352,0.42779684,-1.4848864,0.43774498,0.07775822,-1.467014,0.58387965,0.8040584,-1.4353833,0.5614142,0.38430142,-1.5912188,0.5491227,0.0054114163
-1.4764792,0.49974394,0.797943,-1.4576296,0.48057044,1.0325584,-1.4550436,0.47315776,1.2563148,-1.4842203,0.2902707,1.2702113,-1.5526184,0.27112958,1.0047612,-1.5263911,0.23951077,0.74909353,-1.4734901,0.6561369,1.2822078,-1.416559,0.7049871,1.0178578,-1.2704388,0.7349932,0.80619276,-1.4859444,0.41560823,0.7918276,-1.2734529,0.4101352,0.42779684,-1.4848864,0.43774498,0.07775822,-1.467014,0.58387965,0.8040584,-1.4353833,0.5614142,0.38430142,-1.5912188,0.5491227,0.0054114163
-1.4264303,0.49991554,0.797006,-1.4062043,0.48036447,1.0314755,-1.4024881,0.47302002,1.2552183,-1.4322331,0.29024112,1.2693317,-1.527393,0.27845672,1.0118163,-1.5529032,0.23870026,0.7572142,-1.4201596,0.65607154,1.2811397,-1.3317114,0.7141517,1.0275414,-1.1442926,0.73269457,0.84982276,-1.433836,0.41559413,0.7906138,-1.2026181,0.41834182,0.43814853,-1.3322352,0.44467863,0.050206244,-1.4190247,0.5842369,0.80339825,-1.4281299,0.5655967,0.38236293,-1.5923755,0.5511586,0.0071186125
-1.4264303,0.49991554,0.797006,-1.4062043,0.48036447,1.0314755,-1.4024881,0.47302002,1.2552183,-1.4322331,0.29024112,1.2693317,-1.527393,0.27845672,1.0118163,-1.5529032,0.23870026,0.7572142,-1.4201596,0.65607154,1.2811397,-1.3317114,0.7141517,1.0275414,-1.1442926,0.73269457,0.84982276,-1.433836,0.41559413,0.7906138,-1.2026181,0.41834182,0.43814853,-1.3322352,0.44467863,0.050206244,-1.4190247,0.5842369,0.80339825,-1.4281299,0.5655967,0.38236293,-1.5923755,0.5511586,0.0071186125
-1.3752977,0.5000871,0.79521394,-1.3544009,0.47860444,1.0294555,-1.3496721,0.47034636,1.2531472,-1.3778908,0.28727657,1.2666091,-1.5036252,0.28243786,1.0223225,-1.5539309,0.24195054,0.7715564,-1.3686992,0.6531391,1.2799214,-1.2498193,0.71519583,1.0400777,-1.0346063,0.7338981,0.8972939,-1.378394,0.4155864,0.78774047,-1.1406268,0.4262177,0.43981123,-1.1771294,0.45095775,0.03232023,-1.3722013,0.58458775,0.8026874,-1.4214029,0.56927294,0.38430274,-1.5920283,0.55044156,0.01211217
-1.3752977,0.5000871,0.79521394,-1.3544009,0.47860444,1.0294555,-1.3496721,0.47034636,1.2531472,-1.3778908,0.28727657,1.2666091,-1.5036252,0.28243786,1.0223225,-1.5539309,0.24195054,0.7715564,-1.3686992,0.6531391,1.2799214,-1.2498193,0.71519583,1.0400777,-1.0346063,0.7338981,0.8972939,-1.378394,0.4155864,0.78774047,-1.1406268,0.4262177,0.43981123,-1.1771294,0.45095775,0.03232023,-1.3722013,0.58458775,0.8026874,-1.4214029,0.56927294,0.38430274,-1.5920283,0.55044156,0.01211217
-1.3231208,0.5002587,0.79189503,-1.2976594,0.47795802,1.0256078,-1.2923133,0.46910247,1.2492628,-1.3184267,0.2856864,1.2622516,-1.465036,0.28665558,1.0298443,-1.546109,0.2456758,0.78735423,-1.3133452,0.6515893,1.276618,-1.1690603,0.7194042,1.0528067,-0.93379116,0.732671,0.9454475,-1.3248092,0.41575503,0.7840157,-1.0785939,0.4316136,0.44221523,-1.0291305,0.45673206,0.03611684,-1.3214325,0.58476233,0.79977435,-1.4275458,0.56983405,0.3920757,-1.5911964,0.55204594,0.016715258
-1.3231208,0.5002587,0.79189503,-1.2976594,0.47795802,1.0256078,-1.2923133,0.46910247,1.2492628,-1.3184267,0.2856864,1.2622516,-1.465036,0.28665558,1.0298443,-1.546109,0.2456758,0.78735423,-1.3133452,0.6515893,1.276618,-1.1690603,0.7194042,1.0528067,-0.93379116,0.732671,0.9454475,-1.3248092,0.41575503,0.7840157,-1.0785939,0.4316136,0.44221523,-1.0291305,0.45673206,0.03611684,-1.3214325,0.58476233,0.79977435,-1.4275458,0.56983405,0.3920757,-1.5911964,0.55204594,0.016715258
-1.2705207,0.5004303,0.7873231,-1.241161,0.4787027,1.0206324,-1.2354103,0.46803626,1.2441982,-1.2598778,0.284294,1.2556959,-1.4228128,0.2900939,1.0345014,-1.5284109,0.2509254,0.80133104,-1.2580192,0.65009546,1.2731007,-1.0965708,0.72374296,1.0632938,-0.8485099,0.73320216,0.98960614,-1.269699,0.41592258,0.7793497,-1.0151038,0.43266073,0.44378725,-0.911462,0.46703136,0.048729718,-1.2713424,0.584938,0.79529655,-1.4321675,0.5677927,0.40601206,-1.5886687,0.55111605,0.027564257
-1.2705207,0.5004303,0.7873231,-1.241161,0.4787027,1.0206324,-1.2354103,0.46803626,1.2441982,-1.2598778,0.284294,1.2556959,-1.4228128,0.2900939,1.0345014,-1.5284109,0.2509254,0.80133104,-1.2580192,0.65009546,1.2731007,-1.0965708,0.72374296,1.0632938,-0.8485099,0.73320216,0.98960614,-1.269699,0.41592258,0.7793497,-1.0151038,0.43266073,0.44378725,-0.911462,0.46703136,0.048729718,-1.2713424,0.584938,0.79529655,-1.4321675,0.5677927,0.40601206,-1.5886687,0.55111605,0.027564257
-1.2169045,0.50060195,0.77916133,-1.1882188,0.47310728,1.0119455,-1.1806813,0.45984143,1.235319,-1.2057668,0.2760727,1.2449034,-1.3795136,0.28632903,1.0322646,-1.5017492,0.24953851,0.80696815,-1.2023466,0.6416395,1.2664986,-1.0300128,0.72003317,1.0673404,-0.7762391,0.7284198,1.016526,-1.2139512,0.41639513,0.7688515,-0.9517592,0.4351306,0.43929824,-0.8409949,0.47204155,0.046408564,-1.2198578,0.58480877,0.78947115,-1.4032378,0.5664964,0.4103438,-1.5815384,0.5486912,0.04171756
-1.2169045,0.50060195,0.77916133,-1.1882188,0.47310728,1.0119455,-1.1806813,0.45984143,1.235319,-1.2057668,0.2760727,1.2449034,-1.3795136,0.28632903,1.0322646,-1.5017492,0.24953851,0.80696815,-1.2023466,0.6416395,1.2664986,-1.0300128,0.72003317,1.0673404,-0.7762391,0.7284198,1.016526,-1.2139512,0.41639513,0.7688515,-0.9517592,0.4351306,0.43929824,-0.8409949,0.47204155,0.046408564,-1.2198578,0.58480877,0.78947115,-1.4032378,0.5664964,0.4103438,-1.5815384,0.5486912,0.04171756
-1.1600316,0.50077355,0.77379334,-1.1329659,0.4750647,1.0069753,-1.125567,0.45849305,1.2301326,-1.1488891,0.27436727,1.2369034,-1.328242,0.28981748,1.0292925,-1.4608724,0.255172,0.80960536,-1.1490229,0.6395813,1.2640285,-0.9767334,0.72401804,1.0673176,-0.72049487,0.7337359,1.0312489,-1.155936,0.41654918,0.764032,-0.89630544,0.44372076,0.43304145,-0.8218793,0.4786793,0.031504333,-1.1641271,0.58499795,0.7835547,-1.3711772,0.56906724,0.41670653,-1.5724924,0.5535778,0.060019314
-1.1600316,0.50077355,0.77379334,-1.1329659,0.4750647,1.0069753,-1.125567,0.45849305,1.2301326,-1.1488891,0.27436727,1.2369034,-1.328242,0.28981748,1.0292925,-1.4608724,0.255172,0.80960536,-1.1490229,0.6395813,1.2640285,-0.9767334,0.72401804,1.0673176,-0.72049487,0.7337359,1.0312489,-1.155936,0.41654918,0.764032,-0.89630544,0.44372076,0.43304145,-0.8218793,0.4786793,0.031504333,-1.1641271,0.58499795,0.7835547,-1.3711772,0.56906724,0.41670653,-1.5724924,0.5535778,0.060019314
-1.1019845,0.50094503,0.77539074,-1.0749538,0.48210922,1.0092323,-1.0702726,0.4614004,1.2321174,-1.0941343,0.2772451,1.2352029,-1.2711296,0.29779226,1.0260166,-1.4075986,0.26663548,0.80816567,-1.0936805,0.6418951,1.269074,-0.93287003,0.73068124,1.0647079,-0.6758758,0.7439881,1.0358901,-1.0981029,0.41645768,0.7681366,-0.8376313,0.44812408,0.43820807,-0.8046485,0.47904098,0.030838817,-1.1058661,0.5854324,0.78264487,-1.3280221,0.574165,0.42456552,-1.5440248,0.56320965,0.07640427
-1.1019845,0.50094503,0.77539074,-1.0749538,0.48210922,1.0092323,-1.0702726,0.4614004,1.2321174,-1.0941343,0.2772451,1.2352029,-1.2711296,0.29779226,1.0260166,-1.4075986,0.26663548,0.80816567,-1.0936805,0.6418951,1.269074,-0.93287003,0.73068124,1.0647079,-0.6758758,0.7439881,1.0358901,-1.0981029,0.41645768,0.7681366,-0.8376313,0.44812408,0.43820807,-0.8046485,0.47904098,0.030838817,-1.1058661,0.5854324,0.78264487,-1.3280221,0.574165,0.42456552,-1.5440248,0.56320965,0.07640427
-1.0485489,0.50190765,0.7777896,-1.0224037,0.48884127,1.0121248,-1.0164416,0.46239397,1.2343713,-1.0393957,0.27810416,1.2328079,-1.2091532,0.30168694,1.018018,-1.3420229,0.27223516,0.79771864,-1.040526,0.6417531,1.2761124,-0.90199053,0.7332166,1.0571357,-0.6458639,0.7507105,1.0232731,-1.0462496,0.41719803,0.7728097,-0.7910052,0.4465816,0.43861228,-0.8031067,0.48097548,0.030367196,-1.0508482,0.58661723,0.7827695,-1.1857158,0.58356756,0.3833919,-1.4863901,0.5747827,0.10498351
-1.0485489,0.50190765,0.7777896,-1.0224037,0.48884127,1.0121248,-1.0164416,0.46239397,1.2343713,-1.0393957,0.27810416,1.2328079,-1.2091532,0.30168694,1.018018,-1.3420229,0.27223516,0.79771864,-1.040526,0.6417531,1.2761124,-0.90199053,0.7332166,1.0571357,-0.6458639,0.7507105,1.0232731,-1.0462496,0.41719803,0.7728097,-0.7910052,0.4465816,0.43861228,-0.8031067,0.48097548,0.030367196,-1.0508482,0.58661723,0.7827695,-1.1857158,0.58356756,0.3833919,-1.4863901,0.5747827,0.10498351
-0.9954238,0.5017026,0.7863407,-0.9718622,0.4931508,1.0211577,-0.9642009,0.4650749,1.2431523,-0.9851662,0.28056347,1.2403141,-1.1411661,0.29989213,1.0149281,-1.2544203,0.26998454,0.7839896,-0.98996156,0.6438375,1.2864233,-0.87480605,0.73457426,1.054013,-0.6215223,0.7546366,1.0040289,-0.99421954,0.41688484,0.7831309,-0.7559999,0.44523254,0.43650594,-0.79999197,0.48540488,0.030988634,-0.99662805,0.5865204,0.78955054,-1.0764219,0.58845896,0.37562993,-1.4100999,0.5841414,0.13765144
-0.9954238,0.5017026,0.7863407,-0.9718622,0.4931508,1.0211577,-0.9642009,0.4650749,1.2431523,-0.9851662,0.28056347,1.2403141,-1.1411661,0.29989213,1.0149281,-1.2544203,0.26998454,0.7839896,-0.98996156,0.6438375,1.2864233,-0.87480605,0.73457426,1.054013,-0.6215223,0.7546366,1.0040289,-0.99421954,0.41688484,0.7831309,-0.7559999,0.44523254,0.43650594,-0.79999197,0.48540488,0.030988634,-0.99662805,0.5865204,0.78955054,-1.0764219,0.58845896,0.37562993,-1.4100999,0.5841414,0.13765144
-0.944675,0.50053984,0.7955582,-0.922122,0.5006589,1.0306298,-0.9121813,0.47373897,1.2526771,-0.9284468,0.28874224,1.2507463,-1.0633512,0.300584,1.0116458,-1.1408926,0.27035207,0.7664379,-0.94219345,0.65197,1.2953976,-0.8510856,0.73782855,1.0507834,-0.60546124,0.75885195,0.9715353,-0.9442819,0.41565377,0.7955635,-0.73097515,0.44773906,0.43338698,-0.7992552,0.4910483,0.031571627,-0.9450682,0.5854259,0.7955529,-0.96869475,0.59604007,0.37480333,-1.32051,0.5903929,0.164595
-0.944675,0.50053984,0.7955582,-0.922122,0.5006589,1.0306298,-0.9121813,0.47373897,1.2526771,-0.9284468,0.28874224,1.2507463,-1.0633512,0.300584,1.0116458,-1.1408926,0.27035207,0.7664379,-0.94219345,0.65197,1.2953976,-0.8510856,0.73782855,1.0507834,-0.60546124,0.75885195,0.9715353,-0.9442819,0.41565377,0.7955635,-0.73097515,0.44773906,0.43338698,-0.7992552,0.4910483,0.031571627,-0.9450682,0.5854259,0.7955529,-0.96869475,0.59604007,0.37480333,-1.32051,0.5903929,0.164595
-0.8951059,0.5003829,0.805814,-0.87173957,0.5027795,1.040794,-0.8630394,0.47627833,1.2629439,-0.8746603,0.29093152,1.2610481,-0.9791771,0.29623246,1.0069681,-1.0243561,0.26740536,0.75362754,-0.89786166,0.65373474,1.305237,-0.82905626,0.7324201,1.0511054,-0.6002708,0.75290734,0.9315603,-0.896094,0.4155071,0.80677795,-0.7113712,0.44897825,0.42934155,-0.8015039,0.49371102,0.032014787,-0.8941178,0.58525866,0.8048501,-0.8597913,0.6023079,0.38505006,-1.2136441,0.59336454,0.17840642
-0.8951059,0.5003829,0.805814,-0.87173957,0.5027795,1.040794,-0.8630394,0.47627833,1.2629439,-0.8746603,0.29093152,1.2610481,-0.9791771,0.29623246,1.0069681,-1.0243561,0.26740536,0.75362754,-0.89786166,0.65373474,1.305237,-0.82905626,0.7324201,1.0511054,-0.6002708,0.75290734,0.9315603,-0.896094,0.4155071,0.80677795,-0.7113712,0.44897825,0.42934155,-0.8015039,0.49371102,0.032014787,-0.8941178,0.58525866,0.8048501,-0.8597913,0.6023079,0.38505006,-1.2136441,0.59336454,0.17840642
-0.8463664,0.50066286,0.81488466,-0.822882,0.50336903,1.0498495,-0.8151343,0.47784436,1.2721488,-0.8260201,0.29244685,1.2709873,-0.8928776,0.29016992,1.0044664,-0.8910655,0.2647402,0.7467775,-0.850852,0.65533996,1.3135207,-0.8043574,0.729819,1.0531371,-0.6030971,0.74389356,0.89081097,-0.84913933,0.41583043,0.81613886,-0.6933702,0.44909912,0.4258438,-0.7997349,0.49539033,0.032731682,-0.8435935,0.5854953,0.81363046,-0.75885725,0.60467434,0.40113443,-1.0997032,0.5947238,0.17371751
-0.8463664,0.50066286,0.81488466,-0.822882,0.50336903,1.0498495,-0.8151343,0.47784436,1.2721488,-0.8260201,0.29244685,1.2709873,-0.8928776,0.29016992,1.0044664,-0.8910655,0.2647402,0.7467775,-0.850852,0.65533996,1.3135207,-0.8043574,0.729819,1.0531371,-0.6030971,0.74389356,0.89081097,-0.84913933,0.41583043,0.81613886,-0.6933702,0.44909912,0.4258438,-0.7997349,0.49539033,0.032731682,-0.8435935,0.5854953,0.81363046,-0.75885725,0.60467434,0.40113443,-1.0997032,0.5947238,0.17371751
-0.79707396,0.5009429,0.82003605,-0.7733405,0.506285,1.0549307,-0.7662832,0.4811952,1.2773025,-0.77655816,0.29576123,1.2764466,-0.8049271,0.28729242,1.0032581,-0.7481812,0.26965508,0.7512216,-0.80272543,0.6586486,1.318221,-0.7812348,0.7220685,1.0517168,-0.62351644,0.74003744,0.84713036,-0.8014012,0.41619924,0.82240057,-0.6767123,0.44873187,0.42103374,-0.8010627,0.49775684,0.03357151,-0.7927467,0.58568656,0.81767154,-0.66308784,0.60600626,0.41707608,-0.9800205,0.59397405,0.1574564
-0.79707396,0.5009429,0.82003605,-0.7733405,0.506285,1.0549307,-0.7662832,0.4811952,1.2773025,-0.77655816,0.29576123,1.2764466,-0.8049271,0.28729242,1.0032581,-0.7481812,0.26965508,0.7512216,-0.80272543,0.6586486,1.318221,-0.7812348,0.7220685,1.0517168,-0.62351644,0.74003744,0.84713036,-0.8014012,0.41619924,0.82240057,-0.6767123,0.44873187,0.42103374,-0.8010627,0.49775684,0.03357151,-0.7927467,0.58568656,0.81767154,-0.66308784,0.60600626,0.41707608,-0.9800205,0.59397405,0.1574564
-0.74997693,0.5012228,0.8203794,-0.72585833,0.50922245,1.0551593,-0.7198443,0.4854958,1.2777114,-0.7300165,0.3000543,1.2779403,-0.7237167,0.28866762,1.0034606,-0.61263156,0.28090543,0.76967996,-0.7565747,0.6631755,1.3173709,-0.7600786,0.7184171,1.0482156,-0.6512626,0.7400879,0.8142434,-0.7561121,0.4166307,0.82389194,-0.65815485,0.44776678,0.41506925,-0.80044186,0.5019271,0.034524232,-0.74384177,0.5858149,0.8168668,-0.57532954,0.60296875,0.43084812,-0.85252094,0.59302264,0.12908763
-0.74997693,0.5012228,0.8203794,-0.72585833,0.50922245,1.0551593,-0.7198443,0.4854958,1.2777114,-0.7300165,0.3000543,1.2779403,-0.7237167,0.28866762,1.0034606,-0.61263156,0.28090543,0.76967996,-0.7565747,0.6631755,1.3173709,-0.7600786,0.7184171,1.0482156,-0.6512626,0.7400879,0.8142434,-0.7561121,0.4166307,0.82389194,-0.65815485,0.44776678,0.41506925,-0.80044186,0.5019271,0.034524232,-0.74384177,0.5858149,0.8168668,-0.57532954,0.60296875,0.43084812,-0.85252094,0.59302264,0.12908763
-0.7022254,0.502284,0.8200718,-0.67606807,0.51182956,1.0545754,-0.66965014,0.49039593,1.2773488,-0.68125117,0.30505133,1.2795551,-0.6417308,0.28895873,1.0081004,-0.48420304,0.28525448,0.80261356,-0.7049048,0.66876125,1.3152301,-0.7320393,0.7162054,1.0459325,-0.6787634,0.74723524,0.7944322,-0.7103875,0.4179021,0.82441705,-0.6423076,0.44585794,0.40934518,-0.7985035,0.50675344,0.035329133,-0.69406325,0.58666587,0.8157266,-0.49524724,0.5974199,0.44416556,-0.7103189,0.59475607,0.09526646
-0.7022254,0.502284,0.8200718,-0.67606807,0.51182956,1.0545754,-0.66965014,0.49039593,1.2773488,-0.68125117,0.30505133,1.2795551,-0.6417308,0.28895873,1.0081004,-0.48420304,0.28525448,0.80261356,-0.7049048,0.66876125,1.3152301,-0.7320393,0.7162054,1.0459325,-0.6787634,0.74723524,0.7944322,-0.7103875,0.4179021,0.82441705,-0.6423076,0.44585794,0.40934518,-0.7985035,0.50675344,0.035329133,-0.69406325,0.58666587,0.8157266,-0.49524724,0.5974199,0.44416556,-0.7103189,0.59475607,0.09526646
-0.6526224,0.5040657,0.824209,-0.6254357,0.51441985,1.0585612,-0.6171415,0.4941765,1.2813839,-0.6309646,0.30900228,1.2847757,-0.5613152,0.28878635,1.019731,-0.3673281,0.2887133,0.848201,-0.64986867,0.67317,1.3185638,-0.7082228,0.715024,1.0533252,-0.707406,0.752402,0.7970913,-0.66317284,0.4199818,0.82914793,-0.63467205,0.44604927,0.40937507,-0.8000982,0.50986,0.03984049,-0.64207196,0.58814955,0.81927,-0.427994,0.5900374,0.4561335,-0.5594584,0.5979446,0.06799945
-0.6526224,0.5040657,0.824209,-0.6254357,0.51441985,1.0585612,-0.6171415,0.4941765,1.2813839,-0.6309646,0.30900228,1.2847757,-0.5613152,0.28878635,1.019731,-0.3673281,0.2887133,0.848201,-0.64986867,0.67317,1.3185638,-0.7082228,0.715024,1.0533252,-0.707406,0.752402,0.7970913,-0.66317284,0.4199818,0.82914793,-0.63467205,0.44604927,0.40937507,-0.8000982,0.50986,0.03984049,-0.64207196,0.58814955,0.81927,-0.427994,0.5900374,0.4561335,-0.5594584,0.5979446,0.06799945
-0.6031379,0.5060149,0.8188356,-0.575192,0.51566905,1.0531285,-0.5665756,0.497157,1.2760894,-0.5818166,0.31212825,1.281004,-0.48221916,0.28735813,1.0261016,-0.26296985,0.28930876,0.88833547,-0.5978438,0.67669123,1.3118923,-0.68970704,0.7109986,1.0551968,-0.7293835,0.7495848,0.80223346,-0.6165282,0.4223426,0.82388055,-0.6188136,0.44379145,0.40288678,-0.7985169,0.5108612,0.040668935,-0.5897476,0.58968717,0.8137907,-0.37526387,0.58591425,0.45090842,-0.41216385,0.594141,0.042785704
-0.6031379,0.5060149,0.8188356,-0.575192,0.51566905,1.0531285,-0.5665756,0.497157,1.2760894,-0.5818166,0.31212825,1.281004,-0.48221916,0.28735813,1.0261016,-0.26296985,0.28930876,0.88833547,-0.5978438,0.67669123,1.3118923,-0.68970704,0.7109986,1.0551968,-0.7293835,0.7495848,0.80223346,-0.6165282,0.4223426,0.82388055,-0.6188136,0.44379145,0.40288678,-0.7985169,0.5108612,0.040668935,-0.5897476,0.58968717,0.8137907,-0.37526387,0.58591425,0.45090842,-0.41216385,0.594141,0.042785704
-0.55206174,0.5079735,0.8156352,-0.5213598,0.5192525,1.0495101,-0.5125354,0.5021649,1.2725767,-0.52919054,0.31729597,1.2787527,-0.4041522,0.28824502,1.035792,-0.1665919,0.2916515,0.9328015,-0.5423662,0.68216974,1.3072244,-0.66168964,0.7112647,1.0614117,-0.72165495,0.74308145,0.8115209,-0.56850946,0.42492366,0.8217996,-0.6087908,0.4466377,0.40274468,-0.79149675,0.51102453,0.041543454,-0.535614,0.5910233,0.80947083,-0.31980824,0.5815803,0.44747669,-0.26211688,0.59678453,0.0419721
-0.55206174,0.5079735,0.8156352,-0.5213598,0.5192525,1.0495101,-0.5125354,0.5021649,1.2725767,-0.52919054,0.31729597,1.2787527,-0.4041522,0.28824502,1.035792,-0.1665919,0.2916515,0.9328015,-0.5423662,0.68216974,1.3072244,-0.66168964,0.7112647,1.0614117,-0.72165495,0.74308145,0.8115209,-0.56850946,0.42492366,0.8217996,-0.6087908,0.4466377,0.40274468,-0.79149675,0.51102453,0.041543454,-0.535614,0.5910233,0.80947083,-0.31980824,0.5815803,0.44747669,-0.26211688,0.59678453,0.0419721
-0.49997517,0.50982904,0.81285536,-0.46350938,0.5233368,1.0457826,-0.454058,0.5075327,1.268918,-0.4712739,0.32275665,1.2762326,-0.32653415,0.28736722,1.0453507,-0.07838625,0.29531285,0.9717771,-0.48321834,0.68783116,1.3025959,-0.6250556,0.71200037,1.0684879,-0.70655733,0.73996806,0.82429767,-0.51920134,0.42751518,0.8206388,-0.59783477,0.45123827,0.4071716,-0.7873472,0.51162875,0.048798203,-0.480749,0.59214294,0.80507195,-0.26383734,0.5793515,0.4438424,-0.1389936,0.5931228,0.053691387
-0.49997517,0.50982904,0.81285536,-0.46350938,0.5233368,1.0457826,-0.454058,0.5075327,1.268918,-0.4712739,0.32275665,1.2762326,-0.32653415,0.28736722,1.0453507,-0.07838625,0.29531285,0.9717771,-0.48321834,0.68783116,1.3025959,-0.6250556,0.71200037,1.0684879,-0.70655733,0.73996806,0.82429767,-0.51920134,0.42751518,0.8206388,-0.59783477,0.45123827,0.4071716,-0.7873472,0.51162875,0.048798203,-0.480749,0.59214294,0.80507195,-0.26383734,0.5793515,0.4438424,-0.1389936,0.5931228,0.053691387
-0.4477025,0.5124721,0.80762017,-0.41079006,0.52681416,1.0404271,-0.40010333,0.5131386,1.2636473,-0.41707698,0.32842246,1.2728086,-0.2603436,0.28741956,1.0508585,-0.0071085095,0.2971009,0.9976435,-0.42927653,0.69371814,1.2957724,-0.5885141,0.712659,1.0726287,-0.6861894,0.7370867,0.83405715,-0.4685819,0.4306181,0.8159733,-0.5832593,0.4553645,0.411081,-0.7845504,0.5091532,0.058119148,-0.4268231,0.5943261,0.79926705,-0.20783365,0.58018357,0.43934393,-0.06061043,0.58949083,0.056940883
-0.4477025,0.5124721,0.80762017,-0.41079006,0.52681416,1.0404271,-0.40010333,0.5131386,1.2636473,-0.41707698,0.32842246,1.2728086,-0.2603436,0.28741956,1.0508585,-0.0071085095,0.2971009,0.9976435,-0.42927653,0.69371814,1.2957724,-0.5885141,0.712659,1.0726287,-0.6861894,0.7370867,0.83405715,-0.4685819,0.4306181,0.8159733,-0.5832593,0.4553645,0.411081,-0.7845504,0.5091532,0.058119148,-0.4268231,0.5943261,0.79926705,-0.20783365,0.58018357,0.43934393,-0.06061043,0.58949083,0.056940883
-0.3930647,0.51391566,0.80071425,-0.35783616,0.52906543,1.0337309,-0.34740245,0.5190683,1.257158,-0.3614914,0.33427462,1.2691945,-0.20272392,0.2868909,1.0499774,0.052916825,0.2962411,1.0098034,-0.3794758,0.6996487,1.2863828,-0.5485877,0.7145565,1.0703102,-0.6665485,0.74358296,0.8416264,-0.4137412,0.43202013,0.8091647,-0.55093956,0.45538488,0.41125542,-0.7769639,0.50461245,0.072902024,-0.3723882,0.5958112,0.7922638,-0.15232942,0.57721627,0.43319637,-0.02757506,0.5820738,0.042804033
-0.3930647,0.51391566,0.80071425,-0.35783616,0.52906543,1.0337309,-0.34740245,0.5190683,1.257158,-0.3614914,0.33427462,1.2691945,-0.20272392,0.2868909,1.0499774,0.052916825,0.2962411,1.0098034,-0.3794758,0.6996487,1.2863828,-0.5485877,0.7145565,1.0703102,-0.6665485,0.74358296,0.8416264,-0.4137412,0.43202013,0.8091647,-0.55093956,0.45538488,0.41125542,-0.7769639,0.50461245,0.072902024,-0.3723882,0.5958112,0.7922638,-0.15232942,0.57721627,0.43319637,-0.02757506,0.5820738,0.042804033
-0.33286145,0.51445895,0.8004072,-0.29620036,0.52980226,1.03319,-0.2890604,0.5240323,1.2568958,-0.30178365,0.33937812,1.2721616,-0.14748833,0.28388783,1.0516572,0.10833961,0.29222953,1.0124645,-0.32308084,0.7048387,1.2822676,-0.49571115,0.71520483,1.0687265,-0.6268505,0.74476045,0.8474066,-0.35254756,0.4323263,0.8089211,-0.50318336,0.45283735,0.41574278,-0.7587465,0.49419513,0.097984314,-0.31317535,0.5965916,0.79189324,-0.082333565,0.57294375,0.4399644,-0.00548923,0.5775852,0.03738913
-0.33286145,0.51445895,0.8004072,-0.29620036,0.52980226,1.03319,-0.2890604,0.5240323,1.2568958,-0.30178365,0.33937812,1.2721616,-0.14748833,0.28388783,1.0516572,0.10833961,0.29222953,1.0124645,-0.32308084,0.7048387,1.2822676,-0.49571115,0.71520483,1.0687265,-0.6268505,0.74476045,0.8474066,-0.35254756,0.4323263,0.8089211,-0.50318336,0.45283735,0.41574278,-0.7587465,0.49419513,0.097984314,-0.31317535,0.5965916,0.79189324,-0.082333565,0.57294375,0.4399644,-0.00548923,0.5775852,0.03738913
-0.2724833,0.5147975,0.80139375,-0.23696718,0.520467,1.0347899,-0.2331931,0.5200579,1.2586517,-0.24385329,0.33566684,1.2781034,-0.10322587,0.27566203,1.0497794,0.1513765,0.28049967,1.002792,-0.2698438,0.7009617,1.279209,-0.4328048,0.71103036,1.058187,-0.5595548,0.7374977,0.83393836,-0.2902114,0.43191612,0.8061047,-0.42553133,0.4467319,0.40714347,-0.7189851,0.48146826,0.12311581,-0.25475517,0.5976789,0.7966828,-0.017949387,0.5741474,0.44873112,0.011389494,0.5743593,0.03991258
-0.2724833,0.5147975,0.80139375,-0.23696718,0.520467,1.0347899,-0.2331931,0.5200579,1.2586517,-0.24385329,0.33566684,1.2781034,-0.10322587,0.27566203,1.0497794,0.1513765,0.28049967,1.002792,-0.2698438,0.7009617,1.279209,-0.4328048,0.71103036,1.058187,-0.5595548,0.7374977,0.83393836,-0.2902114,0.43191612,0.8061047,-0.42553133,0.4467319,0.40714347,-0.7189851,0.48146826,0.12311581,-0.25475517,0.5976789,0.7966828,-0.017949387,0.5741474,0.44873112,0.011389494,0.5743593,0.03991258
-0.21701016,0.51513624,0.8036295,-0.18500546,0.51604223,1.0375999,-0.18183388,0.52068746,1.2614232,-0.19210581,0.33675602,1.2849983,-0.072471656,0.27630216,1.0451204,0.17855564,0.27641502,0.9815684,-0.21897204,0.7019183,1.2778004,-0.37207317,0.71434176,1.0499537,-0.48891053,0.7439357,0.82076645,-0.23300357,0.4318073,0.80613995,-0.33041167,0.43873698,0.39606106,-0.65784055,0.4684677,0.1513167,-0.20101674,0.59846514,0.8011191,0.028413266,0.5768633,0.44813707,0.014372136,0.56854206,0.03859213
-0.21701016,0.51513624,0.8036295,-0.18500546,0.51604223,1.0375999,-0.18183388,0.52068746,1.2614232,-0.19210581,0.33675602,1.2849983,-0.072471656,0.27630216,1.0451204,0.17855564,0.27641502,0.9815684,-0.21897204,0.7019183,1.2778004,-0.37207317,0.71434176,1.0499537,-0.48891053,0.7439357,0.82076645,-0.23300357,0.4318073,0.80613995,-0.33041167,0.43873698,0.39606106,-0.65784055,0.4684677,0.1513167,-0.20101674,0.59846514,0.8011191,0.028413266,0.5768633,0.44813707,0.014372136,0.56854206,0.03859213
-0.16474861,0.51723593,0.8101375,-0.13729939,0.5107395,1.0445979,-0.1316605,0.5175179,1.2683182,-0.14362764,0.33394396,1.2938031,-0.04903376,0.27553537,1.0425087,0.19547623,0.2702131,0.95742,-0.16669498,0.6992863,1.2833152,-0.30514425,0.7143607,1.0464333,-0.4040019,0.74992526,0.8097565,-0.18101358,0.4339227,0.8097333,-0.23194666,0.432491,0.39127794,-0.58493054,0.45791742,0.184519,-0.14848363,0.60054916,0.81054175,0.0574203,0.57617694,0.44351226,0.010816868,0.5631435,0.036508948
-0.16474861,0.51723593,0.8101375,-0.13729939,0.5107395,1.0445979,-0.1316605,0.5175179,1.2683182,-0.14362764,0.33394396,1.2938031,-0.04903376,0.27553537,1.0425087,0.19547623,0.2702131,0.95742,-0.16669498,0.6992863,1.2833152,-0.30514425,0.7143607,1.0464333,-0.4040019,0.74992526,0.8097565,-0.18101358,0.4339227,0.8097333,-0.23194666,0.432491,0.39127794,-0.58493054,0.45791742,0.184519,-0.14848363,0.60054916,0.81054175,0.0574203,0.57617694,0.44351226,0.010816868,0.5631435,0.036508948
-0.116630115,0.519364,0.81787586,-0.08959274,0.505722,1.0520769,-0.084080875,0.510694,1.2758478,-0.09939706,0.32717827,1.2999195,-0.026768804,0.2734109,1.0404148,0.20521002,0.26855138,0.925455,-0.11583627,0.69294757,1.2921972,-0.231374,0.71399426,1.0437691,-0.30819505,0.75570315,0.80002236,-0.13195546,0.4359291,0.81478506,-0.12560877,0.427142,0.39337838,-0.48829404,0.45306534,0.20422019,-0.10130477,0.60279894,0.82096666,0.075891495,0.5747062,0.43950453,0.011078551,0.5587121,0.035107613
-0.116630115,0.519364,0.81787586,-0.08959274,0.505722,1.0520769,-0.084080875,0.510694,1.2758478,-0.09939706,0.32717827,1.2999195,-0.026768804,0.2734109,1.0404148,0.20521002,0.26855138,0.925455,-0.11583627,0.69294757,1.2921972,-0.231374,0.71399426,1.0437691,-0.30819505,0.75570315,0.80002236,-0.13195546,0.4359291,0.81478506,-0.12560877,0.427142,0.39337838,-0.48829404,0.45306534,0.20422019,-0.10130477,0.60279894,0.82096666,0.075891495,0.5747062,0.43950453,0.011078551,0.5587121,0.035107613
-0.0678738,0.5216048,0.8262634,-0.042934783,0.505,1.0605061,-0.03749368,0.50805235,1.2843132,-0.053553205,0.3244018,1.3068218,-0.009416517,0.27556768,1.0400343,0.20237386,0.26899275,0.89118814,-0.068526775,0.6902863,1.3021959,-0.15838255,0.7162538,1.0438162,-0.20662536,0.76652676,0.7944193,-0.08167854,0.43796656,0.8218043,-0.019170396,0.4243679,0.40514028,-0.37798643,0.4497338,0.20866887,-0.054069057,0.60524297,0.8307226,0.09115778,0.57350445,0.43625727,0.006104149,0.554312,0.035768896
-0.0678738,0.5216048,0.8262634,-0.042934783,0.505,1.0605061,-0.03749368,0.50805235,1.2843132,-0.053553205,0.3244018,1.3068218,-0.009416517,0.27556768,1.0400343,0.20237386,0.26899275,0.89118814,-0.068526775,0.6902863,1.3021959,-0.15838255,0.7162538,1.0438162,-0.20662536,0.76652676,0.7944193,-0.08167854,0.43796656,0.8218043,-0.019170396,0.4243679,0.40514028,-0.37798643,0.4497338,0.20866887,-0.054069057,0.60524297,0.8307226,0.09115778,0.57350445,0.43625727,0.006104149,0.554312,0.035768896
-0.021505032,0.522647,0.83023715,0.003060434,0.50903875,1.0647124,0.0070898053,0.50975144,1.2885691,-0.009596549,0.32592106,1.3090639,0.008879684,0.28292614,1.03829,0.19192234,0.27718547,0.85521626,-0.023575306,0.6918731,1.3081504,-0.07487704,0.72574496,1.0403272,-0.0692622,0.77690434,0.7865463,-0.033673644,0.43871376,0.8266408,0.079917975,0.42709064,0.42085403,-0.26320395,0.45021224,0.19786039,-0.0093364185,0.6065803,0.8338335,0.11251226,0.573493,0.43164057,0.007401958,0.5545336,0.03593135
-0.021505032,0.522647,0.83023715,0.003060434,0.50903875,1.0647124,0.0070898053,0.50975144,1.2885691,-0.009596549,0.32592106,1.3090639,0.008879684,0.28292614,1.03829,0.19192234,0.27718547,0.85521626,-0.023575306,0.6918731,1.3081504,-0.07487704,0.72574496,1.0403272,-0.0692622,0.77690434,0.7865463,-0.033673644,0.43871376,0.8266408,0.079917975,0.42709064,0.42085403,-0.26320395,0.45021224,0.19786039,-0.0093364185,0.6065803,0.8338335,0.11251226,0.573493,0.43164057,0.007401958,0.5545336,0.03593135
0.025766851,0.5231261,0.832224,0.048517592,0.5079991,1.0667893,0.051713344,0.5059527,1.2906511,0.034672584,0.32191044,1.3088207,0.024662498,0.28606796,1.0365644,0.1703955,0.2779444,0.82267314,0.02125101,0.68786734,1.3123578,0.007483974,0.72865754,1.040963,0.070743576,0.77627295,0.7944178,0.015354934,0.43899587,0.8278084,0.17322996,0.42877278,0.43707576,-0.14199868,0.44558358,0.17565325,0.036178768,0.60725635,0.83663964,0.127184,0.57272446,0.42648524,0.0031373426,0.5530842,0.036331266
0.025766851,0.5231261,0.832224,0.048517592,0.5079991,1.0667893,0.051713344,0.5059527,1.2906511,0.034672584,0.32191044,1.3088207,0.024662498,0.28606796,1.0365644,0.1703955,0.2779444,0.82267314,0.02125101,0.68786734,1.3123578,0.007483974,0.72865754,1.040963,0.070743576,0.77627295,0.7944178,0.015354934,0.43899587,0.8278084,0.17322996,0.42877278,0.43707576,-0.14199868,0.44558358,0.17565325,0.036178768,0.60725635,0.83663964,0.127184,0.57272446,0.42648524,0.0031373426,0.5530842,0.036331266
0.075894736,0.52419734,0.8298888,0.0967767,0.5045483,1.0642927,0.09955773,0.4993704,1.2881095,0.082509875,0.31508994,1.3036709,0.05053726,0.28418708,1.0325046,0.15408486,0.27427793,0.79536897,0.06902895,0.68095994,1.3123026,0.08874384,0.72597283,1.0419443,0.20561981,0.7639315,0.8140129,0.06758825,0.43995458,0.8235671,0.25805405,0.4311437,0.44760668,-0.01247105,0.4472756,0.14011785,0.084201224,0.6084401,0.83621055,0.14111775,0.5724665,0.42007658,0.00077825785,0.5487704,0.03571117
0.075894736,0.52419734,0.8298888,0.0967767,0.5045483,1.0642927,0.09955773,0.4993704,1.2881095,0.082509875,0.31508994,1.3036709,0.05053726,0.28418708,1.0325046,0.15408486,0.27427793,0.79536897,0.06902895,0.68095994,1.3123026,0.08874384,0.72597283,1.0419443,0.20561981,0.7639315,0.8140129,0.06758825,0.43995458,0.8235671,0.25805405,0.4311437,0.44760668,-0.01247105,0.4472756,0.14011785,0.084201224,0.6084401,0.83621055,0.14111775,0.5724665,0.42007658,0.00077825785,0.5487704,0.03571117
0.12339238,0.5234786,0.8288342,0.14456506,0.50430477,1.0632513,0.14661111,0.49645722,1.2869984,0.12921461,0.312033,1.300308,0.07210558,0.2862804,1.0327564,0.13313907,0.27278605,0.78146696,0.11629788,0.6777961,1.3132546,0.16645004,0.727914,1.0477712,0.329471,0.7582526,0.84888107,0.11753749,0.4390343,0.822456,0.33651483,0.43750694,0.46225098,0.13650274,0.44997773,0.10471344,0.12924728,0.6079229,0.83521235,0.15548638,0.5751413,0.41576284,0.0021146536,0.54601693,0.03678748
0.12339238,0.5234786,0.8288342,0.14456506,0.50430477,1.0632513,0.14661111,0.49645722,1.2869984,0.12921461,0.312033,1.300308,0.07210558,0.2862804,1.0327564,0.13313907,0.27278605,0.78146696,0.11629788,0.6777961,1.3132546,0.16645004,0.727914,1.0477712,0.329471,0.7582526,0.84888107,0.11753749,0.4390343,0.822456,0.33651483,0.43750694,0.46225098,0.13650274,0.44997773,0.10471344,0.12924728,0.6079229,0.83521235,0.15548638,0.5751413,0.41576284,0.0021146536,0.54601693,0.03678748
0.17357111,0.5218023,0.82751644,0.1948932,0.50260526,1.061918,0.19899997,0.4939779,1.285608,0.18383405,0.30931953,1.2983884,0.09876202,0.28990132,1.0378233,0.12016328,0.27252302,0.78034794,0.16684504,0.6748613,1.3127986,0.24560861,0.7304359,1.0554734,0.4448815,0.7526479,0.8916122,0.17075215,0.43722475,0.8208461,0.4018047,0.441867,0.46829218,0.28461462,0.4519321,0.07566178,0.17639007,0.60637987,0.8341868,0.16629538,0.57664454,0.41381195,-0.0002785325,0.5466096,0.04052317
0.17357111,0.5218023,0.82751644,0.1948932,0.50260526,1.061918,0.19899997,0.4939779,1.285608,0.18383405,0.30931953,1.2983884,0.09876202,0.28990132,1.0378233,0.12016328,0.27252302,0.78034794,0.16684504,0.6748613,1.3127986,0.24560861,0.7304359,1.0554734,0.4448815,0.7526479,0.8916122,0.17075215,0.43722475,0.8208461,0.4018047,0.441867,0.46829218,0.28461462,0.4519321,0.07566178,0.17639007,0.60637987,0.8341868,0.16629538,0.57664454,0.41381195,-0.0002785325,0.5466096,0.04052317
0.22426349,0.5199133,0.82589376,0.24873026,0.49985144,1.0599155,0.2542637,0.4903859,1.283541,0.24010256,0.30560577,1.2956996,0.13288154,0.2955711,1.0428926,0.111943156,0.27136838,0.78593075,0.22137162,0.67099935,1.3116293,0.32481623,0.73111874,1.0642564,0.55059636,0.7472343,0.9384899,0.22353962,0.4353332,0.8187187,0.46487296,0.44502863,0.4732258,0.44281125,0.45376232,0.064043105,0.22498736,0.60449344,0.83306885,0.16958895,0.57666504,0.4161064,0.0013239086,0.5428469,0.043901324
0.22426349,0.5199133,0.82589376,0.24873026,0.49985144,1.0599155,0.2542637,0.4903859,1.283541,0.24010256,0.30560577,1.2956996,0.13288154,0.2955711,1.0428926,0.111943156,0.27136838,0.78593075,0.22137162,0.67099935,1.3116293,0.32481623,0.73111874,1.0642564,0.55059636,0.7472343,0.9384899,0.22353962,0.4353332,0.8187187,0.46487296,0.44502863,0.4732258,0.44281125,0.45376232,0.064043105,0.22498736,0.60449344,0.83306885,0.16958895,0.57666504,0.4161064,0.0013239086,0.5428469,0.043901324
0.27571785,0.5185342,0.8241439,0.30223128,0.49912718,1.057998,0.30771056,0.48836717,1.2815661,0.2942181,0.30346835,1.2926325,0.1640044,0.2993609,1.0506904,0.11321512,0.27376595,0.7980664,0.27414936,0.6686914,1.310702,0.39723462,0.73395586,1.0738497,0.6401459,0.7433353,0.98463255,0.27770975,0.43398017,0.8169011,0.52606696,0.44734055,0.4765465,0.57668686,0.4556841,0.06989986,0.27372596,0.6030882,0.8313867,0.145753,0.5726684,0.43088874,-0.0020357072,0.54169714,0.049847126
0.27571785,0.5185342,0.8241439,0.30223128,0.49912718,1.057998,0.30771056,0.48836717,1.2815661,0.2942181,0.30346835,1.2926325,0.1640044,0.2993609,1.0506904,0.11321512,0.27376595,0.7980664,0.27414936,0.6686914,1.310702,0.39723462,0.73395586,1.0738497,0.6401459,0.7433353,0.98463255,0.27770975,0.43398017,0.8169011,0.52606696,0.44734055,0.4765465,0.57668686,0.4556841,0.06989986,0.27372596,0.6030882,0.8313867,0.145753,0.5726684,0.43088874,-0.0020357072,0.54169714,0.049847126
0.3285212,0.5173065,0.8183048,0.3563173,0.49684265,1.0519197,0.36290023,0.48430488,1.2753655,0.34967542,0.29930764,1.28502,0.20410293,0.30194664,1.0519747,0.1309103,0.27634814,0.8049096,0.32927343,0.66435057,1.306104,0.46723536,0.7346479,1.0790946,0.71996987,0.7389443,1.0228775,0.33260462,0.43288484,0.81042385,0.5909878,0.44451606,0.47755167,0.6900136,0.46140873,0.08018285,0.32443777,0.6017282,0.8261857,0.1616621,0.5713232,0.43852517,0.003395006,0.5417604,0.061602056
0.3285212,0.5173065,0.8183048,0.3563173,0.49684265,1.0519197,0.36290023,0.48430488,1.2753655,0.34967542,0.29930764,1.28502,0.20410293,0.30194664,1.0519747,0.1309103,0.27634814,0.8049096,0.32927343,0.66435057,1.306104,0.46723536,0.7346479,1.0790946,0.71996987,0.7389443,1.0228775,0.33260462,0.43288484,0.81042385,0.5909878,0.44451606,0.47755167,0.6900136,0.46140873,0.08018285,0.32443777,0.6017282,0.8261857,0.1616621,0.5713232,0.43852517,0.003395006,0.5417604,0.061602056
0.38274127,0.5169194,0.8135747,0.40875074,0.4928865,1.0470554,0.41718495,0.47694188,1.2702216,0.40294358,0.29190016,1.277209,0.24534295,0.30072176,1.0522809,0.15322134,0.27661404,0.8114781,0.3848961,0.6566961,1.3039548,0.5284663,0.7309611,1.081737,0.78508365,0.7334444,1.0471692,0.3877017,0.43268088,0.80435115,0.6488936,0.44904923,0.47387886,0.7417822,0.46388718,0.074949056,0.37778085,0.60115784,0.8227982,0.190891,0.57156605,0.4461052,0.009177625,0.54279387,0.079845905
0.38274127,0.5169194,0.8135747,0.40875074,0.4928865,1.0470554,0.41718495,0.47694188,1.2702216,0.40294358,0.29190016,1.277209,0.24534295,0.30072176,1.0522809,0.15322134,0.27661404,0.8114781,0.3848961,0.6566961,1.3039548,0.5284663,0.7309611,1.081737,0.78508365,0.7334444,1.0471692,0.3877017,0.43268088,0.80435115,0.6488936,0.44904923,0.47387886,0.7417822,0.46388718,0.074949056,0.37778085,0.60115784,0.8227982,0.190891,0.57156605,0.4461052,0.009177625,0.54279387,0.079845905
0.43834427,0.51679826,0.8075894,0.463977,0.49825904,1.0416119,0.47108573,0.47893688,1.2645574,0.45362878,0.29408702,1.2687829,0.29112998,0.3075852,1.0476034,0.19053428,0.28278744,0.8102868,0.44173726,0.6587141,1.3007634,0.5797215,0.73827904,1.0768477,0.8377789,0.74123263,1.0556053,0.44339848,0.43237188,0.80034757,0.70047164,0.4556085,0.46706906,0.7599884,0.47342032,0.06193462,0.43329006,0.60122466,0.81483126,0.2233041,0.5757541,0.45019698,0.019134313,0.55098903,0.095662355
0.43834427,0.51679826,0.8075894,0.463977,0.49825904,1.0416119,0.47108573,0.47893688,1.2645574,0.45362878,0.29408702,1.2687829,0.29112998,0.3075852,1.0476034,0.19053428,0.28278744,0.8102868,0.44173726,0.6587141,1.3007634,0.5797215,0.73827904,1.0768477,0.8377789,0.74123263,1.0556053,0.44339848,0.43237188,0.80034757,0.70047164,0.4556085,0.46706906,0.7599884,0.47342032,0.06193462,0.43329006,0.60122466,0.81483126,0.2233041,0.5757541,0.45019698,0.019134313,0.55098903,0.095662355
0.49319103,0.51667714,0.8062798,0.51820064,0.5039618,1.0407583,0.52304584,0.47999057,1.2633126,0.50330484,0.29532248,1.2635759,0.342444,0.31079015,1.0413306,0.23720755,0.28721663,0.80590934,0.4955575,0.65933704,1.3029524,0.62027186,0.74103296,1.0721266,0.8783804,0.7481342,1.0525538,0.49703977,0.43202502,0.80127877,0.7572031,0.4611403,0.4708723,0.7752627,0.47427818,0.061611235,0.4893423,0.60132927,0.8112808,0.3235967,0.58318865,0.42411113,0.055758,0.56257,0.11454579
0.49319103,0.51667714,0.8062798,0.51820064,0.5039618,1.0407583,0.52304584,0.47999057,1.2633126,0.50330484,0.29532248,1.2635759,0.342444,0.31079015,1.0413306,0.23720755,0.28721663,0.80590934,0.4955575,0.65933704,1.3029524,0.62027186,0.74103296,1.0721266,0.8783804,0.7481342,1.0525538,0.49703977,0.43202502,0.80127877,0.7572031,0.4611403,0.4708723,0.7752627,0.47427818,0.061611235,0.4893423,0.60132927,0.8112808,0.3235967,0.58318865,0.42411113,0.055758,0.56257,0.11454579
0.5481166,0.51806015,0.8077601,0.568612,0.50743824,1.0427802,0.5744144,0.47953352,1.2648526,0.55204034,0.29518723,1.2620399,0.39847085,0.3110575,1.0347229,0.2996892,0.28704205,0.7965654,0.5497218,0.658535,1.3077573,0.65804446,0.74130815,1.0691714,0.91462934,0.75134075,1.0357479,0.55027014,0.43329567,0.80374134,0.80846125,0.45947054,0.47154668,0.7801572,0.4768855,0.0630261,0.5459631,0.6028246,0.8117789,0.4328069,0.5899335,0.4059088,0.11869207,0.57211816,0.14321524
0.5481166,0.51806015,0.8077601,0.568612,0.50743824,1.0427802,0.5744144,0.47953352,1.2648526,0.55204034,0.29518723,1.2620399,0.39847085,0.3110575,1.0347229,0.2996892,0.28704205,0.7965654,0.5497218,0.658535,1.3077573,0.65804446,0.74130815,1.0691714,0.91462934,0.75134075,1.0357479,0.55027014,0.43329567,0.80374134,0.80846125,0.45947054,0.47154668,0.7801572,0.4768855,0.0630261,0.5459631,0.6028246,0.8117789,0.4328069,0.5899335,0.4059088,0.11869207,0.57211816,0.14321524
0.59812605,0.51720214,0.8124403,0.6169903,0.5160852,1.0478339,0.6237886,0.48697487,1.2697233,0.6027471,0.30248886,1.2659478,0.46225548,0.31758565,1.030273,0.37611404,0.2926916,0.787346,0.59794706,0.66554725,1.3137256,0.68927497,0.74505264,1.0670546,0.94098175,0.75773585,1.007587,0.5981387,0.4323161,0.81203645,0.8394754,0.4611498,0.46761477,0.78172904,0.48506227,0.062538266,0.5981134,0.6020882,0.8128441,0.53938967,0.59756386,0.39543286,0.19590634,0.584807,0.17216189
0.59812605,0.51720214,0.8124403,0.6169903,0.5160852,1.0478339,0.6237886,0.48697487,1.2697233,0.6027471,0.30248886,1.2659478,0.46225548,0.31758565,1.030273,0.37611404,0.2926916,0.787346,0.59794706,0.66554725,1.3137256,0.68927497,0.74505264,1.0670546,0.94098175,0.75773585,1.007587,0.5981387,0.4323161,0.81203645,0.8394754,0.4611498,0.46761477,0.78172904,0.48506227,0.062538266,0.5981134,0.6020882,0.8128441,0.53938967,0.59756386,0.39543286,0.19590634,0.584807,0.17216189
0.6486603,0.5174642,0.8210027,0.6668125,0.51911354,1.0564493,0.67411864,0.49100453,1.2784516,0.65715116,0.30608654,1.2753695,0.5368893,0.3166971,1.0285236,0.47382993,0.29144835,0.77864444,0.64432085,0.66912985,1.3217587,0.7224064,0.7430737,1.0688884,0.9622603,0.7559297,0.97214967,0.6488925,0.4325795,0.82157946,0.8643631,0.46161202,0.46042767,0.77836645,0.48766518,0.060528606,0.6484281,0.6023489,0.820426,0.64403284,0.6042674,0.39890724,0.28769875,0.5852433,0.19727017
0.6486603,0.5174642,0.8210027,0.6668125,0.51911354,1.0564493,0.67411864,0.49100453,1.2784516,0.65715116,0.30608654,1.2753695,0.5368893,0.3166971,1.0285236,0.47382993,0.29144835,0.77864444,0.64432085,0.66912985,1.3217587,0.7224064,0.7430737,1.0688884,0.9622603,0.7559297,0.97214967,0.6488925,0.4325795,0.82157946,0.8643631,0.46161202,0.46042767,0.77836645,0.48766518,0.060528606,0.6484281,0.6023489,0.820426,0.64403284,0.6042674,0.39890724,0.28769875,0.5852433,0.19727017
0.69897455,0.51772636,0.8314786,0.71649843,0.52142364,1.0669495,0.72394454,0.4940321,1.2890368,0.7100282,0.3088522,1.2864294,0.616126,0.3135354,1.0282263,0.58560133,0.28795657,0.77236,0.6911556,0.67175776,1.3318217,0.75528485,0.7382869,1.0730364,0.97202384,0.75033295,0.9318533,0.6974848,0.43286473,0.8329219,0.8834157,0.4633464,0.45582557,0.77931154,0.49163097,0.06040719,0.7004643,0.602588,0.83003527,0.7497114,0.613006,0.4115054,0.39550483,0.58985966,0.20657772
0.69897455,0.51772636,0.8314786,0.71649843,0.52142364,1.0669495,0.72394454,0.4940321,1.2890368,0.7100282,0.3088522,1.2864294,0.616126,0.3135354,1.0282263,0.58560133,0.28795657,0.77236,0.6911556,0.67175776,1.3318217,0.75528485,0.7382869,1.0730364,0.97202384,0.75033295,0.9318533,0.6974848,0.43286473,0.8329219,0.8834157,0.4633464,0.45582557,0.77931154,0.49163097,0.06040719,0.7004643,0.602588,0.83003527,0.7497114,0.613006,0.4115054,0.39550483,0.58985966,0.20657772
0.7454619,0.5179885,0.83931875,0.76436555,0.5226072,1.0746666,0.7734957,0.49708268,1.2969135,0.7613764,0.311761,1.2958789,0.69935757,0.31186485,1.0281811,0.70994633,0.2872155,0.7706275,0.739242,0.6748201,1.3384846,0.7842863,0.7344346,1.0740502,0.9681659,0.75021446,0.89241076,0.7433897,0.43314657,0.8411502,0.8995232,0.465187,0.45089802,0.7765473,0.49267417,0.060878992,0.74753404,0.6028304,0.8374873,0.8440584,0.6163001,0.42736208,0.50439346,0.59043956,0.19943146
0.7454619,0.5179885,0.83931875,0.76436555,0.5226072,1.0746666,0.7734957,0.49708268,1.2969135,0.7613764,0.311761,1.2958789,0.69935757,0.31186485,1.0281811,0.70994633,0.2872155,0.7706275,0.739242,0.6748201,1.3384846,0.7842863,0.7344346,1.0740502,0.9681659,0.75021446,0.89241076,0.7433897,0.43314657,0.8411502,0.8995232,0.465187,0.45089802,0.7765473,0.49267417,0.060878992,0.74753404,0.6028304,0.8374873,0.8440584,0.6163001,0.42736208,0.50439346,0.59043956,0.19943146
0.7933659,0.5182507,0.8440826,0.81242234,0.5280262,1.0792603,0.8160318,0.5031322,1.3017368,0.80401736,0.3178026,1.3009253,0.7743414,0.3112632,1.0278226,0.83235145,0.29123965,0.7762526,0.78068244,0.68096966,1.3419404,0.8062029,0.7347672,1.0736812,0.94703054,0.75390977,0.8572217,0.7902454,0.43350512,0.847858,0.91568685,0.4675503,0.4468512,0.7782004,0.4957572,0.06175992,0.7964864,0.6029963,0.8403072,0.9389226,0.62085027,0.4439561,0.6283081,0.597006,0.17760387
0.7933659,0.5182507,0.8440826,0.81242234,0.5280262,1.0792603,0.8160318,0.5031322,1.3017368,0.80401736,0.3178026,1.3009253,0.7743414,0.3112632,1.0278226,0.83235145,0.29123965,0.7762526,0.78068244,0.68096966,1.3419404,0.8062029,0.7347672,1.0736812,0.94703054,0.75390977,0.8572217,0.7902454,0.43350512,0.847858,0.91568685,0.4675503,0.4468512,0.7782004,0.4957572,0.06175992,0.7964864,0.6029963,0.8403072,0.9389226,0.62085027,0.4439561,0.6283081,0.597006,0.17760387
0.84049094,0.518965,0.84314847,0.8604865,0.52747554,1.0782975,0.863361,0.5041434,1.3009539,0.85197943,0.3187726,1.3013909,0.8514671,0.30834526,1.0268013,0.95536447,0.29627433,0.78991914,0.82725966,0.6821344,1.3397865,0.8320391,0.7314717,1.0695063,0.92509806,0.7576338,0.82927907,0.8362311,0.4342543,0.8465766,0.93505716,0.4637292,0.4378398,0.7785901,0.49705386,0.060479373,0.84475076,0.6036757,0.83972037,1.0205047,0.61883867,0.45686048,0.7543717,0.59663033,0.1459369
0.84049094,0.518965,0.84314847,0.8604865,0.52747554,1.0782975,0.863361,0.5041434,1.3009539,0.85197943,0.3187726,1.3013909,0.8514671,0.30834526,1.0268013,0.95536447,0.29627433,0.78991914,0.82725966,0.6821344,1.3397865,0.8320391,0.7314717,1.0695063,0.92509806,0.7576338,0.82927907,0.8362311,0.4342543,0.8465766,0.93505716,0.4637292,0.4378398,0.7785901,0.49705386,0.060479373,0.84475076,0.6036757,0.83972037,1.0205047,0.61883867,0.45686048,0.7543717,0.59663033,0.1459369
0.8894957,0.5201316,0.84221435,0.91073316,0.53116345,1.0771496,0.9125791,0.5105504,1.3000852,0.9009584,0.32521284,1.302735,0.93029284,0.30856758,1.0300248,1.0750064,0.30269575,0.815369,0.87653184,0.68904674,1.336578,0.8555434,0.7355318,1.0665649,0.90033865,0.7715148,0.81407297,0.8834437,0.43558118,0.84673166,0.9528646,0.4628975,0.43183938,0.78031313,0.50218505,0.062142283,0.8955476,0.60468197,0.837697,1.0964686,0.6170057,0.46731895,0.89665014,0.6022804,0.10975888
0.8894957,0.5201316,0.84221435,0.91073316,0.53116345,1.0771496,0.9125791,0.5105504,1.3000852,0.9009584,0.32521284,1.302735,0.93029284,0.30856758,1.0300248,1.0750064,0.30269575,0.815369,0.87653184,0.68904674,1.336578,0.8555434,0.7355318,1.0665649,0.90033865,0.7715148,0.81407297,0.8834437,0.43558118,0.84673166,0.9528646,0.4628975,0.43183938,0.78031313,0.50218505,0.062142283,0.8955476,0.60468197,0.837697,1.0964686,0.6170057,0.46731895,0.89665014,0.6022804,0.10975888
0.93806005,0.5221692,0.8456744,0.9601317,0.5379381,1.0802623,0.9626704,0.51910543,1.3033484,0.94982374,0.33387715,1.3075348,1.0075566,0.31062576,1.0398881,1.1882211,0.31031266,0.85437864,0.9279506,0.6981268,1.3385333,0.8759496,0.74075997,1.0720999,0.8823269,0.7789201,0.8160595,0.9290208,0.43801603,0.8521816,0.96168804,0.46275693,0.4326321,0.78166527,0.5080692,0.06721175,0.94709927,0.60632235,0.8391672,1.1614515,0.6159701,0.47631586,1.0504597,0.6154875,0.08176032
0.93806005,0.5221692,0.8456744,0.9601317,0.5379381,1.0802623,0.9626704,0.51910543,1.3033484,0.94982374,0.33387715,1.3075348,1.0075566,0.31062576,1.0398881,1.1882211,0.31031266,0.85437864,0.9279506,0.6981268,1.3385333,0.8759496,0.74075997,1.0720999,0.8823269,0.7789201,0.8160595,0.9290208,0.43801603,0.8521816,0.96168804,0.46275693,0.4326321,0.78166527,0.5080692,0.06721175,0.94709927,0.60632235,0.8391672,1.1614515,0.6159701,0.47631586,1.0504597,0.6154875,0.08176032
0.9881427,0.5257025,0.84405446,1.0124918,0.5376155,1.0786445,1.0146327,0.5201482,1.3018458,1.0015544,0.3349647,1.3071461,1.0842983,0.3057269,1.0467482,1.2907529,0.31113392,0.8905406,0.98007107,0.69942355,1.3358738,0.89831746,0.7386537,1.0764788,0.87332046,0.77603126,0.82146585,0.9771625,0.44170237,0.8494598,0.9711783,0.45824817,0.42828116,0.7833999,0.5078266,0.06734535,0.999123,0.6097026,0.8386491,1.2101524,0.612363,0.47373736,1.1965158,0.6216789,0.06420016
0.9881427,0.5257025,0.84405446,1.0124918,0.5376155,1.0786445,1.0146327,0.5201482,1.3018458,1.0015544,0.3349647,1.3071461,1.0842983,0.3057269,1.0467482,1.2907529,0.31113392,0.8905406,0.98007107,0.69942355,1.3358738,0.89831746,0.7386537,1.0764788,0.87332046,0.77603126,0.82146585,0.9771625,0.44170237,0.8494598,0.9711783,0.45824817,0.42828116,0.7833999,0.5078266,0.06734535,0.999123,0.6097026,0.8386491,1.2101524,0.612363,0.47373736,1.1965158,0.6216789,0.06420016
1.0387617,0.5286828,0.8422971,1.0666559,0.54182804,1.0764261,1.0705832,0.5259388,1.2997211,1.0551226,0.34098688,1.3064909,1.1612277,0.3058707,1.055459,1.3860371,0.31556237,0.9273172,1.0386875,0.7058946,1.332746,0.9306005,0.74085337,1.0825391,0.87955284,0.7769991,0.83125997,1.025213,0.44512165,0.84860283,0.97644365,0.45933107,0.43012857,0.7865552,0.5052284,0.06981033,1.0523105,0.612244,0.8359913,1.2636616,0.60875356,0.4712729,1.337392,0.63237274,0.068781406
1.0387617,0.5286828,0.8422971,1.0666559,0.54182804,1.0764261,1.0705832,0.5259388,1.2997211,1.0551226,0.34098688,1.3064909,1.1612277,0.3058707,1.055459,1.3860371,0.31556237,0.9273172,1.0386875,0.7058946,1.332746,0.9306005,0.74085337,1.0825391,0.87955284,0.7769991,0.83125997,1.025213,0.44512165,0.84860283,0.97644365,0.45933107,0.43012857,0.7865552,0.5052284,0.06981033,1.0523105,0.612244,0.8359913,1.2636616,0.60875356,0.4712729,1.337392,0.63237274,0.068781406
1.0880996,0.5311381,0.83812785,1.1202365,0.5483821,1.0714456,1.1236048,0.5337029,1.2948325,1.1081566,0.34878772,1.3025647,1.2308735,0.30777127,1.0601465,1.4680203,0.31982538,0.9568525,1.0915976,0.7138294,1.326802,0.961622,0.74484694,1.0866922,0.88887,0.77925986,0.8405693,1.0721059,0.448189,0.8464614,0.9878849,0.46275628,0.43367127,0.79176617,0.50558573,0.07632485,1.1040933,0.6140872,0.8297943,1.323609,0.608846,0.469952,1.4502231,0.6345124,0.08097446
1.0880996,0.5311381,0.83812785,1.1202365,0.5483821,1.0714456,1.1236048,0.5337029,1.2948325,1.1081566,0.34878772,1.3025647,1.2308735,0.30777127,1.0601465,1.4680203,0.31982538,0.9568525,1.0915976,0.7138294,1.326802,0.961622,0.74484694,1.0866922,0.88887,0.77925986,0.8405693,1.0721059,0.448189,0.8464614,0.9878849,0.46275628,0.43367127,0.79176617,0.50558573,0.07632485,1.1040933,0.6140872,0.8297943,1.323609,0.608846,0.469952,1.4502231,0.6345124,0.08097446
1.1407729,0.53462636,0.8323704,1.1747264,0.55455273,1.0652168,1.1791466,0.5422569,1.2887292,1.1643218,0.3573867,1.2984917,1.2974309,0.31155023,1.0625056,1.5421201,0.32486722,0.9788194,1.1467109,0.7226115,1.3189318,0.99954474,0.74909097,1.0883902,0.90479815,0.78513336,0.8501097,1.1244342,0.45186606,0.8418353,1.0048381,0.4663875,0.4378712,0.7963383,0.50275695,0.08687478,1.1571116,0.6173867,0.8229055,1.3817973,0.61166686,0.4662759,1.5189759,0.6333532,0.08065277
1.1407729,0.53462636,0.8323704,1.1747264,0.55455273,1.0652168,1.1791466,0.5422569,1.2887292,1.1643218,0.3573867,1.2984917,1.2974309,0.31155023,1.0625056,1.5421201,0.32486722,0.9788194,1.1467109,0.7226115,1.3189318,0.99954474,0.74909097,1.0883902,0.90479815,0.78513336,0.8501097,1.1244342,0.45186606,0.8418353,1.0048381,0.4663875,0.4378712,0.7963383,0.50275695,0.08687478,1.1571116,0.6173867,0.8229055,1.3817973,0.61166686,0.4662759,1.5189759,0.6333532,0.08065277
1.1953938,0.5369405,0.8230741,1.2264954,0.5549002,1.0564781,1.2306194,0.54607284,1.2801601,1.218997,0.3611412,1.2927008,1.3496486,0.31062105,1.0562979,1.599175,0.32139686,0.9879312,1.1949759,0.7262706,1.307553,1.0369287,0.7470316,1.083726,0.9232857,0.7846286,0.8541061,1.1798838,0.4539119,0.8315296,1.0389376,0.4671845,0.43446657,0.81164086,0.4963691,0.094646245,1.2109038,0.6199691,0.8146186,1.4363214,0.61082906,0.45852253,1.5457053,0.62247425,0.06368971
1.1953938,0.5369405,0.8230741,1.2264954,0.5549002,1.0564781,1.2306194,0.54607284,1.2801601,1.218997,0.3611412,1.2927008,1.3496486,0.31062105,1.0562979,1.599175,0.32139686,0.9879312,1.1949759,0.7262706,1.307553,1.0369287,0.7470316,1.083726,0.9232857,0.7846286,0.8541061,1.1798838,0.4539119,0.8315296,1.0389376,0.4671845,0.43446657,0.81164086,0.4963691,0.094646245,1.2109038,0.6199691,0.8146186,1.4363214,0.61082906,0.45852253,1.5457053,0.62247425,0.06368971
1.2549704,0.5397994,0.8253156,1.2878214,0.55778825,1.0584776,1.2892593,0.55296904,1.2823153,1.280324,0.3681283,1.2980039,1.4014186,0.3111425,1.0580097,1.6529497,0.31963596,0.9970708,1.2505071,0.7330438,1.3060521,1.0955849,0.7518718,1.0798817,0.9750811,0.7834637,0.85286987,1.2404121,0.45660016,0.8337857,1.0879602,0.46759254,0.44092616,0.82639647,0.49143404,0.1262686,1.2695287,0.6229986,0.8168455,1.5029628,0.60922766,0.46610355,1.5713315,0.6192376,0.062099874
1.2549704,0.5397994,0.8253156,1.2878214,0.55778825,1.0584776,1.2892593,0.55296904,1.2823153,1.280324,0.3681283,1.2980039,1.4014186,0.3111425,1.0580097,1.6529497,0.31963596,0.9970708,1.2505071,0.7330438,1.3060521,1.0955849,0.7518718,1.0798817,0.9750811,0.7834637,0.85286987,1.2404121,0.45660016,0.8337857,1.0879602,0.46759254,0.44092616,0.82639647,0.49143404,0.1262686,1.2695287,0.6229986,0.8168455,1.5029628,0.60922766,0.46610355,1.5713315,0.6192376,0.062099874
1.3134805,0.54134655,0.82633436,1.3474137,0.5496134,1.0598884,1.345479,0.5493833,1.2837739,1.3396996,0.36476588,1.3031409,1.4428194,0.304982,1.0555512,1.6937351,0.30772156,0.99161893,1.3030626,0.7291487,1.3031988,1.1545845,0.7465842,1.0726371,1.0367533,0.77598685,0.8439346,1.2994025,0.4577847,0.8313375,1.1631522,0.4646817,0.4324774,0.8634503,0.4802468,0.15331808,1.3275585,0.6249084,0.8213312,1.5654216,0.60857725,0.47368842,1.5872844,0.61547625,0.06446004
1.3134805,0.54134655,0.82633436,1.3474137,0.5496134,1.0598884,1.345479,0.5493833,1.2837739,1.3396996,0.36476588,1.3031409,1.4428194,0.304982,1.0555512,1.6937351,0.30772156,0.99161893,1.3030626,0.7291487,1.3031988,1.1545845,0.7465842,1.0726371,1.0367533,0.77598685,0.8439346,1.2994025,0.4577847,0.8313375,1.1631522,0.4646817,0.4324774,0.8634503,0.4802468,0.15331808,1.3275585,0.6249084,0.8213312,1.5654216,0.60857725,0.47368842,1.5872844,0.61547625,0.06446004
1.3662723,0.544662,0.82908535,1.3951921,0.54243636,1.0634483,1.3934548,0.5469431,1.2872902,1.3892585,0.36273623,1.3105769,1.4706984,0.30236766,1.0551721,1.7177663,0.30069837,0.97765934,1.3495321,0.726715,1.3029404,1.208534,0.7439019,1.0677115,1.1013058,0.77671593,0.8343043,1.3539512,0.46067706,0.8298082,1.2564591,0.46158454,0.41969165,0.92290735,0.46906602,0.18161458,1.3785934,0.62864697,0.8283625,1.6070621,0.6083232,0.4746818,1.5921527,0.60679567,0.06508586
1.3662723,0.544662,0.82908535,1.3951921,0.54243636,1.0634483,1.3934548,0.5469431,1.2872902,1.3892585,0.36273623,1.3105769,1.4706984,0.30236766,1.0551721,1.7177663,0.30069837,0.97765934,1.3495321,0.726715,1.3029404,1.208534,0.7439019,1.0677115,1.1013058,0.77671593,0.8343043,1.3539512,0.46067706,0.8298082,1.2564591,0.46158454,0.41969165,0.92290735,0.46906602,0.18161458,1.3785934,0.62864697,0.8283625,1.6070621,0.6083232,0.4746818,1.5921527,0.60679567,0.06508586
1.4160111,0.54864705,0.837456,1.4419154,0.53942996,1.0720009,1.4434245,0.5460493,1.295792,1.4385649,0.36209548,1.3208808,1.4973226,0.30354592,1.0589114,1.7372048,0.3000635,0.9614541,1.4007071,0.7262017,1.3103664,1.2725918,0.7441975,1.0679389,1.1810132,0.7817347,0.82865274,1.4023609,0.46488374,0.83567184,1.3537426,0.46085924,0.4169582,0.99798405,0.4669262,0.21350679,1.4296613,0.63241035,0.83924013,1.632677,0.60565937,0.47077018,1.5895582,0.6027487,0.06318489
1.4160111,0.54864705,0.837456,1.4419154,0.53942996,1.0720009,1.4434245,0.5460493,1.295792,1.4385649,0.36209548,1.3208808,1.4973226,0.30354592,1.0589114,1.7372048,0.3000635,0.9614541,1.4007071,0.7262017,1.3103664,1.2725918,0.7441975,1.0679389,1.1810132,0.7817347,0.82865274,1.4023609,0.46488374,0.83567184,1.3537426,0.46085924,0.4169582,0.99798405,0.4669262,0.21350679,1.4296613,0.63241035,0.83924013,1.632677,0.60565937,0.47077018,1.5895582,0.6027487,0.06318489
1.463757,0.5522144,0.846233,1.487068,0.5380856,1.0808055,1.4874774,0.5421359,1.3046626,1.4789544,0.35803682,1.3276184,1.5192419,0.3041586,1.061193,1.745332,0.29920918,0.93504894,1.4481428,0.7228997,1.321073,1.3365446,0.7418723,1.0706847,1.2645303,0.78522605,0.8257603,1.4486054,0.46876475,0.8427124,1.4512068,0.4597596,0.42127064,1.0869598,0.47269902,0.23378688,1.4789087,0.635664,0.8497536,1.6516209,0.60504556,0.46643394,1.5844845,0.599656,0.062135696
1.463757,0.5522144,0.846233,1.487068,0.5380856,1.0808055,1.4874774,0.5421359,1.3046626,1.4789544,0.35803682,1.3276184,1.5192419,0.3041586,1.061193,1.745332,0.29920918,0.93504894,1.4481428,0.7228997,1.321073,1.3365446,0.7418723,1.0706847,1.2645303,0.78522605,0.8257603,1.4486054,0.46876475,0.8427124,1.4512068,0.4597596,0.42127064,1.0869598,0.47269902,0.23378688,1.4789087,0.635664,0.8497536,1.6516209,0.60504556,0.46643394,1.5844845,0.599656,0.062135696
1.5087259,0.55516917,0.85372317,1.5320077,0.5393179,1.0881885,1.5327116,0.54207927,1.3120644,1.5185025,0.3582052,1.3339846,1.5405949,0.31041878,1.064287,1.746278,0.30267408,0.9071626,1.4990125,0.72387916,1.3295356,1.410822,0.7463368,1.0702548,1.3681699,0.7946025,0.81944656,1.494117,0.471654,0.84952766,1.5543318,0.45954314,0.43248025,1.1960585,0.47698772,0.23416388,1.5233347,0.63868433,0.8579187,1.66947,0.60598886,0.46386725,1.584184,0.5979752,0.06304866
1.5087259,0.55516917,0.85372317,1.5320077,0.5393179,1.0881885,1.5327116,0.54207927,1.3120644,1.5185025,0.3582052,1.3339846,1.5405949,0.31041878,1.064287,1.746278,0.30267408,0.9071626,1.4990125,0.72387916,1.3295356,1.410822,0.7463368,1.0702548,1.3681699,0.7946025,0.81944656,1.494117,0.471654,0.84952766,1.5543318,0.45954314,0.43248025,1.1960585,0.47698772,0.23416388,1.5233347,0.63868433,0.8579187,1.66947,0.60598886,0.46386725,1.584184,0.5979752,0.06304866
1.554773,0.5572378,0.85887456,1.5774195,0.544736,1.0936044,1.579561,0.54471076,1.3174882,1.5619473,0.3608859,1.3372428,1.5649855,0.31961945,1.0655881,1.7409564,0.31029454,0.8758493,1.5494798,0.7268936,1.3374034,1.4948796,0.7553324,1.0696003,1.4984258,0.8013614,0.81480175,1.5410678,0.4735232,0.85573816,1.6464903,0.46317142,0.4477185,1.3059177,0.48434436,0.22066022,1.5684781,0.6409524,0.86201096,1.6854506,0.6072487,0.45842385,1.5816005,0.5990111,0.062014043
1.554773,0.5572378,0.85887456,1.5774195,0.544736,1.0936044,1.579561,0.54471076,1.3174882,1.5619473,0.3608859,1.3372428,1.5649855,0.31961945,1.0655881,1.7409564,0.31029454,0.8758493,1.5494798,0.7268936,1.3374034,1.4948796,0.7553324,1.0696003,1.4984258,0.8013614,0.81480175,1.5410678,0.4735232,0.85573816,1.6464903,0.46317142,0.4477185,1.3059177,0.48434436,0.22066022,1.5684781,0.6409524,0.86201096,1.6854506,0.6072487,0.45842385,1.5816005,0.5990111,0.062014043
1.5997193,0.5583949,0.8586055,1.6216965,0.54353946,1.0932618,1.62121,0.5405264,1.3171351,1.6001283,0.35679945,1.3342242,1.5832238,0.32033402,1.0623915,1.7220384,0.3091024,0.84408456,1.5941131,0.7229371,1.339139,1.5732183,0.7572509,1.0673037,1.6301674,0.7947776,0.8174995,1.5876832,0.47446987,0.8544197,1.7371356,0.46285555,0.46042717,1.4263637,0.48862055,0.1944378,1.6117554,0.64232,0.8627913,1.7013226,0.6076513,0.45233196,1.5802859,0.5966657,0.060894996
1.5997193,0.5583949,0.8586055,1.6216965,0.54353946,1.0932618,1.62121,0.5405264,1.3171351,1.6001283,0.35679945,1.3342242,1.5832238,0.32033402,1.0623915,1.7220384,0.3091024,0.84408456,1.5941131,0.7229371,1.339139,1.5732183,0.7572509,1.0673037,1.6301674,0.7947776,0.8174995,1.5876832,0.47446987,0.8544197,1.7371356,0.46285555,0.46042717,1.4263637,0.48862055,0.1944378,1.6117554,0.64232,0.8627913,1.7013226,0.6076513,0.45233196,1.5802859,0.5966657,0.060894996
1.6446939,0.5593356,0.856233,1.6653208,0.54264104,1.0908884,1.6725211,0.5396589,1.3146467,1.6502045,0.3561542,1.332537,1.6171665,0.32568377,1.0614494,1.7149355,0.31111065,0.82211196,1.6480244,0.72233427,1.3374875,1.6605712,0.7628454,1.0659919,1.7672102,0.7890923,0.8314865,1.6345656,0.47520912,0.8511381,1.8208799,0.4665847,0.47309887,1.5550001,0.4960877,0.16256565,1.6548221,0.64346206,0.8613279,1.7208518,0.61005306,0.4463279,1.5795686,0.59399796,0.061913103
1.6446939,0.5593356,0.856233,1.6653208,0.54264104,1.0908884,1.6725211,0.5396589,1.3146467,1.6502045,0.3561542,1.332537,1.6171665,0.32568377,1.0614494,1.7149355,0.31111065,0.82211196,1.6480244,0.72233427,1.3374875,1.6605712,0.7628454,1.0659919,1.7672102,0.7890923,0.8314865,1.6345656,0.47520912,0.8511381,1.8208799,0.4665847,0.47309887,1.5550001,0.4960877,0.16256565,1.6548221,0.64346206,0.8613279,1.7208518,0.61005306,0.4463279,1.5795686,0.59399796,0.061913103
1.6918867,0.5593432,0.8549535,1.7118822,0.5411877,1.089555,1.7276539,0.53713876,1.3128561,1.7056278,0.35359848,1.3307419,1.6547065,0.32821167,1.0619092,1.7054172,0.30609283,0.80894136,1.7044617,0.71975493,1.3374635,1.74964,0.7668002,1.0705289,1.8984594,0.78285563,0.85922676,1.6836116,0.47506103,0.84913635,1.8928795,0.4705708,0.48322943,1.6925004,0.50088805,0.12696755,1.7001617,0.6436254,0.8607707,1.732798,0.6131829,0.44159386,1.5760388,0.59129465,0.06351861
1.6918867,0.5593432,0.8549535,1.7118822,0.5411877,1.089555,1.7276539,0.53713876,1.3128561,1.7056278,0.35359848,1.3307419,1.6547065,0.32821167,1.0619092,1.7054172,0.30609283,0.80894136,1.7044617,0.71975493,1.3374635,1.74964,0.7668002,1.0705289,1.8984594,0.78285563,0.85922676,1.6836116,0.47506103,0.84913635,1.8928795,0.4705708,0.48322943,1.6925004,0.50088805,0.12696755,1.7001617,0.6436254,0.8607707,1.732798,0.6131829,0.44159386,1.5760388,0.59129465,0.06351861
1.7380241,0.5584028,0.8543012,1.7577453,0.53844845,1.0887798,1.7662746,0.5329018,1.3124425,1.7432083,0.3493112,1.3283956,1.668763,0.330419,1.0645596,1.6743938,0.29834986,0.8076677,1.7427696,0.715418,1.3374914,1.8165908,0.76941866,1.0783721,2.0002463,0.7740768,0.89588225,1.7320421,0.47399074,0.8476208,1.9598103,0.47371185,0.492906,1.8418391,0.4994975,0.101228446,1.7440062,0.6428148,0.86098164,1.7356763,0.6147143,0.4404558,1.5757475,0.5891874,0.06393936
1.7380241,0.5584028,0.8543012,1.7577453,0.53844845,1.0887798,1.7662746,0.5329018,1.3124425,1.7432083,0.3493112,1.3283956,1.668763,0.330419,1.0645596,1.6743938,0.29834986,0.8076677,1.7427696,0.715418,1.3374914,1.8165908,0.76941866,1.0783721,2.0002463,0.7740768,0.89588225,1.7320421,0.47399074,0.8476208,1.9598103,0.47371185,0.492906,1.8418391,0.4994975,0.101228446,1.7440062,0.6428148,0.86098164,1.7356763,0.6147143,0.4404558,1.5757475,0.5891874,0.06393936
1.7854201,0.55741847,0.853649,1.8066456,0.5377885,1.0880235,1.8185359,0.53235745,1.3115356,1.7983365,0.34845486,1.3277811,1.7000693,0.3374284,1.0714016,1.6668121,0.30086964,0.8172147,1.792791,0.7145176,1.336971,1.8935499,0.77418625,1.0883836,2.1031256,0.7709714,0.9363268,1.7816777,0.4728824,0.8469077,2.015708,0.47862104,0.49633956,1.985681,0.4975437,0.08800909,1.7891624,0.64195454,0.86039037,1.7415075,0.6161621,0.44234157,1.5739009,0.5888912,0.06930295
1.7854201,0.55741847,0.853649,1.8066456,0.5377885,1.0880235,1.8185359,0.53235745,1.3115356,1.7983365,0.34845486,1.3277811,1.7000693,0.3374284,1.0714016,1.6668121,0.30086964,0.8172147,1.792791,0.7145176,1.336971,1.8935499,0.77418625,1.0883836,2.1031256,0.7709714,0.9363268,1.7816777,0.4728824,0.8469077,2.015708,0.47862104,0.49633956,1.985681,0.4975437,0.08800909,1.7891624,0.64195454,0.86039037,1.7415075,0.6161621,0.44234157,1.5739009,0.5888912,0.06930295
