abdomen_x,abdomen_y,abdomen_z,neck_x,neck_y,neck_z,right_shoulder_x,right_shoulder_y,right_shoulder_z,right_elbow,left_shoulder_x,left_shoulder_y,left_shoulder_z,left_elbow,right_hip_x,right_hip_y,right_hip_z,right_knee,right_ankle_x,right_ankle_y,right_ankle_z,left_hip_x,left_hip_y,left_hip_z,left_knee,left_ankle_x,left_ankle_y,left_ankle_z
0.080522746,0.1915273,0.07317509,0.005500447,-0.65091735,-0.044366144,-0.32994086,-0.15394996,0.26888928,-1.841837,0.16463229,0.40299976,-0.05034125,-1.8423597,0.26178977,0.29515025,0.09670139,0.8248357,0.051132377,0.6681275,-0.09394753,0.12749118,-0.60958797,-0.09694479,0.42859736,-0.011193697,0.10386907,-0.010714237
0.080522746,0.1915273,0.07317509,0.005500447,-0.65091735,-0.044366144,-0.32994086,-0.15394996,0.26888928,-1.841837,0.16463229,0.40299976,-0.05034125,-1.8423597,0.26178977,0.29515025,0.09670139,0.8248357,0.051132377,0.6681275,-0.09394753,0.12749118,-0.60958797,-0.09694479,0.42859736,-0.011193697,0.10386907,-0.010714237
0.026500544,0.18997815,0.055887587,0.009991881,-0.6180823,-0.045056514,-0.3240225,-0.04668874,0.25874168,-1.6974074,0.1679063,0.3381828,-0.08875697,-1.8572531,0.166925,0.16281332,0.0008190419,1.220715,0.0730467,0.67461365,-0.15988036,0.04079355,-0.5259329,-0.019433426,0.46258712,-0.008256792,0.08389448,-0.11315814
0.026500544,0.18997815,0.055887587,0.009991881,-0.6180823,-0.045056514,-0.3240225,-0.04668874,0.25874168,-1.6974074,0.1679063,0.3381828,-0.08875697,-1.8572531,0.166925,0.16281332,0.0008190419,1.220715,0.0730467,0.67461365,-0.15988036,0.04079355,-0.5259329,-0.019433426,0.46258712,-0.008256792,0.08389448,-0.11315814
-0.012314404,0.18200208,0.022648964,0.022354987,-0.5497321,-0.030154074,-0.30024278,0.071398884,0.23380172,-1.540441,0.18519367,0.25054458,-0.152973,-1.8966733,0.045435995,0.010864439,-0.102512546,1.5787523,0.08363161,0.61860806,-0.21694972,-0.021662321,-0.4795376,-0.0005898329,0.6617409,-0.019987702,-0.09780012,-0.13304338
-0.012314404,0.18200208,0.022648964,0.022354987,-0.5497321,-0.030154074,-0.30024278,0.071398884,0.23380172,-1.540441,0.18519367,0.25054458,-0.152973,-1.8966733,0.045435995,0.010864439,-0.102512546,1.5787523,0.08363161,0.61860806,-0.21694972,-0.021662321,-0.4795376,-0.0005898329,0.6617409,-0.019987702,-0.09780012,-0.13304338
-0.081679024,0.25118026,-0.010479246,0.025766503,-0.6109108,-0.027269816,-0.2701661,0.110688575,0.14845194,-1.442176,0.22475089,-0.011281215,-0.21196125,-1.9188153,-0.12012529,-0.20822386,-0.16711767,1.8550531,0.064780235,0.5743392,-0.16032037,-0.11154511,-0.41528845,-0.028391782,0.77797824,-0.017599499,-0.24086025,-0.049498968
-0.081679024,0.25118026,-0.010479246,0.025766503,-0.6109108,-0.027269816,-0.2701661,0.110688575,0.14845194,-1.442176,0.22475089,-0.011281215,-0.21196125,-1.9188153,-0.12012529,-0.20822386,-0.16711767,1.8550531,0.064780235,0.5743392,-0.16032037,-0.11154511,-0.41528845,-0.028391782,0.77797824,-0.017599499,-0.24086025,-0.049498968
-0.10547561,0.22011285,0.06789029,0.010095716,-0.6425507,-0.026662147,-0.24250388,0.2216626,0.04377998,-1.4314612,0.2675858,-0.21169697,-0.2650752,-1.9581146,-0.12773935,-0.5445033,-0.084274136,2.0218532,0.044554904,0.4397756,-0.1203005,-0.11777462,-0.3437523,0.01614318,0.7759568,-0.012898008,-0.32428893,0.011821853
-0.10547561,0.22011285,0.06789029,0.010095716,-0.6425507,-0.026662147,-0.24250388,0.2216626,0.04377998,-1.4314612,0.2675858,-0.21169697,-0.2650752,-1.9581146,-0.12773935,-0.5445033,-0.084274136,2.0218532,0.044554904,0.4397756,-0.1203005,-0.11777462,-0.3437523,0.01614318,0.7759568,-0.012898008,-0.32428893,0.011821853
-0.08848266,0.23417448,-0.09836062,0.0029470562,-0.6308728,0.045160595,-0.25976256,0.30191544,0.037950456,-1.435041,0.27274233,-0.33179894,-0.23096618,-2.016278,-0.16612598,-0.6868686,-0.15501396,1.9834509,0.040254634,0.37959865,-0.094990805,-0.13824283,-0.14621665,-0.067117326,0.6679071,-0.0109558925,-0.30912656,0.012161725
-0.08848266,0.23417448,-0.09836062,0.0029470562,-0.6308728,0.045160595,-0.25976256,0.30191544,0.037950456,-1.435041,0.27274233,-0.33179894,-0.23096618,-2.016278,-0.16612598,-0.6868686,-0.15501396,1.9834509,0.040254634,0.37959865,-0.094990805,-0.13824283,-0.14621665,-0.067117326,0.6679071,-0.0109558925,-0.30912656,0.012161725
-0.06664432,0.2012848,-0.19637552,-0.00065567764,-0.60672396,0.09523445,-0.27531645,0.37588832,0.018900586,-1.4530382,0.2736194,-0.38386437,-0.21123593,-2.0959554,-0.13853915,-0.82725245,-0.14457104,1.8233718,0.032396264,0.26213977,-0.11380249,-0.115156904,0.02065303,-0.096311525,0.5143993,-0.010768444,-0.15781838,-0.026024763
-0.06664432,0.2012848,-0.19637552,-0.00065567764,-0.60672396,0.09523445,-0.27531645,0.37588832,0.018900586,-1.4530382,0.2736194,-0.38386437,-0.21123593,-2.0959554,-0.13853915,-0.82725245,-0.14457104,1.8233718,0.032396264,0.26213977,-0.11380249,-0.115156904,0.02065303,-0.096311525,0.5143993,-0.010768444,-0.15781838,-0.026024763
-0.049594313,0.17302741,-0.2361214,-0.009114994,-0.6099151,0.10976984,-0.2786576,0.4380141,-0.015112456,-1.464621,0.28692374,-0.41501513,-0.20462945,-2.158291,-0.101685315,-0.89708054,-0.08015067,1.5758517,0.03691383,0.25305992,-0.15359457,-0.08482102,0.18454455,-0.09746789,0.33437654,-0.009193567,0.12775733,-0.059454378
-0.049594313,0.17302741,-0.2361214,-0.009114994,-0.6099151,0.10976984,-0.2786576,0.4380141,-0.015112456,-1.464621,0.28692374,-0.41501513,-0.20462945,-2.158291,-0.101685315,-0.89708054,-0.08015067,1.5758517,0.03691383,0.25305992,-0.15359457,-0.08482102,0.18454455,-0.09746789,0.33437654,-0.009193567,0.12775733,-0.059454378
-0.032206744,0.1340725,-0.22106875,-0.015745195,-0.5644089,0.13216476,-0.28853774,0.5082351,-0.054114975,-1.4825374,0.2988813,-0.40515217,-0.2137043,-2.20269,-0.06726019,-0.8986989,0.012642405,1.2527386,0.033181127,0.2266461,-0.1156719,-0.06463925,0.41917416,-0.08751093,0.0,-0.03818139,0.5583319,0.08730222
-0.032206744,0.1340725,-0.22106875,-0.015745195,-0.5644089,0.13216476,-0.28853774,0.5082351,-0.054114975,-1.4825374,0.2988813,-0.40515217,-0.2137043,-2.20269,-0.06726019,-0.8986989,0.012642405,1.2527386,0.033181127,0.2266461,-0.1156719,-0.06463925,0.41917416,-0.08751093,0.0,-0.03818139,0.5583319,0.08730222
-0.02731399,0.11977535,-0.2157718,-0.017769769,-0.54863226,0.15328185,-0.2944467,0.5213693,-0.06688642,-1.4909413,0.31612504,-0.3822137,-0.22596827,-2.2250285,-0.07179761,-0.8384612,0.09561751,0.8823264,0.029302783,0.19714695,-0.06429496,-0.07395228,0.5039018,-0.08642709,0.0,-0.05999234,0.5335833,0.17175192
-0.02731399,0.11977535,-0.2157718,-0.017769769,-0.54863226,0.15328185,-0.2944467,0.5213693,-0.06688642,-1.4909413,0.31612504,-0.3822137,-0.22596827,-2.2250285,-0.07179761,-0.8384612,0.09561751,0.8823264,0.029302783,0.19714695,-0.06429496,-0.07395228,0.5039018,-0.08642709,0.0,-0.05999234,0.5335833,0.17175192
-0.046975162,0.10347042,-0.24016021,-0.007377683,-0.5404436,0.18093319,-0.30476665,0.5016962,-0.06752568,-1.4873011,0.32101056,-0.323405,-0.23796645,-2.220156,-0.12571618,-0.72622925,0.18613693,0.5325761,0.027491752,0.17958403,-0.10980452,-0.114160664,0.5814506,-0.12790151,0.0,-0.04932939,0.5495394,0.12848349
-0.046975162,0.10347042,-0.24016021,-0.007377683,-0.5404436,0.18093319,-0.30476665,0.5016962,-0.06752568,-1.4873011,0.32101056,-0.323405,-0.23796645,-2.220156,-0.12571618,-0.72622925,0.18613693,0.5325761,0.027491752,0.17958403,-0.10980452,-0.114160664,0.5814506,-0.12790151,0.0,-0.04932939,0.5495394,0.12848349
-0.058189582,0.13330807,-0.25150105,-0.016843252,-0.56825566,0.16826631,-0.31290942,0.39628807,-0.06961392,-1.4295868,0.31581974,-0.28211218,-0.23693328,-2.166492,-0.15330352,-0.6344311,0.16572998,0.33383334,0.036382176,0.1613444,-0.23373333,-0.16419895,0.44021106,-0.14241733,0.4504024,-0.01796006,0.5715152,0.01610564
-0.058189582,0.13330807,-0.25150105,-0.016843252,-0.56825566,0.16826631,-0.31290942,0.39628807,-0.06961392,-1.4295868,0.31581974,-0.28211218,-0.23693328,-2.166492,-0.15330352,-0.6344311,0.16572998,0.33383334,0.036382176,0.1613444,-0.23373333,-0.16419895,0.44021106,-0.14241733,0.4504024,-0.01796006,0.5715152,0.01610564
-0.024467263,0.089712486,-0.20192549,-0.031154996,-0.49964082,0.15092492,-0.33633587,0.3433155,-0.037647694,-1.3548778,0.3005285,-0.1652309,-0.24169993,-2.0781538,-0.06610232,-0.5619668,0.09473044,0.29941672,0.040985294,0.16410857,-0.28689164,-0.13772185,0.31475884,-0.053134542,0.84364855,0.0041754567,0.6105933,-0.055508655
-0.024467263,0.089712486,-0.20192549,-0.031154996,-0.49964082,0.15092492,-0.33633587,0.3433155,-0.037647694,-1.3548778,0.3005285,-0.1652309,-0.24169993,-2.0781538,-0.06610232,-0.5619668,0.09473044,0.29941672,0.040985294,0.16410857,-0.28689164,-0.13772185,0.31475884,-0.053134542,0.84364855,0.0041754567,0.6105933,-0.055508655
0.047886334,0.14018226,-0.13502139,-0.03915301,-0.4461022,0.13659777,-0.36315775,0.22697966,0.0036888658,-1.3417798,0.28960413,-0.07821884,-0.23500764,-1.9817725,0.053151924,-0.45607683,0.029094793,0.3967236,0.017563628,0.10427575,0.006186578,-0.025727715,0.24847007,0.0708677,1.2147892,-0.008228561,0.6271934,-0.015921658
0.047886334,0.14018226,-0.13502139,-0.03915301,-0.4461022,0.13659777,-0.36315775,0.22697966,0.0036888658,-1.3417798,0.28960413,-0.07821884,-0.23500764,-1.9817725,0.053151924,-0.45607683,0.029094793,0.3967236,0.017563628,0.10427575,0.006186578,-0.025727715,0.24847007,0.0708677,1.2147892,-0.008228561,0.6271934,-0.015921658
0.06127595,0.19203548,-0.08696808,-0.05452173,-0.4654884,0.14197055,-0.38412073,0.0601699,0.026979642,-1.3909293,0.28182167,0.0068771183,-0.21329355,-1.9178171,0.09551132,-0.44265008,0.06884564,0.6354979,0.013658206,-0.09352026,-0.10462872,0.05166559,0.09237203,0.1636255,1.5717403,-0.0028289398,0.5469696,-0.036833134
0.06127595,0.19203548,-0.08696808,-0.05452173,-0.4654884,0.14197055,-0.38412073,0.0601699,0.026979642,-1.3909293,0.28182167,0.0068771183,-0.21329355,-1.9178171,0.09551132,-0.44265008,0.06884564,0.6354979,0.013658206,-0.09352026,-0.10462872,0.05166559,0.09237203,0.1636255,1.5717403,-0.0028289398,0.5469696,-0.036833134
0.14753439,0.22028475,-0.056677125,-0.07470312,-0.53186977,0.1700147,-0.38047352,-0.12998456,0.0301832,-1.4781793,0.24139194,0.13352413,-0.17434117,-1.8964566,0.18802583,-0.39443803,0.04403608,0.7435123,0.0028714414,-0.21035312,-0.12924147,0.22326918,-0.13728812,0.20185575,1.8633573,0.019679297,0.45431527,-0.14170341
0.14753439,0.22028475,-0.056677125,-0.07470312,-0.53186977,0.1700147,-0.38047352,-0.12998456,0.0301832,-1.4781793,0.24139194,0.13352413,-0.17434117,-1.8964566,0.18802583,-0.39443803,0.04403608,0.7435123,0.0028714414,-0.21035312,-0.12924147,0.22326918,-0.13728812,0.20185575,1.8633573,0.019679297,0.45431527,-0.14170341
0.14390495,0.23157392,-0.050801735,-0.06771007,-0.5590225,0.1400475,-0.3490121,-0.29301968,0.009713055,-1.5632983,0.21219067,0.232639,-0.15495232,-1.8665484,0.1779811,-0.2808652,0.037587356,0.7384071,-0.005392201,-0.26692107,-0.16010562,0.23103535,-0.41564828,0.15863469,2.0174313,0.024647849,0.35808006,-0.20515113
0.14390495,0.23157392,-0.050801735,-0.06771007,-0.5590225,0.1400475,-0.3490121,-0.29301968,0.009713055,-1.5632983,0.21219067,0.232639,-0.15495232,-1.8665484,0.1779811,-0.2808652,0.037587356,0.7384071,-0.005392201,-0.26692107,-0.16010562,0.23103535,-0.41564828,0.15863469,2.0174313,0.024647849,0.35808006,-0.20515113
0.14980389,0.19840264,0.050087973,-0.060189705,-0.5073994,0.07777407,-0.3176686,-0.3721752,-0.021090679,-1.6486847,0.19188693,0.33363923,-0.16324596,-1.852848,0.20458512,-0.13628116,0.09219895,0.65385777,-0.0045280303,-0.22211501,-0.15399334,0.25945655,-0.64030045,0.16147694,2.0129824,0.006753523,0.27253255,-0.14216085
0.14980389,0.19840264,0.050087973,-0.060189705,-0.5073994,0.07777407,-0.3176686,-0.3721752,-0.021090679,-1.6486847,0.19188693,0.33363923,-0.16324596,-1.852848,0.20458512,-0.13628116,0.09219895,0.65385777,-0.0045280303,-0.22211501,-0.15399334,0.25945655,-0.64030045,0.16147694,2.0129824,0.006753523,0.27253255,-0.14216085
0.13243173,0.1711603,0.07843126,-0.045208313,-0.49213317,0.043647345,-0.3011281,-0.43561658,-0.023071866,-1.7027588,0.1865635,0.39995685,-0.15654029,-1.848293,0.19120046,0.02425116,0.10266589,0.5104465,0.012021406,-0.052559067,-0.09314181,0.19326681,-0.82205856,0.07065642,1.8693241,-0.010154037,0.23021743,-0.027909964
0.13243173,0.1711603,0.07843126,-0.045208313,-0.49213317,0.043647345,-0.3011281,-0.43561658,-0.023071866,-1.7027588,0.1865635,0.39995685,-0.15654029,-1.848293,0.19120046,0.02425116,0.10266589,0.5104465,0.012021406,-0.052559067,-0.09314181,0.19326681,-0.82205856,0.07065642,1.8693241,-0.010154037,0.23021743,-0.027909964
0.10728084,0.096494846,0.102716304,-0.032215025,-0.44778275,0.014244649,-0.31664604,-0.42394546,0.015249479,-1.7407331,0.178266,0.49664754,-0.14805076,-1.8616284,0.17781302,0.15863532,0.13208613,0.34619933,0.02952834,0.26594567,-0.090628356,0.15425994,-0.9343974,-0.008792134,1.6262808,-0.0135744605,0.24364486,0.005166943
0.10728084,0.096494846,0.102716304,-0.032215025,-0.44778275,0.014244649,-0.31664604,-0.42394546,0.015249479,-1.7407331,0.178266,0.49664754,-0.14805076,-1.8616284,0.17781302,0.15863532,0.13208613,0.34619933,0.02952834,0.26594567,-0.090628356,0.15425994,-0.9343974,-0.008792134,1.6262808,-0.0135744605,0.24364486,0.005166943
0.08370196,0.06354574,0.09281097,-0.013674094,-0.42017278,-0.015114492,-0.3524257,-0.40667707,0.07255777,-1.7924957,0.16737214,0.559076,-0.12952134,-1.8867744,0.16961832,0.3354713,0.14074025,0.14448015,0.072602324,0.62215126,-0.17304939,0.12640168,-0.95189524,-0.096347846,1.29966,-0.005113154,0.23037045,-0.06905447
0.08370196,0.06354574,0.09281097,-0.013674094,-0.42017278,-0.015114492,-0.3524257,-0.40667707,0.07255777,-1.7924957,0.16737214,0.559076,-0.12952134,-1.8867744,0.16961832,0.3354713,0.14074025,0.14448015,0.072602324,0.62215126,-0.17304939,0.12640168,-0.95189524,-0.096347846,1.29966,-0.005113154,0.23037045,-0.06905447
0.07783491,0.063254654,0.10001216,-0.013170725,-0.42129537,-0.03414391,-0.3871423,-0.38555405,0.12569429,-1.8309317,0.15610151,0.5841607,-0.11467407,-1.919591,0.19185159,0.40432695,0.16280197,0.20936783,0.055652775,0.62897563,-0.11894623,0.12919475,-0.8861779,-0.14477582,0.9216356,-0.0019353066,0.23484375,-0.13744229
0.07783491,0.063254654,0.10001216,-0.013170725,-0.42129537,-0.03414391,-0.3871423,-0.38555405,0.12569429,-1.8309317,0.15610151,0.5841607,-0.11467407,-1.919591,0.19185159,0.40432695,0.16280197,0.20936783,0.055652775,0.62897563,-0.11894623,0.12919475,-0.8861779,-0.14477582,0.9216356,-0.0019353066,0.23484375,-0.13744229
0.11485726,0.110504344,0.11008566,-0.03397491,-0.44626698,-0.039237622,-0.4072992,-0.33470044,0.1725951,-1.8411099,0.13081883,0.5454841,-0.10244026,-1.9346336,0.25710598,0.3924839,0.181502,0.47510043,0.04626912,0.5901214,-0.11603145,0.17296618,-0.7445873,-0.16750552,0.5801869,-0.011513385,0.25491834,-0.08205982
0.11485726,0.110504344,0.11008566,-0.03397491,-0.44626698,-0.039237622,-0.4072992,-0.33470044,0.1725951,-1.8411099,0.13081883,0.5454841,-0.10244026,-1.9346336,0.25710598,0.3924839,0.181502,0.47510043,0.04626912,0.5901214,-0.11603145,0.17296618,-0.7445873,-0.16750552,0.5801869,-0.011513385,0.25491834,-0.08205982
0.09907276,0.1315949,0.10050003,-0.014395083,-0.46265867,-0.049155295,-0.38881564,-0.25516766,0.18333748,-1.8072577,0.13202904,0.48040026,-0.11223484,-1.9480125,0.2607065,0.32883874,0.123904735,0.78702754,0.065663286,0.6405467,-0.14683038,0.14865382,-0.63164294,-0.13137771,0.41303113,-0.012386375,0.20415002,-0.001289912
0.09907276,0.1315949,0.10050003,-0.014395083,-0.46265867,-0.049155295,-0.38881564,-0.25516766,0.18333748,-1.8072577,0.13202904,0.48040026,-0.11223484,-1.9480125,0.2607065,0.32883874,0.123904735,0.78702754,0.065663286,0.6405467,-0.14683038,0.14865382,-0.63164294,-0.13137771,0.41303113,-0.012386375,0.20415002,-0.001289912
0.059103012,0.13955382,0.053821616,-0.0023181746,-0.447585,-0.0439705,-0.35653636,-0.15513559,0.18281218,-1.7502277,0.14223145,0.3914877,-0.12144319,-1.9709178,0.20842224,0.20255992,0.021998778,1.1591249,0.07616658,0.6455917,-0.16603589,0.075036,-0.5419407,-0.05562397,0.36966366,-0.014066702,0.23775244,0.009736345
0.059103012,0.13955382,0.053821616,-0.0023181746,-0.447585,-0.0439705,-0.35653636,-0.15513559,0.18281218,-1.7502277,0.14223145,0.3914877,-0.12144319,-1.9709178,0.20842224,0.20255992,0.021998778,1.1591249,0.07616658,0.6455917,-0.16603589,0.075036,-0.5419407,-0.05562397,0.36966366,-0.014066702,0.23775244,0.009736345
0.023326403,0.16362381,0.054055303,0.001009295,-0.42081946,-0.030946983,-0.32425138,-0.047594965,0.16001093,-1.6729274,0.15643103,0.25980136,-0.14371984,-1.986595,0.11104958,0.101128235,-0.028568443,1.4852746,0.0739346,0.59652734,-0.18530208,0.028774668,-0.45950574,0.026960518,0.5455043,-0.013936419,-0.009662411,-0.1675251
0.023326403,0.16362381,0.054055303,0.001009295,-0.42081946,-0.030946983,-0.32425138,-0.047594965,0.16001093,-1.6729274,0.15643103,0.25980136,-0.14371984,-1.986595,0.11104958,0.101128235,-0.028568443,1.4852746,0.0739346,0.59652734,-0.18530208,0.028774668,-0.45950574,0.026960518,0.5455043,-0.013936419,-0.009662411,-0.1675251
-0.033053886,0.21146539,-0.042873867,0.02013225,-0.48188767,-0.017999018,-0.2880021,0.043489493,0.10669418,-1.5976883,0.17877449,0.045209922,-0.1703771,-1.9955504,-0.041832205,-0.06769933,-0.14714462,1.7743219,0.0785427,0.5668225,-0.21719976,-0.065930255,-0.40344885,-0.028802795,0.71277475,-0.020805078,-0.1740529,-0.10754528
-0.033053886,0.21146539,-0.042873867,0.02013225,-0.48188767,-0.017999018,-0.2880021,0.043489493,0.10669418,-1.5976883,0.17877449,0.045209922,-0.1703771,-1.9955504,-0.041832205,-0.06769933,-0.14714462,1.7743219,0.0785427,0.5668225,-0.21719976,-0.065930255,-0.40344885,-0.028802795,0.71277475,-0.020805078,-0.1740529,-0.10754528
-0.10460393,0.23388632,-0.01611592,0.032210205,-0.53444654,-0.00930783,-0.2575721,0.1466527,0.043409765,-1.5282998,0.2205516,-0.16965474,-0.18639699,-1.9958934,-0.15598254,-0.32264125,-0.093181185,1.9668784,0.06529928,0.55137354,-0.17226768,-0.13915078,-0.26990473,-0.020529974,0.72796774,-0.017459996,-0.2777428,-0.03566235
-0.10460393,0.23388632,-0.01611592,0.032210205,-0.53444654,-0.00930783,-0.2575721,0.1466527,0.043409765,-1.5282998,0.2205516,-0.16965474,-0.18639699,-1.9958934,-0.15598254,-0.32264125,-0.093181185,1.9668784,0.06529928,0.55137354,-0.17226768,-0.13915078,-0.26990473,-0.020529974,0.72796774,-0.017459996,-0.2777428,-0.03566235
-0.081530474,0.2157684,-0.08178254,0.023710493,-0.5219912,0.042073056,-0.24883522,0.23313646,0.028259706,-1.4683945,0.2543368,-0.31813937,-0.17625408,-2.00969,-0.120437324,-0.55995345,-0.09173671,1.9908545,0.062869444,0.4945438,-0.18170927,-0.12542458,-0.14063679,-0.062929325,0.6874541,-0.014951146,-0.2721392,-0.030377299
-0.081530474,0.2157684,-0.08178254,0.023710493,-0.5219912,0.042073056,-0.24883522,0.23313646,0.028259706,-1.4683945,0.2543368,-0.31813937,-0.17625408,-2.00969,-0.120437324,-0.55995345,-0.09173671,1.9908545,0.062869444,0.4945438,-0.18170927,-0.12542458,-0.14063679,-0.062929325,0.6874541,-0.014951146,-0.2721392,-0.030377299
-0.07447182,0.18075085,-0.17119633,0.011346426,-0.4842546,0.1018519,-0.2674151,0.3127146,0.048645373,-1.4264237,0.26929936,-0.36886722,-0.14263156,-2.05785,-0.09380228,-0.71745634,-0.05491697,1.8654168,0.060332566,0.43090847,-0.19776423,-0.12771066,0.033690136,-0.07631824,0.5672176,-0.012112952,-0.14672925,-0.047506675
-0.07447182,0.18075085,-0.17119633,0.011346426,-0.4842546,0.1018519,-0.2674151,0.3127146,0.048645373,-1.4264237,0.26929936,-0.36886722,-0.14263156,-2.05785,-0.09380228,-0.71745634,-0.05491697,1.8654168,0.060332566,0.43090847,-0.19776423,-0.12771066,0.033690136,-0.07631824,0.5672176,-0.012112952,-0.14672925,-0.047506675
-0.04518116,0.14389434,-0.24190587,-0.0077248793,-0.44165063,0.14489436,-0.28902113,0.39591146,0.05871748,-1.387883,0.2869583,-0.36945406,-0.16845417,-2.1353161,-0.047429394,-0.7836507,-0.02274832,1.6342511,0.060738698,0.34264868,-0.2519838,-0.095117174,0.20060311,-0.09325976,0.41903704,-0.006859622,0.12557575,-0.09698349
-0.04518116,0.14389434,-0.24190587,-0.0077248793,-0.44165063,0.14489436,-0.28902113,0.39591146,0.05871748,-1.387883,0.2869583,-0.36945406,-0.16845417,-2.1353161,-0.047429394,-0.7836507,-0.02274832,1.6342511,0.060738698,0.34264868,-0.2519838,-0.095117174,0.20060311,-0.09325976,0.41903704,-0.006859622,0.12557575,-0.09698349
-0.007922027,0.08215779,-0.2688909,-0.017280916,-0.35461017,0.16469745,-0.30929735,0.51229227,0.059333663,-1.3489515,0.29459304,-0.31450954,-0.21256918,-2.1899672,-0.0019215476,-0.7776222,0.034251966,1.3218027,0.04638973,0.27673012,-0.24217495,-0.0562217,0.43470624,-0.1258577,0.11910518,-0.019459745,0.5471649,0.022431305
-0.007922027,0.08215779,-0.2688909,-0.017280916,-0.35461017,0.16469745,-0.30929735,0.51229227,0.059333663,-1.3489515,0.29459304,-0.31450954,-0.21256918,-2.1899672,-0.0019215476,-0.7776222,0.034251966,1.3218027,0.04638973,0.27673012,-0.24217495,-0.0562217,0.43470624,-0.1258577,0.11910518,-0.019459745,0.5471649,0.022431305
-0.0022386417,0.08602268,-0.25294474,-0.018138684,-0.37109062,0.16705768,-0.3121504,0.5277283,0.026404096,-1.3220783,0.3191728,-0.35037217,-0.25943568,-2.2112422,-0.011407691,-0.7538972,0.10689891,0.96901643,0.03180635,0.22406933,-0.12064536,-0.07268031,0.55819607,-0.13665918,0.0,-0.02970931,0.70711124,0.030665517
-0.0022386417,0.08602268,-0.25294474,-0.018138684,-0.37109062,0.16705768,-0.3121504,0.5277283,0.026404096,-1.3220783,0.3191728,-0.35037217,-0.25943568,-2.2112422,-0.011407691,-0.7538972,0.10689891,0.96901643,0.03180635,0.22406933,-0.12064536,-0.07268031,0.55819607,-0.13665918,0.0,-0.02970931,0.70711124,0.030665517
-0.0031871863,0.07685957,-0.231283,-0.004594041,-0.38905966,0.16592145,-0.3035495,0.54795533,-0.014656173,-1.3103297,0.3246673,-0.31468165,-0.31649223,-2.2210646,-0.026724424,-0.67815804,0.20231266,0.5921185,0.027013019,0.21473755,-0.07295212,-0.11035962,0.57970226,-0.15151088,0.09634685,-0.029067652,0.64675814,0.04662241
-0.0031871863,0.07685957,-0.231283,-0.004594041,-0.38905966,0.16592145,-0.3035495,0.54795533,-0.014656173,-1.3103297,0.3246673,-0.31468165,-0.31649223,-2.2210646,-0.026724424,-0.67815804,0.20231266,0.5921185,0.027013019,0.21473755,-0.07295212,-0.11035962,0.57970226,-0.15151088,0.09634685,-0.029067652,0.64675814,0.04662241
-0.024924338,0.0908285,-0.21669821,-0.0077827107,-0.43553573,0.17512691,-0.29740617,0.5243471,-0.03901545,-1.2834157,0.3110424,-0.2632063,-0.33850855,-2.1921554,-0.053598814,-0.6086572,0.20944704,0.3752907,0.029308062,0.2028236,-0.11566999,-0.1732551,0.4584174,-0.14933275,0.48355824,-0.034067955,0.58085907,0.078488
-0.024924338,0.0908285,-0.21669821,-0.0077827107,-0.43553573,0.17512691,-0.29740617,0.5243471,-0.03901545,-1.2834157,0.3110424,-0.2632063,-0.33850855,-2.1921554,-0.053598814,-0.6086572,0.20944704,0.3752907,0.029308062,0.2028236,-0.11566999,-0.1732551,0.4584174,-0.14933275,0.48355824,-0.034067955,0.58085907,0.078488
-0.018348262,0.1138287,-0.18507932,-0.015968863,-0.45161796,0.18437216,-0.30089235,0.48442018,-0.049543314,-1.258462,0.27558196,-0.17789257,-0.32321158,-2.126299,-0.013669372,-0.50311506,0.1411324,0.28449225,0.041290708,0.18742256,-0.2542356,-0.16247886,0.3450243,-0.057401232,0.8823559,-0.027964829,0.60567546,0.04343395
-0.018348262,0.1138287,-0.18507932,-0.015968863,-0.45161796,0.18437216,-0.30089235,0.48442018,-0.049543314,-1.258462,0.27558196,-0.17789257,-0.32321158,-2.126299,-0.013669372,-0.50311506,0.1411324,0.28449225,0.041290708,0.18742256,-0.2542356,-0.16247886,0.3450243,-0.057401232,0.8823559,-0.027964829,0.60567546,0.04343395
0.03766187,0.16821298,-0.13878271,-0.015160557,-0.4413964,0.17005883,-0.3218726,0.40957513,-0.036405016,-1.2775357,0.23757295,-0.10244961,-0.28201014,-2.0264378,0.06859004,-0.38441828,0.06582269,0.30611837,0.019920185,0.23425429,-0.02040486,-0.048509836,0.2413328,0.06567693,1.2783517,-0.03855164,0.63538754,0.08452853
0.03766187,0.16821298,-0.13878271,-0.015160557,-0.4413964,0.17005883,-0.3218726,0.40957513,-0.036405016,-1.2775357,0.23757295,-0.10244961,-0.28201014,-2.0264378,0.06859004,-0.38441828,0.06582269,0.30611837,0.019920185,0.23425429,-0.02040486,-0.048509836,0.2413328,0.06567693,1.2783517,-0.03855164,0.63538754,0.08452853
0.048546243,0.1873921,-0.098430246,-0.02281475,-0.41746393,0.1683118,-0.34259775,0.31806946,-0.02411663,-1.3278784,0.20748283,-0.004421458,-0.24807702,-1.9248304,0.10365816,-0.389636,0.057285655,0.6031676,0.018566702,-0.059256434,0.018992579,0.057353783,0.079161905,0.15285073,1.6417513,-0.039916683,0.64463985,0.0793516
0.048546243,0.1873921,-0.098430246,-0.02281475,-0.41746393,0.1683118,-0.34259775,0.31806946,-0.02411663,-1.3278784,0.20748283,-0.004421458,-0.24807702,-1.9248304,0.10365816,-0.389636,0.057285655,0.6031676,0.018566702,-0.059256434,0.018992579,0.057353783,0.079161905,0.15285073,1.6417513,-0.039916683,0.64463985,0.0793516
0.18243231,0.20980918,-0.06043413,-0.041064635,-0.46627322,0.16991596,-0.36650097,0.16609843,-0.012504266,-1.3647816,0.16437437,0.08345629,-0.20224066,-1.8476516,0.2486687,-0.3609813,0.048588093,0.7563469,0.00799881,-0.2034144,-0.089709535,0.32105532,-0.16024035,0.19010627,1.9509153,0.010691422,0.7192267,-0.06487077
0.18243231,0.20980918,-0.06043413,-0.041064635,-0.46627322,0.16991596,-0.36650097,0.16609843,-0.012504266,-1.3647816,0.16437437,0.08345629,-0.20224066,-1.8476516,0.2486687,-0.3609813,0.048588093,0.7563469,0.00799881,-0.2034144,-0.089709535,0.32105532,-0.16024035,0.19010627,1.9509153,0.010691422,0.7192267,-0.06487077
0.18596731,0.22705948,-0.07637743,-0.03404395,-0.51018935,0.13975142,-0.37184972,0.0064888555,-0.0071695014,-1.3830186,0.15103589,0.16929404,-0.17399977,-1.8162688,0.23171501,-0.2533502,0.009220828,0.7823694,0.006661187,-0.27371994,-0.0981683,0.34536186,-0.41732818,0.13663115,2.1074214,0.020124534,0.6972261,-0.09267477
0.18596731,0.22705948,-0.07637743,-0.03404395,-0.51018935,0.13975142,-0.37184972,0.0064888555,-0.0071695014,-1.3830186,0.15103589,0.16929404,-0.17399977,-1.8162688,0.23171501,-0.2533502,0.009220828,0.7823694,0.006661187,-0.27371994,-0.0981683,0.34536186,-0.41732818,0.13663115,2.1074214,0.020124534,0.6972261,-0.09267477
0.16493694,0.22229037,0.0016073199,-0.030938026,-0.5267613,0.071818635,-0.3633925,-0.10547526,-0.054910645,-1.4528868,0.16001798,0.2197609,-0.19267356,-1.823954,0.21544546,-0.15395732,0.028663892,0.75540334,0.0060905255,-0.24916941,-0.10676756,0.3090677,-0.6775757,0.13808952,2.129171,-0.005790999,0.6367531,-0.023148866
0.16493694,0.22229037,0.0016073199,-0.030938026,-0.5267613,0.071818635,-0.3633925,-0.10547526,-0.054910645,-1.4528868,0.16001798,0.2197609,-0.19267356,-1.823954,0.21544546,-0.15395732,0.028663892,0.75540334,0.0060905255,-0.24916941,-0.10676756,0.3090677,-0.6775757,0.13808952,2.129171,-0.005790999,0.6367531,-0.023148866
