pelvis_w,pelvis_x,pelvis_y,pelvis_z,torso_w,torso_x,torso_y,torso_z,head_w,head_x,head_y,head_z,right_upper_arm_w,right_upper_arm_x,right_upper_arm_y,right_upper_arm_z,right_lower_arm_w,right_lower_arm_x,right_lower_arm_y,right_lower_arm_z,right_hand_w,right_hand_x,right_hand_y,right_hand_z,left_upper_arm_w,left_upper_arm_x,left_upper_arm_y,left_upper_arm_z,left_lower_arm_w,left_lower_arm_x,left_lower_arm_y,left_lower_arm_z,left_hand_w,left_hand_x,left_hand_y,left_hand_z,right_thigh_w,right_thigh_x,right_thigh_y,right_thigh_z,right_shin_w,right_shin_x,right_shin_y,right_shin_z,right_foot_w,right_foot_x,right_foot_y,right_foot_z,left_thigh_w,left_thigh_x,left_thigh_y,left_thigh_z,left_shin_w,left_shin_x,left_shin_y,left_shin_z,left_foot_w,left_foot_x,left_foot_y,left_foot_z
0.99684703,-0.06672236,0.03814861,0.01971978,0.9891221,-0.026756432,0.13641492,0.04808931,0.9816889,-0.010270713,-0.18747167,0.032184295,0.9635251,-0.16600654,0.053147934,0.20306787,0.62533265,0.061225317,-0.73495877,0.2550415,0.62533265,0.061225317,-0.73495877,0.2550415,0.9415898,0.041635197,0.33412904,0.005753528,0.8356221,0.029765967,-0.54769456,-0.029674567,0.8356221,0.029765967,-0.54769456,-0.029674567,0.97849345,0.06317768,0.1892325,0.052443814,0.8206018,0.036859687,0.5655714,0.07336986,0.59118885,0.005243582,0.80598414,0.029289905,0.96431494,0.0031542652,-0.2645034,-0.011165204,0.9985069,0.0054565314,-0.053379685,-0.010239015,0.99987733,0.0006804366,-0.0013865194,-0.015586926
0.99684703,-0.06672236,0.03814861,0.01971978,0.9891221,-0.026756432,0.13641492,0.04808931,0.9816889,-0.010270713,-0.18747167,0.032184295,0.9635251,-0.16600654,0.053147934,0.20306787,0.62533265,0.061225317,-0.73495877,0.2550415,0.62533265,0.061225317,-0.73495877,0.2550415,0.9415898,0.041635197,0.33412904,0.005753528,0.8356221,0.029765967,-0.54769456,-0.029674567,0.8356221,0.029765967,-0.54769456,-0.029674567,0.97849345,0.06317768,0.1892325,0.052443814,0.8206018,0.036859687,0.5655714,0.07336986,0.59118885,0.005243582,0.80598414,0.029289905,0.96431494,0.0031542652,-0.2645034,-0.011165204,0.9985069,0.0054565314,-0.053379685,-0.010239015,0.99987733,0.0006804366,-0.0013865194,-0.015586926
0.9986742,-0.038262248,0.025909424,0.022686914,0.99111146,-0.026289403,0.121853195,0.04646296,0.98211557,-0.008735594,-0.18572082,0.029673317,0.9622466,-0.16840118,0.09214476,0.19295603,0.7051507,0.033493016,-0.66118944,0.25390783,0.7051507,0.033493016,-0.66118944,0.25390783,0.9562991,0.043708593,0.28882575,-0.012700311,0.8040516,0.016008195,-0.5928148,-0.042608406,0.8040516,0.016008195,-0.5928148,-0.042608406,0.9929668,0.043328594,0.108753085,0.017675623,0.7513468,0.025374353,0.6582463,0.039318405,0.4907724,-0.013818873,0.8703892,-0.037070807,0.97181463,-0.011155174,-0.23447718,0.021732643,0.9996867,-0.015840042,-0.0054575354,0.018596742,0.99841434,-0.020395217,0.035483137,-0.03865031
0.9986742,-0.038262248,0.025909424,0.022686914,0.99111146,-0.026289403,0.121853195,0.04646296,0.98211557,-0.008735594,-0.18572082,0.029673317,0.9622466,-0.16840118,0.09214476,0.19295603,0.7051507,0.033493016,-0.66118944,0.25390783,0.7051507,0.033493016,-0.66118944,0.25390783,0.9562991,0.043708593,0.28882575,-0.012700311,0.8040516,0.016008195,-0.5928148,-0.042608406,0.8040516,0.016008195,-0.5928148,-0.042608406,0.9929668,0.043328594,0.108753085,0.017675623,0.7513468,0.025374353,0.6582463,0.039318405,0.4907724,-0.013818873,0.8703892,-0.037070807,0.97181463,-0.011155174,-0.23447718,0.021732643,0.9996867,-0.015840042,-0.0054575354,0.018596742,0.99841434,-0.020395217,0.035483137,-0.03865031
0.99932843,-0.01682237,0.010130913,0.030937226,0.9937366,-0.025592566,0.10090009,0.04064119,0.98453254,-0.004131913,-0.17253964,0.030147012,0.9630548,-0.16308565,0.13118005,0.16947134,0.78257924,0.00094588834,-0.57641333,0.23519473,0.78257924,0.00094588834,-0.57641333,0.23519473,0.971684,0.053603068,0.22504498,-0.04808197,0.749363,-0.0078115715,-0.65823245,-0.07158312,0.749363,-0.0078115715,-0.65823245,-0.07158312,0.9996553,0.005208119,0.015381221,-0.020628069,0.6931263,0.018312171,0.7205021,-0.0108307935,0.43490377,-0.027671866,0.89353734,-0.10809249,0.9729169,-0.01971661,-0.22781017,0.03386205,0.9941536,-0.029647816,0.100614235,0.025620103,0.9970385,-0.044903286,0.049482558,-0.038072653
0.99932843,-0.01682237,0.010130913,0.030937226,0.9937366,-0.025592566,0.10090009,0.04064119,0.98453254,-0.004131913,-0.17253964,0.030147012,0.9630548,-0.16308565,0.13118005,0.16947134,0.78257924,0.00094588834,-0.57641333,0.23519473,0.78257924,0.00094588834,-0.57641333,0.23519473,0.971684,0.053603068,0.22504498,-0.04808197,0.749363,-0.0078115715,-0.65823245,-0.07158312,0.749363,-0.0078115715,-0.65823245,-0.07158312,0.9996553,0.005208119,0.015381221,-0.020628069,0.6931263,0.018312171,0.7205021,-0.0108307935,0.43490377,-0.027671866,0.89353734,-0.10809249,0.9729169,-0.01971661,-0.22781017,0.03386205,0.9941536,-0.029647816,0.100614235,0.025620103,0.9970385,-0.044903286,0.049482558,-0.038072653
0.99901307,0.018560186,0.0097378045,0.03916295,0.99004126,-0.027237264,0.13325635,0.036322895,0.9849453,-0.004281008,-0.17055516,0.027846234,0.96310544,-0.15216789,0.18314984,0.12541519,0.8442928,-0.031492077,-0.49828273,0.19465941,0.8442928,-0.031492077,-0.49828273,0.19465941,0.98586917,0.0700389,0.12729585,-0.08338015,0.67013043,-0.028073287,-0.7342122,-0.105212115,0.67013043,-0.028073287,-0.7342122,-0.105212115,0.99371004,-0.038175613,-0.09480299,-0.045777127,0.67189765,0.013729747,0.7382416,-0.058003586,0.42805263,-0.007331185,0.8945933,-0.12814131,0.9794966,-0.029224362,-0.19823116,0.020899676,0.9815011,-0.034967367,0.18805535,0.0082548885,0.9965415,-0.046968047,0.0677897,-0.010186793
0.99901307,0.018560186,0.0097378045,0.03916295,0.99004126,-0.027237264,0.13325635,0.036322895,0.9849453,-0.004281008,-0.17055516,0.027846234,0.96310544,-0.15216789,0.18314984,0.12541519,0.8442928,-0.031492077,-0.49828273,0.19465941,0.8442928,-0.031492077,-0.49828273,0.19465941,0.98586917,0.0700389,0.12729585,-0.08338015,0.67013043,-0.028073287,-0.7342122,-0.105212115,0.67013043,-0.028073287,-0.7342122,-0.105212115,0.99371004,-0.038175613,-0.09480299,-0.045777127,0.67189765,0.013729747,0.7382416,-0.058003586,0.42805263,-0.007331185,0.8945933,-0.12814131,0.9794966,-0.029224362,-0.19823116,0.020899676,0.9815011,-0.034967367,0.18805535,0.0082548885,0.9965415,-0.046968047,0.0677897,-0.010186793
0.99908733,0.024132878,0.03502369,-0.0039406717,0.98864084,-0.026991125,0.1437955,0.034405466,0.9839473,-0.011722445,-0.17593859,0.027497455,0.9552238,-0.1466105,0.24733235,0.0698545,0.8831171,-0.064798,-0.44014767,0.14891443,0.8831171,-0.064798,-0.44014767,0.14891443,0.9888704,0.089586,0.03763688,-0.11266422,0.58283466,-0.043536596,-0.79974055,-0.13719857,0.58283466,-0.043536596,-0.79974055,-0.13719857,0.97016716,-0.042304765,-0.23350783,-0.04959958,0.71308917,0.01955989,0.69803584,-0.062186994,0.5381739,0.00673035,0.83502966,-0.11423258,0.9900423,-0.03516733,-0.1362911,0.0020702211,0.96801955,-0.033336744,0.2483893,-0.011388074,0.99523664,-0.039490215,0.089120924,0.0014349961
0.99908733,0.024132878,0.03502369,-0.0039406717,0.98864084,-0.026991125,0.1437955,0.034405466,0.9839473,-0.011722445,-0.17593859,0.027497455,0.9552238,-0.1466105,0.24733235,0.0698545,0.8831171,-0.064798,-0.44014767,0.14891443,0.8831171,-0.064798,-0.44014767,0.14891443,0.9888704,0.089586,0.03763688,-0.11266422,0.58283466,-0.043536596,-0.79974055,-0.13719857,0.58283466,-0.043536596,-0.79974055,-0.13719857,0.97016716,-0.042304765,-0.23350783,-0.04959958,0.71308917,0.01955989,0.69803584,-0.062186994,0.5381739,0.00673035,0.83502966,-0.11423258,0.9900423,-0.03516733,-0.1362911,0.0020702211,0.96801955,-0.033336744,0.2483893,-0.011388074,0.99523664,-0.039490215,0.089120924,0.0014349961
0.9982698,0.030728009,0.029739168,0.040358435,0.989119,-0.019750595,0.14572977,-0.0040545445,0.98539263,-0.015359521,-0.16789377,0.024026249,0.94506955,-0.14361481,0.29204032,0.030510064,0.9040736,-0.08814398,-0.40136632,0.11741685,0.9040736,-0.08814398,-0.40136632,0.11741685,0.98600066,0.0970592,-0.023859888,-0.13346529,0.5057865,-0.061115496,-0.8467271,-0.15329179,0.5057865,-0.061115496,-0.8467271,-0.15329179,0.9492147,-0.041078176,-0.30854693,-0.04585758,0.7776995,0.01590159,0.62561435,-0.059476666,0.6416036,0.012840673,0.75977045,-0.104541644,0.99830234,-0.036368262,-0.045028113,0.0065033496,0.95790935,-0.03649073,0.28468382,-0.0057767527,0.99012,-0.04044604,0.13406602,0.0072648805
0.9982698,0.030728009,0.029739168,0.040358435,0.989119,-0.019750595,0.14572977,-0.0040545445,0.98539263,-0.015359521,-0.16789377,0.024026249,0.94506955,-0.14361481,0.29204032,0.030510064,0.9040736,-0.08814398,-0.40136632,0.11741685,0.9040736,-0.08814398,-0.40136632,0.11741685,0.98600066,0.0970592,-0.023859888,-0.13346529,0.5057865,-0.061115496,-0.8467271,-0.15329179,0.5057865,-0.061115496,-0.8467271,-0.15329179,0.9492147,-0.041078176,-0.30854693,-0.04585758,0.7776995,0.01590159,0.62561435,-0.059476666,0.6416036,0.012840673,0.75977045,-0.104541644,0.99830234,-0.036368262,-0.045028113,0.0065033496,0.95790935,-0.03649073,0.28468382,-0.0057767527,0.99012,-0.04044604,0.13406602,0.0072648805
0.99710065,0.030385703,0.04145053,0.056115583,0.98905146,-0.012724784,0.14213005,-0.03760812,0.9869861,-0.017017154,-0.15925741,0.014356044,0.9344348,-0.13896592,0.32774058,-0.0103095025,0.91619056,-0.11072412,-0.37573543,0.084604874,0.91619056,-0.11072412,-0.37573543,0.084604874,0.9810152,0.099526316,-0.056728814,-0.15647875,0.44069394,-0.08587966,-0.87829256,-0.16436474,0.44069394,-0.08587966,-0.87829256,-0.16436474,0.93077165,-0.019717362,-0.36397687,-0.02821666,0.8577548,0.010231138,0.51290524,-0.032867588,0.7798772,-0.00081962906,0.6196995,-0.08811077,0.9982598,-0.029631192,0.049852215,0.010682199,0.9527421,-0.031373776,0.30214307,0.0027934362,0.9733669,-0.040104523,0.22565049,-0.0055016098
0.99710065,0.030385703,0.04145053,0.056115583,0.98905146,-0.012724784,0.14213005,-0.03760812,0.9869861,-0.017017154,-0.15925741,0.014356044,0.9344348,-0.13896592,0.32774058,-0.0103095025,0.91619056,-0.11072412,-0.37573543,0.084604874,0.91619056,-0.11072412,-0.37573543,0.084604874,0.9810152,0.099526316,-0.056728814,-0.15647875,0.44069394,-0.08587966,-0.87829256,-0.16436474,0.44069394,-0.08587966,-0.87829256,-0.16436474,0.93077165,-0.019717362,-0.36397687,-0.02821666,0.8577548,0.010231138,0.51290524,-0.032867588,0.7798772,-0.00081962906,0.6196995,-0.08811077,0.9982598,-0.029631192,0.049852215,0.010682199,0.9527421,-0.031373776,0.30214307,0.0027934362,0.9733669,-0.040104523,0.22565049,-0.0055016098
0.9968829,0.028616339,0.052018613,0.05195822,0.9882534,-0.006924978,0.13945642,-0.06212227,0.98635495,-0.022138098,-0.16310854,-0.0030833252,0.9235014,-0.13043179,0.35729766,-0.049710244,0.92563033,-0.13022895,-0.35174555,0.050239228,0.92563033,-0.13022895,-0.35174555,0.050239228,0.97514534,0.106536955,-0.07772803,-0.17804429,0.3918268,-0.10666164,-0.89633805,-0.17796963,0.3918268,-0.10666164,-0.89633805,-0.17796963,0.9222127,-0.0027375706,-0.38666952,-0.001729104,0.92455935,-0.0007051078,0.38102445,-0.0031602085,0.8660322,-0.012450857,0.49323288,-0.08096118,0.9895136,-0.021067845,0.14267191,0.007985986,0.9519743,-0.022103038,0.30534798,0.0043687248,0.93014157,-0.0357688,0.364671,-0.023926487
0.9968829,0.028616339,0.052018613,0.05195822,0.9882534,-0.006924978,0.13945642,-0.06212227,0.98635495,-0.022138098,-0.16310854,-0.0030833252,0.9235014,-0.13043179,0.35729766,-0.049710244,0.92563033,-0.13022895,-0.35174555,0.050239228,0.92563033,-0.13022895,-0.35174555,0.050239228,0.97514534,0.106536955,-0.07772803,-0.17804429,0.3918268,-0.10666164,-0.89633805,-0.17796963,0.3918268,-0.10666164,-0.89633805,-0.17796963,0.9222127,-0.0027375706,-0.38666952,-0.001729104,0.92455935,-0.0007051078,0.38102445,-0.0031602085,0.8660322,-0.012450857,0.49323288,-0.08096118,0.9895136,-0.021067845,0.14267191,0.007985986,0.9519743,-0.022103038,0.30534798,0.0043687248,0.93014157,-0.0357688,0.364671,-0.023926487
0.9976442,0.024486661,0.058313906,0.026572585,0.9886146,5.538913e-05,0.12678133,-0.08104159,0.98790956,-0.021911379,-0.1529839,-0.012271631,0.91243833,-0.12361646,0.3805211,-0.085900925,0.92996305,-0.14918344,-0.3354234,0.02010724,0.92996305,-0.14918344,-0.3354234,0.02010724,0.9686805,0.11636607,-0.087667435,-0.20107596,0.36004496,-0.12667921,-0.90354586,-0.19474337,0.36004496,-0.12667921,-0.90354586,-0.19474337,0.9240022,0.0015118548,-0.3817918,0.021275688,0.97239983,-0.011247115,0.23234376,0.018122997,0.9393805,-0.010515337,0.33997822,-0.04322662,0.96416,-0.01613478,0.26462647,-0.010397936,0.9640953,-0.01613224,0.26486182,-0.010401875,0.8528793,-0.019377055,0.52076125,0.03208148
0.9976442,0.024486661,0.058313906,0.026572585,0.9886146,5.538913e-05,0.12678133,-0.08104159,0.98790956,-0.021911379,-0.1529839,-0.012271631,0.91243833,-0.12361646,0.3805211,-0.085900925,0.92996305,-0.14918344,-0.3354234,0.02010724,0.92996305,-0.14918344,-0.3354234,0.02010724,0.9686805,0.11636607,-0.087667435,-0.20107596,0.36004496,-0.12667921,-0.90354586,-0.19474337,0.36004496,-0.12667921,-0.90354586,-0.19474337,0.9240022,0.0015118548,-0.3817918,0.021275688,0.97239983,-0.011247115,0.23234376,0.018122997,0.9393805,-0.010515337,0.33997822,-0.04322662,0.96416,-0.01613478,0.26462647,-0.010397936,0.9640953,-0.01613224,0.26486182,-0.010401875,0.8528793,-0.019377055,0.52076125,0.03208148
0.9976658,0.02644202,0.062258657,0.009363502,0.98763627,0.005389466,0.12409185,-0.09563875,0.98866767,-0.019983944,-0.14775449,-0.017479623,0.90892977,-0.117598444,0.38613456,-0.104486346,0.9297751,-0.1572826,-0.33282354,0.0029958042,0.9297751,-0.1572826,-0.33282354,0.0029958042,0.9630949,0.12747428,-0.081233315,-0.22270976,0.35322985,-0.14333357,-0.89965516,-0.21284932,0.35322985,-0.14333357,-0.89965516,-0.21284932,0.935354,-0.003950256,-0.35065654,0.04623257,0.99552643,-0.023312958,0.0823051,0.040119335,0.98360354,-0.015214596,0.17964628,0.0044568134,0.95042604,-0.015909743,0.30955824,-0.024717182,0.95042604,-0.015909743,0.30955824,-0.024717182,0.83304405,-0.010674652,0.5496431,0.06177496
0.9976658,0.02644202,0.062258657,0.009363502,0.98763627,0.005389466,0.12409185,-0.09563875,0.98866767,-0.019983944,-0.14775449,-0.017479623,0.90892977,-0.117598444,0.38613456,-0.104486346,0.9297751,-0.1572826,-0.33282354,0.0029958042,0.9297751,-0.1572826,-0.33282354,0.0029958042,0.9630949,0.12747428,-0.081233315,-0.22270976,0.35322985,-0.14333357,-0.89965516,-0.21284932,0.35322985,-0.14333357,-0.89965516,-0.21284932,0.935354,-0.003950256,-0.35065654,0.04623257,0.99552643,-0.023312958,0.0823051,0.040119335,0.98360354,-0.015214596,0.17964628,0.0044568134,0.95042604,-0.015909743,0.30955824,-0.024717182,0.95042604,-0.015909743,0.30955824,-0.024717182,0.83304405,-0.010674652,0.5496431,0.06177496
0.9969976,0.041803062,0.06444684,0.009742439,0.9870344,0.009867889,0.12008417,-0.10604565,0.98873466,-0.011674433,-0.14837664,-0.015872058,0.9125367,-0.11656829,0.37514466,-0.11382021,0.9255941,-0.16284843,-0.3416612,-0.0048575923,0.9255941,-0.16284843,-0.3416612,-0.0048575923,0.95976764,0.1351384,-0.05738793,-0.23935425,0.37530035,-0.15431617,-0.88521,-0.22746286,0.37530038,-0.15431619,-0.88521004,-0.22746287,0.9503668,-0.013043942,-0.29791826,0.088755846,0.9952683,-0.035940487,-0.037326932,0.08219504,0.99801004,-0.027404182,0.05124087,0.02448351,0.93606305,-0.022991886,0.34902877,-0.037898086,0.93606305,-0.022991886,0.34902877,-0.037898086,0.805979,-0.012457752,0.591276,0.025206227
0.9969976,0.041803062,0.06444684,0.009742439,0.9870344,0.009867889,0.12008417,-0.10604565,0.98873466,-0.011674433,-0.14837664,-0.015872058,0.9125367,-0.11656829,0.37514466,-0.11382021,0.9255941,-0.16284843,-0.3416612,-0.0048575923,0.9255941,-0.16284843,-0.3416612,-0.0048575923,0.95976764,0.1351384,-0.05738793,-0.23935425,0.37530035,-0.15431617,-0.88521,-0.22746286,0.37530038,-0.15431619,-0.88521004,-0.22746287,0.9503668,-0.013043942,-0.29791826,0.088755846,0.9952683,-0.035940487,-0.037326932,0.08219504,0.99801004,-0.027404182,0.05124087,0.02448351,0.93606305,-0.022991886,0.34902877,-0.037898086,0.93606305,-0.022991886,0.34902877,-0.037898086,0.805979,-0.012457752,0.591276,0.025206227
0.9964528,0.054845504,0.06251984,0.012846155,0.98500484,0.016690565,0.1345458,-0.10669799,0.988696,-0.010930929,-0.1476074,-0.023937423,0.9257268,-0.12001352,0.34035486,-0.11307208,0.9222249,-0.16475204,-0.3497324,-0.0067310557,0.9222249,-0.16475204,-0.3497324,-0.0067310557,0.95982134,0.13953568,-0.021702621,-0.24249116,0.43046683,-0.14886954,-0.8581528,-0.23687553,0.43046683,-0.14886954,-0.8581528,-0.23687553,0.9630418,-0.014097141,-0.25656796,0.080775805,0.99228406,-0.027321517,-0.092999846,0.077311024,0.9991086,-0.004436943,-0.01405232,-0.03955969,0.9583215,-0.034994364,0.2805967,-0.04075218,0.8714652,-0.025010666,0.487507,-0.047537483,0.6988022,-0.014441925,0.71396905,-0.041415446
0.9964528,0.054845504,0.06251984,0.012846155,0.98500484,0.016690565,0.1345458,-0.10669799,0.988696,-0.010930929,-0.1476074,-0.023937423,0.9257268,-0.12001352,0.34035486,-0.11307208,0.9222249,-0.16475204,-0.3497324,-0.0067310557,0.9222249,-0.16475204,-0.3497324,-0.0067310557,0.95982134,0.13953568,-0.021702621,-0.24249116,0.43046683,-0.14886954,-0.8581528,-0.23687553,0.43046683,-0.14886954,-0.8581528,-0.23687553,0.9630418,-0.014097141,-0.25656796,0.080775805,0.99228406,-0.027321517,-0.092999846,0.077311024,0.9991086,-0.004436943,-0.01405232,-0.03955969,0.9583215,-0.034994364,0.2805967,-0.04075218,0.8714652,-0.025010666,0.487507,-0.047537483,0.6988022,-0.014441925,0.71396905,-0.041415446
0.99727005,0.040291492,0.061674807,-0.005030692,0.9883399,0.021878868,0.11005691,-0.10292299,0.9899545,-0.011295142,-0.13783453,-0.029398615,0.94278216,-0.1279107,0.29244232,-0.09632342,0.9179002,-0.160041,-0.3630701,0.005121045,0.9179002,-0.160041,-0.3630701,0.005121045,0.9600865,0.1471806,0.013861687,-0.23744407,0.4987273,-0.13003875,-0.82050544,-0.24724832,0.49872732,-0.13003877,-0.8205055,-0.24724834,0.9751606,0.007621452,-0.21895275,0.032609597,0.99690986,0.0026724904,-0.07105871,0.03338159,0.9936355,0.03039014,0.012409951,-0.10775503,0.97521126,-0.029485885,0.2183157,-0.020781608,0.8003437,-0.018392738,0.59845525,-0.03103224,0.5823608,-0.022914795,0.8105199,-0.05820975
0.99727005,0.040291492,0.061674807,-0.005030692,0.9883399,0.021878868,0.11005691,-0.10292299,0.9899545,-0.011295142,-0.13783453,-0.029398615,0.94278216,-0.1279107,0.29244232,-0.09632342,0.9179002,-0.160041,-0.3630701,0.005121045,0.9179002,-0.160041,-0.3630701,0.005121045,0.9600865,0.1471806,0.013861687,-0.23744407,0.4987273,-0.13003875,-0.82050544,-0.24724832,0.49872732,-0.13003877,-0.8205055,-0.24724834,0.9751606,0.007621452,-0.21895275,0.032609597,0.99690986,0.0026724904,-0.07105871,0.03338159,0.9936355,0.03039014,0.012409951,-0.10775503,0.97521126,-0.029485885,0.2183157,-0.020781608,0.8003437,-0.018392738,0.59845525,-0.03103224,0.5823608,-0.022914795,0.8105199,-0.05820975
0.99889874,0.003713578,0.03719428,-0.028357297,0.98928404,0.027049217,0.10647699,-0.096167825,0.99286777,-0.006927817,-0.11504334,-0.030506209,0.9597473,-0.14080621,0.23274207,-0.069927685,0.8964319,-0.15376198,-0.4143593,0.0327647,0.8964319,-0.15376198,-0.4143593,0.0327647,0.9603948,0.15277061,0.055411402,-0.22634642,0.5725994,-0.105631,-0.773019,-0.25182065,0.5725994,-0.105631,-0.773019,-0.25182065,0.98130274,0.024055572,-0.19036958,-0.015025893,0.999575,0.026544916,0.006742418,-0.00999077,0.99761987,0.03582317,0.058654536,-0.0055620675,0.98693395,-0.0043039843,0.16086376,0.008114034,0.71859896,-0.008165086,0.69536406,0.0042063273,0.46902025,-0.017417686,0.8830147,-0.0013307686
0.99889874,0.003713578,0.03719428,-0.028357297,0.98928404,0.027049217,0.10647699,-0.096167825,0.99286777,-0.006927817,-0.11504334,-0.030506209,0.9597473,-0.14080621,0.23274207,-0.069927685,0.8964319,-0.15376198,-0.4143593,0.0327647,0.8964319,-0.15376198,-0.4143593,0.0327647,0.9603948,0.15277061,0.055411402,-0.22634642,0.5725994,-0.105631,-0.773019,-0.25182065,0.5725994,-0.105631,-0.773019,-0.25182065,0.98130274,0.024055572,-0.19036958,-0.015025893,0.999575,0.026544916,0.006742418,-0.00999077,0.99761987,0.03582317,0.058654536,-0.0055620675,0.98693395,-0.0043039843,0.16086376,0.008114034,0.71859896,-0.008165086,0.69536406,0.0042063273,0.46902025,-0.017417686,0.8830147,-0.0013307686
0.99858403,-0.0019352585,0.024843767,-0.04700014,0.988213,0.03203521,0.11886246,-0.090997644,0.9933868,-0.0082062185,-0.11218782,-0.023007477,0.9732892,-0.1528551,0.1630925,-0.05238645,0.85174894,-0.15092166,-0.49841228,0.05772071,0.85174894,-0.15092166,-0.49841228,0.05772071,0.9582653,0.157763,0.11103374,-0.21097413,0.64132917,-0.0820748,-0.7206232,-0.25032574,0.64132917,-0.0820748,-0.7206232,-0.25032574,0.9796563,0.03592366,-0.19704857,-0.012450048,0.99217945,0.03801512,0.11888853,-0.00060321763,0.99497867,0.038448166,0.0742203,-0.05505116,0.996591,0.028026016,0.06971952,0.034060583,0.6550412,-0.0042878,0.75430465,0.04389984,0.42766178,-0.03061725,0.9029138,0.030243436
0.99858403,-0.0019352585,0.024843767,-0.04700014,0.988213,0.03203521,0.11886246,-0.090997644,0.9933868,-0.0082062185,-0.11218782,-0.023007477,0.9732892,-0.1528551,0.1630925,-0.05238645,0.85174894,-0.15092166,-0.49841228,0.05772071,0.85174894,-0.15092166,-0.49841228,0.05772071,0.9582653,0.157763,0.11103374,-0.21097413,0.64132917,-0.0820748,-0.7206232,-0.25032574,0.64132917,-0.0820748,-0.7206232,-0.25032574,0.9796563,0.03592366,-0.19704857,-0.012450048,0.99217945,0.03801512,0.11888853,-0.00060321763,0.99497867,0.038448166,0.0742203,-0.05505116,0.996591,0.028026016,0.06971952,0.034060583,0.6550412,-0.0042878,0.75430465,0.04389984,0.42766178,-0.03061725,0.9029138,0.030243436
0.9970944,-0.04193911,0.034746736,-0.053259462,0.9857113,0.036639933,0.13881262,-0.08810108,0.9920347,-0.01261284,-0.1251666,-0.006438911,0.982953,-0.15395948,0.08846835,-0.047677904,0.78607666,-0.14590527,-0.5967469,0.0684716,0.78607666,-0.14590527,-0.5967469,0.0684716,0.9513441,0.14840639,0.1950788,-0.1867197,0.7132298,-0.065148816,-0.65910137,-0.22944352,0.7132298,-0.065148816,-0.65910137,-0.22944352,0.9850239,0.042395517,-0.16520797,-0.025238091,0.97774994,0.048667308,0.20388933,-0.008113836,0.9911062,0.035703897,0.102887645,-0.07647226,0.99587065,0.06928824,-0.035565384,0.04664826,0.6225699,0.0038886294,0.77809376,0.0834374,0.43573204,-0.06353742,0.8973068,0.030679023
0.9970944,-0.04193911,0.034746736,-0.053259462,0.9857113,0.036639933,0.13881262,-0.08810108,0.9920347,-0.01261284,-0.1251666,-0.006438911,0.982953,-0.15395948,0.08846835,-0.047677904,0.78607666,-0.14590527,-0.5967469,0.0684716,0.78607666,-0.14590527,-0.5967469,0.0684716,0.9513441,0.14840639,0.1950788,-0.1867197,0.7132298,-0.065148816,-0.65910137,-0.22944352,0.7132298,-0.065148816,-0.65910137,-0.22944352,0.9850239,0.042395517,-0.16520797,-0.025238091,0.97774994,0.048667308,0.20388933,-0.008113836,0.9911062,0.035703897,0.102887645,-0.07647226,0.99587065,0.06928824,-0.035565384,0.04664826,0.6225699,0.0038886294,0.77809376,0.0834374,0.43573204,-0.06353742,0.8973068,0.030679023
0.99755764,-0.041226093,0.042096797,-0.037511412,0.98513037,0.033980127,0.15309285,-0.07018647,0.992132,-0.009099172,-0.124816805,-0.003488917,0.98810893,-0.14678258,0.018027619,-0.04207904,0.71401256,-0.13382195,-0.6832791,0.073535405,0.71401256,-0.13382195,-0.6832791,0.073535405,0.94329065,0.1337625,0.25995567,-0.1572687,0.7703458,-0.046760634,-0.6032757,-0.20109525,0.7703458,-0.046760634,-0.6032757,-0.20109525,0.993865,0.04325335,-0.10047936,-0.016293423,0.9631538,0.04621858,0.2649502,0.0004134616,0.9868848,0.022004038,0.13740641,-0.08181577,0.9826991,0.06968462,-0.1654234,0.045624677,0.6637003,-0.0014669448,0.7433468,0.08327909,0.5259276,-0.08382618,0.84637624,0.0045539113
0.99755764,-0.041226093,0.042096797,-0.037511412,0.98513037,0.033980127,0.15309285,-0.07018647,0.992132,-0.009099172,-0.124816805,-0.003488917,0.98810893,-0.14678258,0.018027619,-0.04207904,0.71401256,-0.13382195,-0.6832791,0.073535405,0.71401256,-0.13382195,-0.6832791,0.073535405,0.94329065,0.1337625,0.25995567,-0.1572687,0.7703458,-0.046760634,-0.6032757,-0.20109525,0.7703458,-0.046760634,-0.6032757,-0.20109525,0.993865,0.04325335,-0.10047936,-0.016293423,0.9631538,0.04621858,0.2649502,0.0004134616,0.9868848,0.022004038,0.13740641,-0.08181577,0.9826991,0.06968462,-0.1654234,0.045624677,0.6637003,-0.0014669448,0.7433468,0.08327909,0.5259276,-0.08382618,0.84637624,0.0045539113
0.9958535,-0.05364536,0.050833333,-0.053047273,0.9881615,0.027694942,0.14632794,-0.036852777,0.9943022,-0.00625205,-0.10641449,-0.00022204823,0.9896089,-0.13683848,-0.03400566,-0.028161982,0.64702034,-0.11359255,-0.74956447,0.08133022,0.64702034,-0.11359255,-0.74956447,0.08133022,0.9367935,0.11545693,0.30552348,-0.12547183,0.80698776,-0.030957252,-0.56541795,-0.16767567,0.80698776,-0.030957252,-0.56541795,-0.16767567,0.9986496,0.047124624,-0.020212168,-0.008354303,0.95224506,0.047311444,0.30156088,0.0072216177,0.97761065,0.02238164,0.19699378,-0.07049861,0.9607897,0.0635821,-0.26700678,0.039343115,0.7394682,0.0007621646,0.6690264,0.07476619,0.64523154,-0.054275285,0.76181024,0.019382719
0.9958535,-0.05364536,0.050833333,-0.053047273,0.9881615,0.027694942,0.14632794,-0.036852777,0.9943022,-0.00625205,-0.10641449,-0.00022204823,0.9896089,-0.13683848,-0.03400566,-0.028161982,0.64702034,-0.11359255,-0.74956447,0.08133022,0.64702034,-0.11359255,-0.74956447,0.08133022,0.9367935,0.11545693,0.30552348,-0.12547183,0.80698776,-0.030957252,-0.56541795,-0.16767567,0.80698776,-0.030957252,-0.56541795,-0.16767567,0.9986496,0.047124624,-0.020212168,-0.008354303,0.95224506,0.047311444,0.30156088,0.0072216177,0.97761065,0.02238164,0.19699378,-0.07049861,0.9607897,0.0635821,-0.26700678,0.039343115,0.7394682,0.0007621646,0.6690264,0.07476619,0.64523154,-0.054275285,0.76181024,0.019382719
0.99584574,-0.05410905,0.062092498,-0.038834155,0.98904973,0.017790006,0.14626984,-0.008333536,0.9949765,-0.0037527382,-0.099289134,0.012225298,0.988555,-0.13347085,-0.07030458,-0.0013826136,0.5985221,-0.0889901,-0.7899082,0.09948438,0.5985221,-0.0889901,-0.7899082,0.09948438,0.930789,0.09903135,0.33887482,-0.09480864,0.83127356,-0.015999444,-0.5386915,-0.13616131,0.83127356,-0.015999444,-0.5386915,-0.13616131,0.9963163,0.044878177,0.07284086,0.005836198,0.9456531,0.041951023,0.32201284,0.016977157,0.95328075,0.033028327,0.2987621,-0.030102659,0.9389524,0.030694041,-0.34236845,0.014496738,0.8332231,0.006573879,0.551894,0.03330261,0.7647291,-0.009200369,0.6438,0.02502773
0.99584574,-0.05410905,0.062092498,-0.038834155,0.98904973,0.017790006,0.14626984,-0.008333536,0.9949765,-0.0037527382,-0.099289134,0.012225298,0.988555,-0.13347085,-0.07030458,-0.0013826136,0.5985221,-0.0889901,-0.7899082,0.09948438,0.5985221,-0.0889901,-0.7899082,0.09948438,0.930789,0.09903135,0.33887482,-0.09480864,0.83127356,-0.015999444,-0.5386915,-0.13616131,0.83127356,-0.015999444,-0.5386915,-0.13616131,0.9963163,0.044878177,0.07284086,0.005836198,0.9456531,0.041951023,0.32201284,0.016977157,0.95328075,0.033028327,0.2987621,-0.030102659,0.9389524,0.030694041,-0.34236845,0.014496738,0.8332231,0.006573879,0.551894,0.03330261,0.7647291,-0.009200369,0.6438,0.02502773
0.9950611,-0.05282554,0.079548925,-0.027108997,0.991549,0.006073526,0.12844077,0.017228073,0.99513924,-0.005184464,-0.09524058,0.024501443,0.9847486,-0.14471914,-0.08650958,0.042926535,0.568574,-0.060458068,-0.80866396,0.13831538,0.568574,-0.060458068,-0.80866396,0.13831538,0.92378163,0.07951059,0.36876422,-0.06571551,0.84745306,-0.005228609,-0.5207522,-0.10302001,0.84745306,-0.005228609,-0.5207522,-0.10302001,0.98601925,0.04323889,0.15856925,0.027428344,0.9439724,0.03786855,0.32602805,0.03446576,0.89236087,0.032089643,0.45010406,-0.008289555,0.9251634,0.014366086,-0.37915224,-0.010479495,0.91122603,0.017485486,0.4115227,0.003234502,0.85455054,0.011853543,0.51912755,0.010469746
0.9950611,-0.05282554,0.079548925,-0.027108997,0.991549,0.006073526,0.12844077,0.017228073,0.99513924,-0.005184464,-0.09524058,0.024501443,0.9847486,-0.14471914,-0.08650958,0.042926535,0.568574,-0.060458068,-0.80866396,0.13831538,0.568574,-0.060458068,-0.80866396,0.13831538,0.92378163,0.07951059,0.36876422,-0.06571551,0.84745306,-0.005228609,-0.5207522,-0.10302001,0.84745306,-0.005228609,-0.5207522,-0.10302001,0.98601925,0.04323889,0.15856925,0.027428344,0.9439724,0.03786855,0.32602805,0.03446576,0.89236087,0.032089643,0.45010406,-0.008289555,0.9251634,0.014366086,-0.37915224,-0.010479495,0.91122603,0.017485486,0.4115227,0.003234502,0.85455054,0.011853543,0.51912755,0.010469746
0.9949698,-0.050839,0.08611023,-0.0059602847,0.9921945,-0.0049257763,0.11959396,0.03497383,0.99549705,-0.005154674,-0.090229,0.028598843,0.9777592,-0.16613257,-0.08997963,0.091053195,0.54038125,-0.03264568,-0.8198156,0.18661451,0.54038125,-0.03264568,-0.8198156,0.18661451,0.91790473,0.059832882,0.39010528,-0.041096047,0.8546655,0.0018555,-0.5140798,-0.07256319,0.8546655,0.0018555,-0.5140798,-0.07256319,0.9653508,0.041010685,0.253207,0.047982,0.9445572,0.03744051,0.322223,0.050816894,0.79963803,0.026246397,0.59904426,-0.032188434,0.92359066,0.008719506,-0.38182822,-0.033337705,0.9663762,0.027113367,0.25481293,-0.021267291,0.92945135,0.01811982,0.36500418,-0.05063412
0.9949698,-0.050839,0.08611023,-0.0059602847,0.9921945,-0.0049257763,0.11959396,0.03497383,0.99549705,-0.005154674,-0.090229,0.028598843,0.9777592,-0.16613257,-0.08997963,0.091053195,0.54038125,-0.03264568,-0.8198156,0.18661451,0.54038125,-0.03264568,-0.8198156,0.18661451,0.91790473,0.059832882,0.39010528,-0.041096047,0.8546655,0.0018555,-0.5140798,-0.07256319,0.8546655,0.0018555,-0.5140798,-0.07256319,0.9653508,0.041010685,0.253207,0.047982,0.9445572,0.03744051,0.322223,0.050816894,0.79963803,0.026246397,0.59904426,-0.032188434,0.92359066,0.008719506,-0.38182822,-0.033337705,0.9663762,0.027113367,0.25481293,-0.021267291,0.92945135,0.01811982,0.36500418,-0.05063412
0.995233,-0.05343773,0.08155478,0.002137393,0.9921322,-0.010596825,0.11555377,0.04699832,0.9949242,-0.008977383,-0.09494306,0.032110836,0.97045046,-0.18361643,-0.08604352,0.13079523,0.523194,-0.008199252,-0.821855,0.22528906,0.523194,-0.008199252,-0.821855,0.22528906,0.91577464,0.046088174,0.39836907,-0.023125611,0.85166234,0.00749862,-0.52154803,-0.05101651,0.85166234,0.00749862,-0.52154803,-0.05101651,0.9557256,0.048787013,0.28306958,0.06387581,0.9209149,0.041845374,0.3813864,0.06862402,0.7587748,0.021385416,0.6508559,0.013784194,0.9329902,0.009285031,-0.3563059,-0.04989186,0.9941116,0.030502452,0.095743455,-0.040558726,0.97096765,0.027450059,0.21335807,-0.10462682
0.995233,-0.05343773,0.08155478,0.002137393,0.9921322,-0.010596825,0.11555377,0.04699832,0.9949242,-0.008977383,-0.09494306,0.032110836,0.97045046,-0.18361643,-0.08604352,0.13079523,0.523194,-0.008199252,-0.821855,0.22528906,0.523194,-0.008199252,-0.821855,0.22528906,0.91577464,0.046088174,0.39836907,-0.023125611,0.85166234,0.00749862,-0.52154803,-0.05101651,0.85166234,0.00749862,-0.52154803,-0.05101651,0.9557256,0.048787013,0.28306958,0.06387581,0.9209149,0.041845374,0.3813864,0.06862402,0.7587748,0.021385416,0.6508559,0.013784194,0.9329902,0.009285031,-0.3563059,-0.04989186,0.9941116,0.030502452,0.095743455,-0.040558726,0.97096765,0.027450059,0.21335807,-0.10462682
0.99560493,-0.071525484,0.060430735,0.0017772913,0.9916087,-0.0108802635,0.1191037,0.04907351,0.9938189,-0.018769477,-0.104332015,0.03296323,0.96702117,-0.19157137,-0.05821386,0.15742174,0.5390793,0.009324692,-0.80493003,0.24777862,0.5390793,0.009324692,-0.80493003,0.24777862,0.9227124,0.03432234,0.38371632,-0.013625457,0.83958817,0.008259561,-0.54196686,-0.03599244,0.83958817,0.008259561,-0.54196686,-0.03599244,0.9614776,0.062449373,0.25850347,0.069548085,0.8736451,0.044329412,0.4775012,0.082290724,0.6991377,0.011036047,0.71424425,0.030658508,0.948463,0.0135147525,-0.31109726,-0.058769964,0.9978203,0.029760733,-0.026798695,-0.052448604,0.9903028,0.0315282,0.101761065,-0.08916816
0.99560493,-0.071525484,0.060430735,0.0017772913,0.9916087,-0.0108802635,0.1191037,0.04907351,0.9938189,-0.018769477,-0.104332015,0.03296323,0.96702117,-0.19157137,-0.05821386,0.15742174,0.5390793,0.009324692,-0.80493003,0.24777862,0.5390793,0.009324692,-0.80493003,0.24777862,0.9227124,0.03432234,0.38371632,-0.013625457,0.83958817,0.008259561,-0.54196686,-0.03599244,0.83958817,0.008259561,-0.54196686,-0.03599244,0.9614776,0.062449373,0.25850347,0.069548085,0.8736451,0.044329412,0.4775012,0.082290724,0.6991377,0.011036047,0.71424425,0.030658508,0.948463,0.0135147525,-0.31109726,-0.058769964,0.9978203,0.029760733,-0.026798695,-0.052448604,0.9903028,0.0315282,0.101761065,-0.08916816
0.9963366,-0.07007547,0.048236877,0.008727372,0.9915622,-0.018624444,0.117414735,0.051685635,0.9928701,-0.016205877,-0.11388546,0.0312483,0.96730185,-0.19163486,-0.019682353,0.16497217,0.58306885,0.0110218,-0.7720693,0.25262275,0.58306885,0.0110218,-0.7720693,0.25262275,0.9355987,0.027929865,0.3515423,-0.017123703,0.81657344,0.0015325509,-0.57631123,-0.03272537,0.81657344,0.0015325509,-0.57631123,-0.03272537,0.9732448,0.061978124,0.2150358,0.052085668,0.81640476,0.037269462,0.5717771,0.07186927,0.59646076,-0.0022448432,0.8026355,0.0024207812,0.96287686,0.0060337824,-0.26721358,-0.037796702,0.9972094,0.013655818,-0.06409698,-0.035756346,0.9985922,0.011104066,0.038080554,-0.035216358
0.9963366,-0.07007547,0.048236877,0.008727372,0.9915622,-0.018624444,0.117414735,0.051685635,0.9928701,-0.016205877,-0.11388546,0.0312483,0.96730185,-0.19163486,-0.019682353,0.16497217,0.58306885,0.0110218,-0.7720693,0.25262275,0.58306885,0.0110218,-0.7720693,0.25262275,0.9355987,0.027929865,0.3515423,-0.017123703,0.81657344,0.0015325509,-0.57631123,-0.03272537,0.81657344,0.0015325509,-0.57631123,-0.03272537,0.9732448,0.061978124,0.2150358,0.052085668,0.81640476,0.037269462,0.5717771,0.07186927,0.59646076,-0.0022448432,0.8026355,0.0024207812,0.96287686,0.0060337824,-0.26721358,-0.037796702,0.9972094,0.013655818,-0.06409698,-0.035756346,0.9985922,0.011104066,0.038080554,-0.035216358
0.99758273,-0.05209323,0.03959481,0.023394017,0.9925082,-0.023042785,0.1110911,0.04533546,0.99313354,-0.015964746,-0.112509,0.027798058,0.9700559,-0.1845219,0.0262118,0.15574415,0.64183867,0.0012899339,-0.7278315,0.24145995,0.64183867,0.0012899339,-0.7278315,0.24145995,0.95202774,0.03203039,0.30305514,-0.027835919,0.77858126,-0.005505778,-0.6261074,-0.04207696,0.77858126,-0.005505778,-0.6261074,-0.04207696,0.98816496,0.05012364,0.14285326,0.024711056,0.7485652,0.02840536,0.66070205,0.048126407,0.5004023,-0.014274309,0.86511165,-0.031235918,0.97327477,-0.00800673,-0.22937852,0.0075903926,0.99885267,-0.009265325,-0.046601847,0.0059896195,0.9971995,-0.017144933,0.07219071,0.009372402
0.99758273,-0.05209323,0.03959481,0.023394017,0.9925082,-0.023042785,0.1110911,0.04533546,0.99313354,-0.015964746,-0.112509,0.027798058,0.9700559,-0.1845219,0.0262118,0.15574415,0.64183867,0.0012899339,-0.7278315,0.24145995,0.64183867,0.0012899339,-0.7278315,0.24145995,0.95202774,0.03203039,0.30305514,-0.027835919,0.77858126,-0.005505778,-0.6261074,-0.04207696,0.77858126,-0.005505778,-0.6261074,-0.04207696,0.98816496,0.05012364,0.14285326,0.024711056,0.7485652,0.02840536,0.66070205,0.048126407,0.5004023,-0.014274309,0.86511165,-0.031235918,0.97327477,-0.00800673,-0.22937852,0.0075903926,0.99885267,-0.009265325,-0.046601847,0.0059896195,0.9971995,-0.017144933,0.07219071,0.009372402
0.99907875,-0.036345527,0.020728946,0.009536713,0.993777,-0.024790121,0.10337656,0.03325826,0.9938551,-0.01838434,-0.106832236,0.022383125,0.9731037,-0.17559247,0.07475422,0.1290285,0.70755744,-0.021888092,-0.6722213,0.21679941,0.70755744,-0.021888092,-0.6722213,0.21679941,0.97076243,0.041228775,0.23122814,-0.04953991,0.7236985,-0.018998023,-0.6871001,-0.061588056,0.7236985,-0.018998023,-0.6871001,-0.061588056,0.99726605,0.01840271,0.07114712,-0.007734153,0.68656164,0.018787142,0.7267976,0.0067468667,0.43959644,-0.025383634,0.8945231,-0.07706665,0.9777446,-0.018687751,-0.20671044,0.030614156,0.99728465,-0.026243849,0.06431859,0.024448285,0.99592555,-0.038355153,0.056912553,-0.058500625
0.99907875,-0.036345527,0.020728946,0.009536713,0.993777,-0.024790121,0.10337656,0.03325826,0.9938551,-0.01838434,-0.106832236,0.022383125,0.9731037,-0.17559247,0.07475422,0.1290285,0.70755744,-0.021888092,-0.6722213,0.21679941,0.70755744,-0.021888092,-0.6722213,0.21679941,0.97076243,0.041228775,0.23122814,-0.04953991,0.7236985,-0.018998023,-0.6871001,-0.061588056,0.7236985,-0.018998023,-0.6871001,-0.061588056,0.99726605,0.01840271,0.07114712,-0.007734153,0.68656164,0.018787142,0.7267976,0.0067468667,0.43959644,-0.025383634,0.8945231,-0.07706665,0.9777446,-0.018687751,-0.20671044,0.030614156,0.99728465,-0.026243849,0.06431859,0.024448285,0.99592555,-0.038355153,0.056912553,-0.058500625
0.9991474,-0.0044775605,0.009621024,0.03989899,0.99296683,-0.025347099,0.11424281,0.017971633,0.9918661,-0.011443946,-0.12604828,0.013510405,0.97398335,-0.16177768,0.13314608,0.08635196,0.77479374,-0.050970122,-0.605034,0.17615539,0.77479374,-0.050970122,-0.605034,0.17615539,0.9863645,0.053266134,0.13517953,-0.077293694,0.6483672,-0.036067862,-0.7555187,-0.086664334,0.6483672,-0.036067862,-0.7555187,-0.086664334,0.99881816,-0.024693843,-0.0253566,-0.033312023,0.6505276,0.010229187,0.75834984,-0.04018508,0.40402356,-0.03496112,0.9041557,-0.13433217,0.9805964,-0.029236104,-0.1920954,0.025987528,0.9859994,-0.036465816,0.16209638,0.0141543485,0.9952543,-0.0539834,0.0734789,-0.033995684
0.9991474,-0.0044775605,0.009621024,0.03989899,0.99296683,-0.025347099,0.11424281,0.017971633,0.9918661,-0.011443946,-0.12604828,0.013510405,0.97398335,-0.16177768,0.13314608,0.08635196,0.77479374,-0.050970122,-0.605034,0.17615539,0.77479374,-0.050970122,-0.605034,0.17615539,0.9863645,0.053266134,0.13517953,-0.077293694,0.6483672,-0.036067862,-0.7555187,-0.086664334,0.6483672,-0.036067862,-0.7555187,-0.086664334,0.99881816,-0.024693843,-0.0253566,-0.033312023,0.6505276,0.010229187,0.75834984,-0.04018508,0.40402356,-0.03496112,0.9041557,-0.13433217,0.9805964,-0.029236104,-0.1920954,0.025987528,0.9859994,-0.036465816,0.16209638,0.0141543485,0.9952543,-0.0539834,0.0734789,-0.033995684
0.99954593,0.027873531,0.008002564,0.008185759,0.99190927,-0.025509551,0.1243032,0.0037542884,0.98981094,-0.008396327,-0.14208895,0.0038167238,0.9683691,-0.15007728,0.19544287,0.03924632,0.83436584,-0.08119598,-0.52893317,0.1321767,0.83436584,-0.08119598,-0.52893317,0.1321767,0.9916773,0.072506525,0.036861748,-0.09980107,0.5684949,-0.044568174,-0.8133856,-0.11502664,0.5684949,-0.044568174,-0.8133856,-0.11502664,0.9862881,-0.049171798,-0.15180548,-0.04210834,0.6729286,0.0078021307,0.7368693,-0.06426589,0.43869516,-0.015972937,0.88746935,-0.14031965,0.9910857,-0.040705677,-0.12674326,-0.0053220713,0.97127634,-0.03614423,0.23438662,-0.01946462,0.99351746,-0.051100545,0.097170554,-0.029493215
0.99954593,0.027873531,0.008002564,0.008185759,0.99190927,-0.025509551,0.1243032,0.0037542884,0.98981094,-0.008396327,-0.14208895,0.0038167238,0.9683691,-0.15007728,0.19544287,0.03924632,0.83436584,-0.08119598,-0.52893317,0.1321767,0.83436584,-0.08119598,-0.52893317,0.1321767,0.9916773,0.072506525,0.036861748,-0.09980107,0.5684949,-0.044568174,-0.8133856,-0.11502664,0.5684949,-0.044568174,-0.8133856,-0.11502664,0.9862881,-0.049171798,-0.15180548,-0.04210834,0.6729286,0.0078021307,0.7368693,-0.06426589,0.43869516,-0.015972937,0.88746935,-0.14031965,0.9910857,-0.040705677,-0.12674326,-0.0053220713,0.97127634,-0.03614423,0.23438662,-0.01946462,0.99351746,-0.051100545,0.097170554,-0.029493215
0.99962354,0.019230112,0.016305014,0.010829419,0.9916182,-0.02339243,0.124101765,-0.027293028,0.99061203,-0.0154329315,-0.13582502,-0.001157492,0.9602341,-0.1409138,0.2410264,-0.00029971913,0.8743335,-0.10481083,-0.46441817,0.09418854,0.8743335,-0.10481083,-0.46441817,0.09418854,0.987448,0.08709812,-0.04087324,-0.1252588,0.49498832,-0.05902462,-0.8554009,-0.14068386,0.49498832,-0.05902462,-0.8554009,-0.14068386,0.96400756,-0.038676422,-0.26011333,-0.0391745,0.7427923,0.011821512,0.6672549,-0.05376578,0.5485444,-0.012290745,0.82482535,-0.13642272,0.9973844,-0.0432022,-0.054025628,-0.020954221,0.9572492,-0.03361356,0.28525162,-0.034287583,0.98618734,-0.04940156,0.15247604,-0.04177436
0.99962354,0.019230112,0.016305014,0.010829419,0.9916182,-0.02339243,0.124101765,-0.027293028,0.99061203,-0.0154329315,-0.13582502,-0.001157492,0.9602341,-0.1409138,0.2410264,-0.00029971913,0.8743335,-0.10481083,-0.46441817,0.09418854,0.8743335,-0.10481083,-0.46441817,0.09418854,0.987448,0.08709812,-0.04087324,-0.1252588,0.49498832,-0.05902462,-0.8554009,-0.14068386,0.49498832,-0.05902462,-0.8554009,-0.14068386,0.96400756,-0.038676422,-0.26011333,-0.0391745,0.7427923,0.011821512,0.6672549,-0.05376578,0.5485444,-0.012290745,0.82482535,-0.13642272,0.9973844,-0.0432022,-0.054025628,-0.020954221,0.9572492,-0.03361356,0.28525162,-0.034287583,0.98618734,-0.04940156,0.15247604,-0.04177436
0.9994328,0.022946564,0.020900218,0.013070179,0.99109286,-0.017318906,0.112267636,-0.06950506,0.9914019,-0.022224398,-0.1281988,-0.013908327,0.95185226,-0.13501817,0.27337104,-0.031869635,0.8987094,-0.12296066,-0.4160239,0.06423595,0.8987094,-0.12296066,-0.4160239,0.06423595,0.98077583,0.09472792,-0.08247515,-0.14934304,0.4351654,-0.079093896,-0.8828105,-0.1581799,0.4351654,-0.079093896,-0.8828105,-0.1581799,0.9431067,-0.020375073,-0.331154,-0.021718752,0.8277664,0.005308657,0.560282,-0.029303003,0.6816445,-0.018731087,0.72065717,-0.12515302,0.99813753,-0.04189405,0.037699614,-0.023348829,0.9477146,-0.033686943,0.31549454,-0.03413897,0.96699,-0.049308978,0.24449895,-0.05214799
0.9994328,0.022946564,0.020900218,0.013070179,0.99109286,-0.017318906,0.112267636,-0.06950506,0.9914019,-0.022224398,-0.1281988,-0.013908327,0.95185226,-0.13501817,0.27337104,-0.031869635,0.8987094,-0.12296066,-0.4160239,0.06423595,0.8987094,-0.12296066,-0.4160239,0.06423595,0.98077583,0.09472792,-0.08247515,-0.14934304,0.4351654,-0.079093896,-0.8828105,-0.1581799,0.4351654,-0.079093896,-0.8828105,-0.1581799,0.9431067,-0.020375073,-0.331154,-0.021718752,0.8277664,0.005308657,0.560282,-0.029303003,0.6816445,-0.018731087,0.72065717,-0.12515302,0.99813753,-0.04189405,0.037699614,-0.023348829,0.9477146,-0.033686943,0.31549454,-0.03413897,0.96699,-0.049308978,0.24449895,-0.05214799
0.9994564,0.017218024,0.0229716,0.016211405,0.9900156,-0.009390028,0.09611406,-0.10267955,0.9917618,-0.02849701,-0.12206074,-0.026415672,0.94281393,-0.12781116,0.30215672,-0.058886964,0.9180213,-0.13591486,-0.37072024,0.036476217,0.9180213,-0.13591486,-0.37072024,0.036476217,0.96992546,0.10470138,-0.1032093,-0.19398464,0.37725717,-0.119460195,-0.8994913,-0.18526113,0.37725717,-0.119460195,-0.8994913,-0.18526113,0.93272316,-0.0012545398,-0.36058486,-0.0021442063,0.90121305,0.0007050097,0.43336934,-0.0023821108,0.80650204,-0.025929017,0.5766394,-0.12794188,0.9914932,-0.033015307,0.122842155,-0.027585307,0.94426066,-0.026555864,0.32637537,-0.03384887,0.9190837,-0.043394204,0.3834022,-0.08003027
0.9994564,0.017218024,0.0229716,0.016211405,0.9900156,-0.009390028,0.09611406,-0.10267955,0.9917618,-0.02849701,-0.12206074,-0.026415672,0.94281393,-0.12781116,0.30215672,-0.058886964,0.9180213,-0.13591486,-0.37072024,0.036476217,0.9180213,-0.13591486,-0.37072024,0.036476217,0.96992546,0.10470138,-0.1032093,-0.19398464,0.37725717,-0.119460195,-0.8994913,-0.18526113,0.37725717,-0.119460195,-0.8994913,-0.18526113,0.93272316,-0.0012545398,-0.36058486,-0.0021442063,0.90121305,0.0007050097,0.43336934,-0.0023821108,0.80650204,-0.025929017,0.5766394,-0.12794188,0.9914932,-0.033015307,0.122842155,-0.027585307,0.94426066,-0.026555864,0.32637537,-0.03384887,0.9190837,-0.043394204,0.3834022,-0.08003027
0.99975586,0.0048173666,0.0200589,0.007924795,0.9901448,-0.002189621,0.06140875,-0.12584706,0.9923446,-0.02779511,-0.112943076,-0.041514438,0.9335731,-0.11937295,0.32770535,-0.08246532,0.9338009,-0.144733,-0.32705593,0.010138706,0.9338009,-0.144733,-0.32705593,0.010138706,0.9583419,0.116254695,-0.113155894,-0.23507756,0.3383925,-0.15571356,-0.9037223,-0.2110211,0.3383925,-0.15571356,-0.9037223,-0.2110211,0.9324669,0.006859607,-0.3605063,0.022217656,0.9574151,-0.00822259,0.28777713,0.021750113,0.90423834,-0.02364092,0.41407686,-0.10165889,0.9701847,-0.026127383,0.23504137,-0.053053055,0.9544758,-0.022923494,0.29236746,-0.054514036,0.840268,-0.013273218,0.5401129,-0.045293096
0.99975586,0.0048173666,0.0200589,0.007924795,0.9901448,-0.002189621,0.06140875,-0.12584706,0.9923446,-0.02779511,-0.112943076,-0.041514438,0.9335731,-0.11937295,0.32770535,-0.08246532,0.9338009,-0.144733,-0.32705593,0.010138706,0.9338009,-0.144733,-0.32705593,0.010138706,0.9583419,0.116254695,-0.113155894,-0.23507756,0.3383925,-0.15571356,-0.9037223,-0.2110211,0.3383925,-0.15571356,-0.9037223,-0.2110211,0.9324669,0.006859607,-0.3605063,0.022217656,0.9574151,-0.00822259,0.28777713,0.021750113,0.90423834,-0.02364092,0.41407686,-0.10165889,0.9701847,-0.026127383,0.23504137,-0.053053055,0.9544758,-0.022923494,0.29236746,-0.054514036,0.840268,-0.013273218,0.5401129,-0.045293096
0.9995261,0.008526742,0.02739316,-0.011161864,0.9880476,0.0043597813,0.07109992,-0.1367029,0.99210346,-0.023921102,-0.11156286,-0.052079,0.92587394,-0.11121334,0.34536305,-0.105420865,0.94287413,-0.15250857,-0.29581472,-0.0149364155,0.9428742,-0.15250859,-0.29581475,-0.014936416,0.9463098,0.12720023,-0.12346608,-0.27032217,0.31414816,-0.18453914,-0.90114206,-0.23494527,0.31414816,-0.18453914,-0.90114206,-0.23494527,0.9386496,-0.00032579756,-0.3426831,0.038795527,0.9902275,-0.018358216,0.1339561,0.034178577,0.9694779,-0.014380008,0.24292992,-0.02984726,0.94991004,-0.026419455,0.3023087,-0.07471505,0.94991004,-0.026419455,0.3023087,-0.07471505,0.7870193,-0.0081908945,0.6138938,-0.060564246
0.9995261,0.008526742,0.02739316,-0.011161864,0.9880476,0.0043597813,0.07109992,-0.1367029,0.99210346,-0.023921102,-0.11156286,-0.052079,0.92587394,-0.11121334,0.34536305,-0.105420865,0.94287413,-0.15250857,-0.29581472,-0.0149364155,0.9428742,-0.15250859,-0.29581475,-0.014936416,0.9463098,0.12720023,-0.12346608,-0.27032217,0.31414816,-0.18453914,-0.90114206,-0.23494527,0.31414816,-0.18453914,-0.90114206,-0.23494527,0.9386496,-0.00032579756,-0.3426831,0.038795527,0.9902275,-0.018358216,0.1339561,0.034178577,0.9694779,-0.014380008,0.24292992,-0.02984726,0.94991004,-0.026419455,0.3023087,-0.07471505,0.94991004,-0.026419455,0.3023087,-0.07471505,0.7870193,-0.0081908945,0.6138938,-0.060564246
0.9991908,0.010957658,0.030620992,-0.023664728,0.9878936,0.0066629034,0.069999225,-0.13828255,0.99079925,-0.016673893,-0.122539185,-0.05498152,0.92093843,-0.104392946,0.35354087,-0.12642603,0.94566464,-0.15980823,-0.28077912,-0.036643643,0.9456647,-0.15980825,-0.28077915,-0.036643647,0.938718,0.13233213,-0.1072429,-0.29965916,0.32088163,-0.20969526,-0.8886662,-0.2516651,0.32088163,-0.20969526,-0.8886662,-0.2516651,0.9498553,-0.0076206843,-0.30382326,0.07354124,0.997172,-0.028745024,-0.013481766,0.06811837,0.994988,-0.021925947,0.09331039,0.028482882,0.94327843,-0.039363563,0.31647226,-0.0923132,0.92694455,-0.0348726,0.36152825,-0.09410164,0.7653429,-0.008109324,0.63931763,-0.073875844
0.9991908,0.010957658,0.030620992,-0.023664728,0.9878936,0.0066629034,0.069999225,-0.13828255,0.99079925,-0.016673893,-0.122539185,-0.05498152,0.92093843,-0.104392946,0.35354087,-0.12642603,0.94566464,-0.15980823,-0.28077912,-0.036643643,0.9456647,-0.15980825,-0.28077915,-0.036643647,0.938718,0.13233213,-0.1072429,-0.29965916,0.32088163,-0.20969526,-0.8886662,-0.2516651,0.32088163,-0.20969526,-0.8886662,-0.2516651,0.9498553,-0.0076206843,-0.30382326,0.07354124,0.997172,-0.028745024,-0.013481766,0.06811837,0.994988,-0.021925947,0.09331039,0.028482882,0.94327843,-0.039363563,0.31647226,-0.0923132,0.92694455,-0.0348726,0.36152825,-0.09410164,0.7653429,-0.008109324,0.63931763,-0.073875844
0.9988396,0.023360834,0.027767196,-0.031666994,0.98748636,0.009212448,0.07574873,-0.13801442,0.9887576,-0.018055443,-0.13966914,-0.05024915,0.92192334,-0.10164358,0.3476836,-0.13726649,0.9466405,-0.16358694,-0.27331,-0.049120475,0.9466405,-0.16358694,-0.27331,-0.049120475,0.9383999,0.13005398,-0.07500793,-0.311232,0.3622179,-0.21737026,-0.8689182,-0.2579333,0.3622179,-0.21737026,-0.8689182,-0.2579333,0.95937914,-0.010765219,-0.27395725,0.06650811,0.993644,-0.022983072,-0.090179875,0.06333243,0.99988854,-0.009501171,0.01057828,0.004552732,0.95961624,-0.057856705,0.25774693,-0.09672519,0.86999196,-0.03301491,0.48001128,-0.10776445,0.6989713,0.0032085571,0.71162015,-0.07089228
0.9988396,0.023360834,0.027767196,-0.031666994,0.98748636,0.009212448,0.07574873,-0.13801442,0.9887576,-0.018055443,-0.13966914,-0.05024915,0.92192334,-0.10164358,0.3476836,-0.13726649,0.9466405,-0.16358694,-0.27331,-0.049120475,0.9466405,-0.16358694,-0.27331,-0.049120475,0.9383999,0.13005398,-0.07500793,-0.311232,0.3622179,-0.21737026,-0.8689182,-0.2579333,0.3622179,-0.21737026,-0.8689182,-0.2579333,0.95937914,-0.010765219,-0.27395725,0.06650811,0.993644,-0.022983072,-0.090179875,0.06333243,0.99988854,-0.009501171,0.01057828,0.004552732,0.95961624,-0.057856705,0.25774693,-0.09672519,0.86999196,-0.03301491,0.48001128,-0.10776445,0.6989713,0.0032085571,0.71162015,-0.07089228
0.9987828,0.020319713,0.016828416,-0.04167467,0.9882337,0.011867209,0.07571932,-0.13236307,0.9880579,-0.018978598,-0.14750463,-0.040296122,0.9284707,-0.105496466,0.32867768,-0.13705409,0.94408464,-0.16595131,-0.28069708,-0.048718408,0.94408464,-0.16595131,-0.28069708,-0.048718408,0.9460067,0.12272547,-0.02958087,-0.2985547,0.4340246,-0.20124456,-0.8410863,-0.25238276,0.4340246,-0.20124456,-0.8410863,-0.25238276,0.9720945,0.0036901524,-0.23327985,0.024481395,0.9953477,0.00018222815,-0.09311282,0.024757273,0.9945688,0.030118527,0.001479134,-0.09961695,0.9778376,-0.05403064,0.19169718,-0.06454824,0.8023534,-0.021294756,0.59088355,-0.081439056,0.59082675,0.0055547724,0.8046364,-0.058763348
0.9987828,0.020319713,0.016828416,-0.04167467,0.9882337,0.011867209,0.07571932,-0.13236307,0.9880579,-0.018978598,-0.14750463,-0.040296122,0.9284707,-0.105496466,0.32867768,-0.13705409,0.94408464,-0.16595131,-0.28069708,-0.048718408,0.94408464,-0.16595131,-0.28069708,-0.048718408,0.9460067,0.12272547,-0.02958087,-0.2985547,0.4340246,-0.20124456,-0.8410863,-0.25238276,0.4340246,-0.20124456,-0.8410863,-0.25238276,0.9720945,0.0036901524,-0.23327985,0.024481395,0.9953477,0.00018222815,-0.09311282,0.024757273,0.9945688,0.030118527,0.001479134,-0.09961695,0.9778376,-0.05403064,0.19169718,-0.06454824,0.8023534,-0.021294756,0.59088355,-0.081439056,0.59082675,0.0055547724,0.8046364,-0.058763348
0.9984365,-0.008061364,-0.0024362206,-0.05526012,0.98885965,0.015558077,0.07978578,-0.12469465,0.98936856,-0.012844324,-0.1390203,-0.040722627,0.93942285,-0.11849971,0.29741552,-0.122419395,0.931519,-0.1681225,-0.32131577,-0.027631775,0.931519,-0.1681225,-0.32131577,-0.027631775,0.95556027,0.11449154,0.015442488,-0.2712154,0.5187212,-0.16955584,-0.8026595,-0.2406594,0.5187212,-0.16955584,-0.8026595,-0.2406594,0.98054546,0.015482357,-0.19466503,-0.019912476,0.9987613,0.01833726,-0.042893097,-0.017319212,0.99647075,0.030594898,0.07413051,-0.024795922,0.99225456,-0.025577372,0.11933648,-0.023142874,0.725183,-0.0067225676,0.68769175,-0.03383196,0.47466153,0.019013874,0.87991756,0.008952396
0.9984365,-0.008061364,-0.0024362206,-0.05526012,0.98885965,0.015558077,0.07978578,-0.12469465,0.98936856,-0.012844324,-0.1390203,-0.040722627,0.93942285,-0.11849971,0.29741552,-0.122419395,0.931519,-0.1681225,-0.32131577,-0.027631775,0.931519,-0.1681225,-0.32131577,-0.027631775,0.95556027,0.11449154,0.015442488,-0.2712154,0.5187212,-0.16955584,-0.8026595,-0.2406594,0.5187212,-0.16955584,-0.8026595,-0.2406594,0.98054546,0.015482357,-0.19466503,-0.019912476,0.9987613,0.01833726,-0.042893097,-0.017319212,0.99647075,0.030594898,0.07413051,-0.024795922,0.99225456,-0.025577372,0.11933648,-0.023142874,0.725183,-0.0067225676,0.68769175,-0.03383196,0.47466153,0.019013874,0.87991756,0.008952396
0.99792266,-0.014217228,-0.014520496,-0.06113507,0.9907449,0.016471714,0.07670343,-0.11076917,0.9910003,-0.011676459,-0.13041176,-0.027836943,0.9531166,-0.13560641,0.249739,-0.10397162,0.9045421,-0.17086947,-0.39064613,0.0016788915,0.9045421,-0.17086947,-0.39064613,0.0016788915,0.9626055,0.10887412,0.06411479,-0.23963845,0.60277826,-0.13441525,-0.75324506,-0.2263022,0.6027783,-0.13441527,-0.7532451,-0.22630222,0.97696817,0.025200114,-0.21003547,-0.0279878,0.9952624,0.03237606,0.089635655,-0.019239374,0.99727523,0.04187778,0.059620056,-0.011570718,0.999466,0.015727533,0.024318041,0.015132131,0.66342217,-0.00035324786,0.7479269,0.021822281,0.39091676,0.008900344,0.9183533,0.06109073
0.99792266,-0.014217228,-0.014520496,-0.06113507,0.9907449,0.016471714,0.07670343,-0.11076917,0.9910003,-0.011676459,-0.13041176,-0.027836943,0.9531166,-0.13560641,0.249739,-0.10397162,0.9045421,-0.17086947,-0.39064613,0.0016788915,0.9045421,-0.17086947,-0.39064613,0.0016788915,0.9626055,0.10887412,0.06411479,-0.23963845,0.60277826,-0.13441525,-0.75324506,-0.2263022,0.6027783,-0.13441527,-0.7532451,-0.22630222,0.97696817,0.025200114,-0.21003547,-0.0279878,0.9952624,0.03237606,0.089635655,-0.019239374,0.99727523,0.04187778,0.059620056,-0.011570718,0.999466,0.015727533,0.024318041,0.015132131,0.66342217,-0.00035324786,0.7479269,0.021822281,0.39091676,0.008900344,0.9183533,0.06109073
0.9952454,-0.07481125,-0.00896363,-0.061722964,0.99107057,0.023144217,0.08731683,-0.09807822,0.9893737,-0.0129970955,-0.14400361,-0.015287596,0.9674615,-0.15016511,0.1853023,-0.08445037,0.86767596,-0.16979685,-0.46632278,0.0291625,0.867676,-0.16979687,-0.4663228,0.029162502,0.9663927,0.09940523,0.12202481,-0.20325781,0.6798796,-0.102263495,-0.6975447,-0.20183487,0.6798796,-0.102263495,-0.6975447,-0.20183487,0.9802548,0.03847672,-0.19273631,-0.021746248,0.9821533,0.043787204,0.18281546,-0.006003159,0.99419576,0.038643997,0.08393564,-0.055103444,0.99184245,0.07963688,-0.09075001,0.04087927,0.6313517,0.010813153,0.7703128,0.08886068,0.32236227,-0.0422935,0.94357896,0.06286923
0.9952454,-0.07481125,-0.00896363,-0.061722964,0.99107057,0.023144217,0.08731683,-0.09807822,0.9893737,-0.0129970955,-0.14400361,-0.015287596,0.9674615,-0.15016511,0.1853023,-0.08445037,0.86767596,-0.16979685,-0.46632278,0.0291625,0.867676,-0.16979687,-0.4663228,0.029162502,0.9663927,0.09940523,0.12202481,-0.20325781,0.6798796,-0.102263495,-0.6975447,-0.20183487,0.6798796,-0.102263495,-0.6975447,-0.20183487,0.9802548,0.03847672,-0.19273631,-0.021746248,0.9821533,0.043787204,0.18281546,-0.006003159,0.99419576,0.038643997,0.08393564,-0.055103444,0.99184245,0.07963688,-0.09075001,0.04087927,0.6313517,0.010813153,0.7703128,0.08886068,0.32236227,-0.0422935,0.94357896,0.06286923
0.9965515,-0.0757477,-0.006929904,-0.033158302,0.991655,0.021443458,0.099901766,-0.07861396,0.9880057,-0.008909078,-0.15375966,-0.011110341,0.9779145,-0.16234103,0.115986295,-0.06225607,0.82723683,-0.16474949,-0.53427416,0.05557007,0.82723683,-0.16474949,-0.53427416,0.05557007,0.96468145,0.09382755,0.17848034,-0.1695021,0.7341953,-0.07590386,-0.6507095,-0.17825031,0.7341953,-0.07590386,-0.6507095,-0.17825031,0.9899044,0.036046278,-0.13592191,-0.017751412,0.96694994,0.0400916,0.2517805,-0.0026665723,0.9908158,0.03019896,0.11920388,-0.05623643,0.9716443,0.08974799,-0.21245606,0.05210726,0.6650116,-0.0009281263,0.73958755,0.103773825,0.3764525,-0.06332005,0.92234415,0.059627894
0.9965515,-0.0757477,-0.006929904,-0.033158302,0.991655,0.021443458,0.099901766,-0.07861396,0.9880057,-0.008909078,-0.15375966,-0.011110341,0.9779145,-0.16234103,0.115986295,-0.06225607,0.82723683,-0.16474949,-0.53427416,0.05557007,0.82723683,-0.16474949,-0.53427416,0.05557007,0.96468145,0.09382755,0.17848034,-0.1695021,0.7341953,-0.07590386,-0.6507095,-0.17825031,0.7341953,-0.07590386,-0.6507095,-0.17825031,0.9899044,0.036046278,-0.13592191,-0.017751412,0.96694994,0.0400916,0.2517805,-0.0026665723,0.9908158,0.03019896,0.11920388,-0.05623643,0.9716443,0.08974799,-0.21245606,0.05210726,0.6650116,-0.0009281263,0.73958755,0.103773825,0.3764525,-0.06332005,0.92234415,0.059627894
0.9970341,-0.06793617,0.006182298,-0.03563109,0.9924286,0.018627627,0.113710634,-0.042526573,0.9888457,-0.004233542,-0.14861625,-0.008920224,0.98251164,-0.1662679,0.06780714,-0.049274795,0.77950686,-0.15702124,-0.60191035,0.07360269,0.77950686,-0.15702124,-0.60191035,0.07360269,0.9606892,0.091153465,0.2190804,-0.14412197,0.76134855,-0.058156826,-0.6255145,-0.16030559,0.76134855,-0.058156826,-0.6255145,-0.16030559,0.99648607,0.037105087,-0.073252335,-0.016518159,0.9532628,0.040581375,0.2994001,-0.0016700681,0.98148996,0.026961435,0.18040903,-0.05833704,0.9410806,0.07592837,-0.3248183,0.055636887,0.7403809,-0.011844205,0.6655641,0.093382515,0.49581674,-0.05016007,0.8634212,0.07844504
0.9970341,-0.06793617,0.006182298,-0.03563109,0.9924286,0.018627627,0.113710634,-0.042526573,0.9888457,-0.004233542,-0.14861625,-0.008920224,0.98251164,-0.1662679,0.06780714,-0.049274795,0.77950686,-0.15702124,-0.60191035,0.07360269,0.77950686,-0.15702124,-0.60191035,0.07360269,0.9606892,0.091153465,0.2190804,-0.14412197,0.76134855,-0.058156826,-0.6255145,-0.16030559,0.76134855,-0.058156826,-0.6255145,-0.16030559,0.99648607,0.037105087,-0.073252335,-0.016518159,0.9532628,0.040581375,0.2994001,-0.0016700681,0.98148996,0.026961435,0.18040903,-0.05833704,0.9410806,0.07592837,-0.3248183,0.055636887,0.7403809,-0.011844205,0.6655641,0.093382515,0.49581674,-0.05016007,0.8634212,0.07844504
